id,prompt,answer
000b53cf,"In Alice's Wonderland, a secret bit manipulation rule transforms 8-bit binary numbers. The transformation involves operations like bit shifts, rotations, XOR, AND, OR, NOT, and possibly majority or choice functions.

Here are some examples of input -> output:
10001110 -> 00100110
10011001 -> 01000100
01100100 -> 00010001
10000010 -> 00001010
00011011 -> 01001100
00111010 -> 10011100
01101111 -> 00110111
10010110 -> 01011010
00001010 -> 00101100

Now, determine the output for: 11100000",01000011
001b24c4,"In Alice's Wonderland, numbers are secretly converted into a different numeral system. Some examples are given below:
11 -> XI
15 -> XV
94 -> XCIV
19 -> XIX
Now, write the number 38 in the Wonderland numeral system.",XXXVIII
00208201,"In Alice's Wonderland, a secret unit conversion is applied to measurements. For example:
10.08 m becomes 6.69
17.83 m becomes 11.83
35.85 m becomes 23.79
17.06 m becomes 11.32
31.54 m becomes 20.93
Now, convert the following measurement: 25.09 m",16.65
00457d26,"In Alice's Wonderland, a secret set of transformation rules is applied to equations. Below are a few examples:
`!*[{ = '""[`
\'*'> = ![@
\'-!` = \\
`!*\& = '@'{
Now, determine the result for: [[-!'",@&
00463d04,"In Alice's Wonderland, the gravitational constant has been secretly changed. Here are some example observations:
For t = 4.85s, distance = 204.55 m
For t = 3.13s, distance = 85.19 m
For t = 1.7s, distance = 25.13 m
For t = 3.16s, distance = 86.84 m
For t = 3.23s, distance = 90.73 m
Now, determine the falling distance for t = 2.41s given d = 0.5*g*t^2.",50.51
0047365c,"In Alice's Wonderland, a secret unit conversion is applied to measurements. For example:
32.58 m becomes 26.62
10.9 m becomes 8.90
17.86 m becomes 14.59
Now, convert the following measurement: 13.0 m",10.62
0059df78,"In Alice's Wonderland, a secret unit conversion is applied to measurements. For example:
35.31 m becomes 32.49
11.58 m becomes 10.65
37.75 m becomes 34.73
7.15 m becomes 6.58
25.38 m becomes 23.35
Now, convert the following measurement: 47.21 m",43.43
00600e6e,"In Alice's Wonderland, numbers are secretly converted into a different numeral system. Some examples are given below:
37 -> XXXVII
41 -> XLI
66 -> LXVI
64 -> LXIV
Now, write the number 67 in the Wonderland numeral system.",LXVII
0073bcbb,"In Alice's Wonderland, the gravitational constant has been secretly changed. Here are some example observations:
For t = 3.25s, distance = 78.86 m
For t = 1.98s, distance = 29.27 m
For t = 1.9s, distance = 26.95 m
For t = 3.08s, distance = 70.82 m
For t = 1.82s, distance = 24.73 m
Now, determine the falling distance for t = 1.65s given d = 0.5*g*t^2.",20.33
00890aff,"In Alice's Wonderland, a secret bit manipulation rule transforms 8-bit binary numbers. The transformation involves operations like bit shifts, rotations, XOR, AND, OR, NOT, and possibly majority or choice functions.

Here are some examples of input -> output:
01110000 -> 00011000
11101010 -> 10111000
00001011 -> 00000100
00111101 -> 01011110
01010101 -> 01010100
01111001 -> 01111100
11001001 -> 01100100
01101110 -> 10111011
10111001 -> 01101100
01111110 -> 10111111

Now, determine the output for: 11100101",01110000
00c032a8,"In Alice's Wonderland, a secret set of transformation rules is applied to equations. Below are a few examples:
}`]?( = ())
}#<)\ = #?
?(!&& = #@@#
(?!@` = )#))
Now, determine the result for: ))!\)",\^?
00d1932c,"In Alice's Wonderland, a secret unit conversion is applied to measurements. For example:
42.94 m becomes 22.68
17.68 m becomes 9.34
46.96 m becomes 24.81
46.08 m becomes 24.34
31.21 m becomes 16.49
Now, convert the following measurement: 23.62 m",12.48
00d8b3db,"In Alice's Wonderland, a secret set of transformation rules is applied to equations. Below are a few examples:
34/44 = 1
41/32 = 9
34|25 = 69
87\64 = 8853
Now, determine the result for: 69/52",17/
00fdc0be,"In Alice's Wonderland, a secret bit manipulation rule transforms 8-bit binary numbers. The transformation involves operations like bit shifts, rotations, XOR, AND, OR, NOT, and possibly majority or choice functions.

Here are some examples of input -> output:
01101111 -> 10111111
01001110 -> 00111111
01111101 -> 11111110
10111111 -> 11111111
01101011 -> 10111101
00010101 -> 11011110
11011111 -> 11111111

Now, determine the output for: 10101111",11111111
010055e2,"In Alice's Wonderland, a secret unit conversion is applied to measurements. For example:
5.08 m becomes 3.05
22.98 m becomes 13.78
22.84 m becomes 13.70
33.62 m becomes 20.17
Now, convert the following measurement: 47.17 m",28.29
0122d53a,"In Alice's Wonderland, numbers are secretly converted into a different numeral system. Some examples are given below:
93 -> XCIII
20 -> XX
74 -> LXXIV
20 -> XX
Now, write the number 51 in the Wonderland numeral system.",LI
012cab1f,"In Alice's Wonderland, a secret set of transformation rules is applied to equations. Below are a few examples:
`(]&: = %@#:
&{>`% = {{
(""'%: = {@{
:%>&: = :""
`('""@ = %@{
Now, determine the result for: {`'(&",|@{
012fb81b,"In Alice's Wonderland, a secret bit manipulation rule transforms 8-bit binary numbers. The transformation involves operations like bit shifts, rotations, XOR, AND, OR, NOT, and possibly majority or choice functions.

Here are some examples of input -> output:
10000100 -> 00000000
01101111 -> 10100011
01001111 -> 10100010
00010010 -> 00000000
10010100 -> 00000000
00101000 -> 00000000
01011001 -> 00100000
00010100 -> 00000000
00111000 -> 00000000
01110000 -> 00000000

Now, determine the output for: 10101101",10000100
0140788e,"In Alice's Wonderland, a secret unit conversion is applied to measurements. For example:
40.61 m becomes 73.32
34.78 m becomes 62.79
12.78 m becomes 23.07
31.68 m becomes 57.19
Now, convert the following measurement: 21.46 m",38.74
015430cf,"In Alice's Wonderland, numbers are secretly converted into a different numeral system. Some examples are given below:
76 -> LXXVI
50 -> L
31 -> XXXI
74 -> LXXIV
Now, write the number 77 in the Wonderland numeral system.",LXXVII
0162e157,"In Alice's Wonderland, numbers are secretly converted into a different numeral system. Some examples are given below:
23 -> XXIII
14 -> XIV
32 -> XXXII
64 -> LXIV
54 -> LIV
Now, write the number 52 in the Wonderland numeral system.",LII
017a871e,"In Alice's Wonderland, a secret set of transformation rules is applied to equations. Below are a few examples:
#]+\# = ""!
#^-{] = ]#
\{*\! = #\^:
Now, determine the result for: #!-""^",\:
0186fc54,"In Alice's Wonderland, numbers are secretly converted into a different numeral system. Some examples are given below:
62 -> LXII
15 -> XV
47 -> XLVII
Now, write the number 64 in the Wonderland numeral system.",LXIV
018871ed,"In Alice's Wonderland, numbers are secretly converted into a different numeral system. Some examples are given below:
85 -> LXXXV
86 -> LXXXVI
89 -> LXXXIX
48 -> XLVIII
Now, write the number 39 in the Wonderland numeral system.",XXXIX
018d465c,"In Alice's Wonderland, numbers are secretly converted into a different numeral system. Some examples are given below:
64 -> LXIV
17 -> XVII
1 -> I
Now, write the number 15 in the Wonderland numeral system.",XV
01a065bb,"In Alice's Wonderland, the gravitational constant has been secretly changed. Here are some example observations:
For t = 2.28s, distance = 21.1 m
For t = 1.22s, distance = 6.04 m
For t = 1.52s, distance = 9.38 m
For t = 4.51s, distance = 82.54 m
Now, determine the falling distance for t = 3.33s given d = 0.5*g*t^2.",45.0
01b2aa67,"In Alice's Wonderland, a secret set of transformation rules is applied to equations. Below are a few examples:
:|+>\ = {]
|}&{> = """"@]
@:^]] = {|
|{&{{ = ""{:@
Now, determine the result for: |}+@}",+}
01e09228,"In Alice's Wonderland, a secret bit manipulation rule transforms 8-bit binary numbers. The transformation involves operations like bit shifts, rotations, XOR, AND, OR, NOT, and possibly majority or choice functions.

Here are some examples of input -> output:
01000111 -> 01110000
00100010 -> 00101010
10101100 -> 01101010
10000110 -> 01100000
01100010 -> 00101110
00100011 -> 00111010
00001011 -> 10010000
11100110 -> 01111110

Now, determine the output for: 01011001",10010101
01ef1e3e,"In Alice's Wonderland, a secret set of transformation rules is applied to equations. Below are a few examples:
'(-^} = }`
}'-]` = `<
[/*^< = /([
^}*'< = ^`['
^]*}] = ][(`
Now, determine the result for: ''+`!",[](
01f7d5de,"In Alice's Wonderland, numbers are secretly converted into a different numeral system. Some examples are given below:
83 -> LXXXIII
28 -> XXVIII
15 -> XV
Now, write the number 67 in the Wonderland numeral system.",LXVII
020a2ec4,"In Alice's Wonderland, numbers are secretly converted into a different numeral system. Some examples are given below:
23 -> XXIII
64 -> LXIV
80 -> LXXX
90 -> XC
57 -> LVII
Now, write the number 74 in the Wonderland numeral system.",LXXIV
020d8b25,"In Alice's Wonderland, the gravitational constant has been secretly changed. Here are some example observations:
For t = 1.61s, distance = 25.18 m
For t = 3.28s, distance = 104.52 m
For t = 2.26s, distance = 49.62 m
Now, determine the falling distance for t = 1.69s given d = 0.5*g*t^2.",27.75
022c1a0d,"In Alice's Wonderland, numbers are secretly converted into a different numeral system. Some examples are given below:
32 -> XXXII
84 -> LXXXIV
63 -> LXIII
Now, write the number 13 in the Wonderland numeral system.",XIII
022c4d73,"In Alice's Wonderland, a secret set of transformation rules is applied to equations. Below are a few examples:
//?|[ = ?:/
)\?`| = ?':
[)$|: = !:'
:)$!: = )!'
Now, determine the result for: :!?'/",!'
023aa939,"In Alice's Wonderland, the gravitational constant has been secretly changed. Here are some example observations:
For t = 4.75s, distance = 149.17 m
For t = 4.31s, distance = 122.81 m
For t = 2.63s, distance = 45.73 m
For t = 4.01s, distance = 106.31 m
Now, determine the falling distance for t = 4.36s given d = 0.5*g*t^2.",125.68
0240254e,"In Alice's Wonderland, numbers are secretly converted into a different numeral system. Some examples are given below:
11 -> XI
31 -> XXXI
94 -> XCIV
8 -> VIII
Now, write the number 94 in the Wonderland numeral system.",XCIV
02422609,"In Alice's Wonderland, a secret unit conversion is applied to measurements. For example:
30.32 m becomes 53.56
36.68 m becomes 64.79
42.84 m becomes 75.67
13.87 m becomes 24.50
Now, convert the following measurement: 23.29 m",41.14
0245b9bb,"In Alice's Wonderland, a secret bit manipulation rule transforms 8-bit binary numbers. The transformation involves operations like bit shifts, rotations, XOR, AND, OR, NOT, and possibly majority or choice functions.

Here are some examples of input -> output:
10011111 -> 01100011
11011010 -> 00111111
11010100 -> 11111110
01001111 -> 00111011
01101010 -> 11111111
01000101 -> 10111010
01100011 -> 01001110
00101100 -> 10001111

Now, determine the output for: 10001101",00001001
02664ad5,"In Alice's Wonderland, a secret set of transformation rules is applied to equations. Below are a few examples:
`[-^[ = `(
:'-') = (#
}#+'} = [}
Now, determine the result for: !}-(!",:}'
028c71d7,"In Alice's Wonderland, the gravitational constant has been secretly changed. Here are some example observations:
For t = 4.29s, distance = 78.76 m
For t = 1.01s, distance = 4.37 m
For t = 2.14s, distance = 19.6 m
For t = 3.35s, distance = 48.02 m
Now, determine the falling distance for t = 1.19s given d = 0.5*g*t^2.",6.06
02902eb3,"In Alice's Wonderland, a secret set of transformation rules is applied to equations. Below are a few examples:
!&*%% = }%>%
%&-/> = $)
$]*&& = }&&}
Now, determine the result for: !!+$>",>/
02a57a2f,"In Alice's Wonderland, a secret unit conversion is applied to measurements. For example:
20.98 m becomes 25.00
17.8 m becomes 21.21
16.48 m becomes 19.64
Now, convert the following measurement: 47.54 m",56.65
02a5a1ca,"In Alice's Wonderland, a secret bit manipulation rule transforms 8-bit binary numbers. The transformation involves operations like bit shifts, rotations, XOR, AND, OR, NOT, and possibly majority or choice functions.

Here are some examples of input -> output:
10111001 -> 00101110
10111110 -> 11111111
11001010 -> 11110110
01011111 -> 11111111
01101100 -> 00011011
10110111 -> 10111101
00001011 -> 11000110

Now, determine the output for: 10110001",01101101
02c15453,"In Alice's Wonderland, a secret set of transformation rules is applied to equations. Below are a few examples:
(""-]] = '(
""%-!@ = ""
(""-%' = ])
\@-'% = >""
Now, determine the result for: >'-]'",(
02d4b022,"In Alice's Wonderland, numbers are secretly converted into a different numeral system. Some examples are given below:
57 -> LVII
88 -> LXXXVIII
57 -> LVII
11 -> XI
Now, write the number 33 in the Wonderland numeral system.",XXXIII
02e871e4,"In Alice's Wonderland, a secret set of transformation rules is applied to equations. Below are a few examples:
$?+?# = ^#'
>^+/^ = >#
'#*]< = ]</$
]\+<> = ^]'
Now, determine the result for: \]-]#",$'
02fae114,"In Alice's Wonderland, numbers are secretly converted into a different numeral system. Some examples are given below:
45 -> XLV
52 -> LII
40 -> XL
44 -> XLIV
Now, write the number 91 in the Wonderland numeral system.",XCI
0311b798,"In Alice's Wonderland, a secret bit manipulation rule transforms 8-bit binary numbers. The transformation involves operations like bit shifts, rotations, XOR, AND, OR, NOT, and possibly majority or choice functions.

Here are some examples of input -> output:
11010101 -> 10101000
11010010 -> 00011000
10011001 -> 00001001
00001111 -> 01100000
11100000 -> 00001100
11100111 -> 00111100
00111101 -> 10100011

Now, determine the output for: 01100110",00000100
033826f6,"In Alice's Wonderland, a secret unit conversion is applied to measurements. For example:
40.23 m becomes 73.10
45.07 m becomes 81.90
42.21 m becomes 76.70
30.14 m becomes 54.77
30.47 m becomes 55.37
Now, convert the following measurement: 16.04 m",29.15
034fb629,"In Alice's Wonderland, a secret bit manipulation rule transforms 8-bit binary numbers. The transformation involves operations like bit shifts, rotations, XOR, AND, OR, NOT, and possibly majority or choice functions.

Here are some examples of input -> output:
00001101 -> 00100001
11100000 -> 00011100
11110110 -> 11011110
01011100 -> 00001011
00101101 -> 10100101
11001000 -> 00011001
11100100 -> 10011100
10111011 -> 01110111
01000000 -> 00001000

Now, determine the output for: 11001011",00111001
035c4c40,"In Alice's Wonderland, a secret set of transformation rules is applied to equations. Below are a few examples:
#>*%< = /(``
/?-`< = -<
|`->( = -/?
##*|# = ((#
>`*|> = /<|
Now, determine the result for: ?<-'#",??
0375a010,"In Alice's Wonderland, numbers are secretly converted into a different numeral system. Some examples are given below:
73 -> LXXIII
39 -> XXXIX
39 -> XXXIX
10 -> X
97 -> XCVII
Now, write the number 75 in the Wonderland numeral system.",LXXV
037cbabf,"In Alice's Wonderland, the gravitational constant has been secretly changed. Here are some example observations:
For t = 4.06s, distance = 63.75 m
For t = 3.4s, distance = 44.71 m
For t = 4.77s, distance = 88.0 m
For t = 1.78s, distance = 12.25 m
Now, determine the falling distance for t = 3.68s given d = 0.5*g*t^2.",52.37
03a04492,"In Alice's Wonderland, a secret unit conversion is applied to measurements. For example:
47.97 m becomes 29.85
9.11 m becomes 5.67
11.29 m becomes 7.02
Now, convert the following measurement: 16.27 m",10.12
03a3437f,"In Alice's Wonderland, a secret set of transformation rules is applied to equations. Below are a few examples:
/>-|/ = ':
'>+/! = '>/!
}!-'` = >'
Now, determine the result for: '}-/>",-!
03bf2ac0,"In Alice's Wonderland, numbers are secretly converted into a different numeral system. Some examples are given below:
67 -> LXVII
3 -> III
60 -> LX
Now, write the number 24 in the Wonderland numeral system.",XXIV
03dc4d0c,"In Alice's Wonderland, the gravitational constant has been secretly changed. Here are some example observations:
For t = 1.92s, distance = 26.32 m
For t = 4.47s, distance = 142.63 m
For t = 3.16s, distance = 71.28 m
For t = 4.87s, distance = 169.3 m
Now, determine the falling distance for t = 4.59s given d = 0.5*g*t^2.",150.4
03ed28b0,"In Alice's Wonderland, numbers are secretly converted into a different numeral system. Some examples are given below:
2 -> II
97 -> XCVII
77 -> LXXVII
92 -> XCII
Now, write the number 94 in the Wonderland numeral system.",XCIV
03ef6857,"In Alice's Wonderland, numbers are secretly converted into a different numeral system. Some examples are given below:
73 -> LXXIII
46 -> XLVI
10 -> X
100 -> C
Now, write the number 23 in the Wonderland numeral system.",XXIII
03fe3002,"In Alice's Wonderland, numbers are secretly converted into a different numeral system. Some examples are given below:
3 -> III
12 -> XII
75 -> LXXV
78 -> LXXVIII
Now, write the number 48 in the Wonderland numeral system.",XLVIII
0429104b,"In Alice's Wonderland, a secret unit conversion is applied to measurements. For example:
27.87 m becomes 35.12
29.32 m becomes 36.95
38.37 m becomes 48.35
12.75 m becomes 16.07
46.62 m becomes 58.75
Now, convert the following measurement: 23.5 m",29.61
042f1e53,"In Alice's Wonderland, a secret set of transformation rules is applied to equations. Below are a few examples:
/%*""} = /%""}
[/+}"" = /%
&<-[} = [|
//*<< = //<<
Now, determine the result for: &&-&?",-}
0454705a,"In Alice's Wonderland, a secret set of transformation rules is applied to equations. Below are a few examples:
|?'|< = }:%^
|?+?@ = +}?
%<+(} = +/(
<|-<@ = }/|
Now, determine the result for: (}'}|",%}|
045a58f0,"In Alice's Wonderland, numbers are secretly converted into a different numeral system. Some examples are given below:
27 -> XXVII
28 -> XXVIII
8 -> VIII
29 -> XXIX
Now, write the number 71 in the Wonderland numeral system.",LXXI
047b775b,"In Alice's Wonderland, numbers are secretly converted into a different numeral system. Some examples are given below:
81 -> LXXXI
41 -> XLI
68 -> LXVIII
Now, write the number 21 in the Wonderland numeral system.",XXI
048cc279,"In Alice's Wonderland, a secret bit manipulation rule transforms 8-bit binary numbers. The transformation involves operations like bit shifts, rotations, XOR, AND, OR, NOT, and possibly majority or choice functions.

Here are some examples of input -> output:
10000110 -> 00100001
11111111 -> 11111111
01011100 -> 10110000
11011010 -> 10110100
11110101 -> 10101001
00011001 -> 00000010
11110010 -> 10110100
01011101 -> 10111010

Now, determine the output for: 11101010",01010000
04c23a05,"In Alice's Wonderland, the gravitational constant has been secretly changed. Here are some example observations:
For t = 4.34s, distance = 135.58 m
For t = 1.48s, distance = 15.77 m
For t = 4.45s, distance = 142.54 m
Now, determine the falling distance for t = 2.02s given d = 0.5*g*t^2.",29.37
04c6aa94,"In Alice's Wonderland, numbers are secretly converted into a different numeral system. Some examples are given below:
63 -> LXIII
3 -> III
78 -> LXXVIII
Now, write the number 72 in the Wonderland numeral system.",LXXII
04d8c3e6,"In Alice's Wonderland, a secret bit manipulation rule transforms 8-bit binary numbers. The transformation involves operations like bit shifts, rotations, XOR, AND, OR, NOT, and possibly majority or choice functions.

Here are some examples of input -> output:
00110011 -> 00000000
00111111 -> 10000000
01101010 -> 00000000
11111111 -> 10000001
01111111 -> 10000000
10000000 -> 00000000
00110010 -> 00000000
00100101 -> 00000000
11000010 -> 00000000

Now, determine the output for: 01001111",10000000
04f03c7e,"In Alice's Wonderland, numbers are secretly converted into a different numeral system. Some examples are given below:
54 -> LIV
85 -> LXXXV
96 -> XCVI
68 -> LXVIII
50 -> L
Now, write the number 82 in the Wonderland numeral system.",LXXXII
04f569be,"In Alice's Wonderland, numbers are secretly converted into a different numeral system. Some examples are given below:
69 -> LXIX
30 -> XXX
82 -> LXXXII
25 -> XXV
8 -> VIII
Now, write the number 87 in the Wonderland numeral system.",LXXXVII
05109055,"In Alice's Wonderland, a secret set of transformation rules is applied to equations. Below are a few examples:
%')!' = |>
(()'> = `/
%':'@ = @!/'
Now, determine the result for: \(:|/",`>%/
05195c8e,"In Alice's Wonderland, numbers are secretly converted into a different numeral system. Some examples are given below:
15 -> XV
45 -> XLV
39 -> XXXIX
99 -> XCIX
87 -> LXXXVII
Now, write the number 94 in the Wonderland numeral system.",XCIV
052289d8,"In Alice's Wonderland, numbers are secretly converted into a different numeral system. Some examples are given below:
66 -> LXVI
36 -> XXXVI
46 -> XLVI
Now, write the number 74 in the Wonderland numeral system.",LXXIV
053b4c86,"In Alice's Wonderland, a secret set of transformation rules is applied to equations. Below are a few examples:
%&*#$ = $?&&
#$*#] = ?%]]
]%-""] = &@
$%+""\ = $]]
\$-?"" = -\]
Now, determine the result for: (@*]&",(@(]
053dbbbc,"In Alice's Wonderland, numbers are secretly converted into a different numeral system. Some examples are given below:
75 -> LXXV
36 -> XXXVI
4 -> IV
Now, write the number 6 in the Wonderland numeral system.",VI
053f4545,"In Alice's Wonderland, a secret set of transformation rules is applied to equations. Below are a few examples:
79-12 = 67
27-05 = 22
65-21 = 44
65?19 = 5905
Now, determine the result for: 06@77",731
054d3e92,"In Alice's Wonderland, the gravitational constant has been secretly changed. Here are some example observations:
For t = 4.07s, distance = 158.66 m
For t = 1.89s, distance = 34.21 m
For t = 4.35s, distance = 181.25 m
For t = 1.83s, distance = 32.08 m
Now, determine the falling distance for t = 4.34s given d = 0.5*g*t^2.",180.41
055a8b01,"In Alice's Wonderland, a secret set of transformation rules is applied to equations. Below are a few examples:
<#*|< = <//'
<|*$| = <<|/
$#+/` = ??
/{+?? = /(`
'(*|# = {{?(
Now, determine the result for: //-/$",'
05978845,"In Alice's Wonderland, numbers are secretly converted into a different numeral system. Some examples are given below:
64 -> LXIV
61 -> LXI
66 -> LXVI
Now, write the number 87 in the Wonderland numeral system.",LXXXVII
059af21b,"In Alice's Wonderland, the gravitational constant has been secretly changed. Here are some example observations:
For t = 4.01s, distance = 57.57 m
For t = 2.73s, distance = 26.68 m
For t = 4.6s, distance = 75.76 m
For t = 2.11s, distance = 15.94 m
For t = 4.08s, distance = 59.6 m
Now, determine the falling distance for t = 2.44s given d = 0.5*g*t^2.",21.31
05bd2dab,"In Alice's Wonderland, a secret set of transformation rules is applied to equations. Below are a few examples:
}/{/& = $}
}}^(! = ($})
($[)& = /!
(}^$$ = (!}?
(\^?} = (($/
Now, determine the result for: '&[?!",[))
05c36467,"In Alice's Wonderland, a secret set of transformation rules is applied to equations. Below are a few examples:
%$<`# = <]]
%""/(] = #`]$
`$<(( = <(]
%""<\& = <$$
#&/]( = ###""
Now, determine the result for: ""&/($",%%\
05c939be,"In Alice's Wonderland, numbers are secretly converted into a different numeral system. Some examples are given below:
72 -> LXXII
37 -> XXXVII
37 -> XXXVII
95 -> XCV
Now, write the number 89 in the Wonderland numeral system.",LXXXIX
05ca617c,"In Alice's Wonderland, a secret bit manipulation rule transforms 8-bit binary numbers. The transformation involves operations like bit shifts, rotations, XOR, AND, OR, NOT, and possibly majority or choice functions.

Here are some examples of input -> output:
01111111 -> 10111111
01011101 -> 11101111
01001111 -> 11100111
01100001 -> 10111101
10001011 -> 01101101
01111100 -> 00111111
10111001 -> 01011100
01010000 -> 01111111

Now, determine the output for: 10010010",11011011
05e780c4,"In Alice's Wonderland, numbers are secretly converted into a different numeral system. Some examples are given below:
67 -> LXVII
19 -> XIX
56 -> LVI
47 -> XLVII
Now, write the number 3 in the Wonderland numeral system.",III
05fc4fcb,"In Alice's Wonderland, numbers are secretly converted into a different numeral system. Some examples are given below:
47 -> XLVII
80 -> LXXX
87 -> LXXXVII
Now, write the number 43 in the Wonderland numeral system.",XLIII
05fcec41,"In Alice's Wonderland, a secret unit conversion is applied to measurements. For example:
43.83 m becomes 71.01
32.34 m becomes 52.40
36.87 m becomes 59.74
49.04 m becomes 79.45
38.45 m becomes 62.30
Now, convert the following measurement: 10.0 m",16.20
06083e68,"In Alice's Wonderland, a secret set of transformation rules is applied to equations. Below are a few examples:
!>+^$ = :`
\^*:: = ^!\!
$^-!$ = -<
Now, determine the result for: >\*:!",:::
06120e47,"In Alice's Wonderland, a secret bit manipulation rule transforms 8-bit binary numbers. The transformation involves operations like bit shifts, rotations, XOR, AND, OR, NOT, and possibly majority or choice functions.

Here are some examples of input -> output:
01010100 -> 11101111
10000011 -> 11111101
11110110 -> 11100101
10010111 -> 11111001
10101101 -> 11011111
00111010 -> 11110111
11101111 -> 11000111
00100110 -> 11110111
01001000 -> 11111110

Now, determine the output for: 01110011",11110010
06181e6a,"In Alice's Wonderland, the gravitational constant has been secretly changed. Here are some example observations:
For t = 1.99s, distance = 11.4 m
For t = 3.33s, distance = 31.92 m
For t = 4.98s, distance = 71.4 m
For t = 2.19s, distance = 13.81 m
For t = 3.89s, distance = 43.56 m
Now, determine the falling distance for t = 1.68s given d = 0.5*g*t^2.",8.13
0624c50c,"In Alice's Wonderland, numbers are secretly converted into a different numeral system. Some examples are given below:
54 -> LIV
31 -> XXXI
48 -> XLVIII
Now, write the number 31 in the Wonderland numeral system.",XXXI
0625f633,"In Alice's Wonderland, a secret set of transformation rules is applied to equations. Below are a few examples:
)'-\^ = ^$
:$+// = @^
()+$\ = ^'
\!+/( = /'
Now, determine the result for: ))*!(",@@//
063564fa,"In Alice's Wonderland, a secret unit conversion is applied to measurements. For example:
36.89 m becomes 18.99
25.28 m becomes 13.02
6.56 m becomes 3.38
Now, convert the following measurement: 42.63 m",21.95
065f9dea,"In Alice's Wonderland, a secret set of transformation rules is applied to equations. Below are a few examples:
19}15 = 1464
74!78 = 7874
64!23 = 2364
Now, determine the result for: 43*96",*53
06881e47,"In Alice's Wonderland, a secret bit manipulation rule transforms 8-bit binary numbers. The transformation involves operations like bit shifts, rotations, XOR, AND, OR, NOT, and possibly majority or choice functions.

Here are some examples of input -> output:
10000001 -> 01110011
10111000 -> 00111110
00101011 -> 00101110
11100011 -> 01111000
00010111 -> 11000111
00001001 -> 00110111
00010101 -> 11010111

Now, determine the output for: 11110011",11111100
069813dc,"In Alice's Wonderland, the gravitational constant has been secretly changed. Here are some example observations:
For t = 3.5s, distance = 42.2 m
For t = 1.7s, distance = 9.96 m
For t = 2.37s, distance = 19.35 m
Now, determine the falling distance for t = 4.89s given d = 0.5*g*t^2.",82.38
06b5da9f,"In Alice's Wonderland, a secret bit manipulation rule transforms 8-bit binary numbers. The transformation involves operations like bit shifts, rotations, XOR, AND, OR, NOT, and possibly majority or choice functions.

Here are some examples of input -> output:
10100110 -> 00110101
10000001 -> 00001100
00100110 -> 00010001
11000011 -> 00111110
10001001 -> 01001100
11111011 -> 01111111
01010100 -> 10100010
11011011 -> 01111110
11110101 -> 10111111

Now, determine the output for: 01000111",00011010
06d1980f,"In Alice's Wonderland, numbers are secretly converted into a different numeral system. Some examples are given below:
46 -> XLVI
31 -> XXXI
4 -> IV
5 -> V
10 -> X
Now, write the number 30 in the Wonderland numeral system.",XXX
06ef5c5c,"In Alice's Wonderland, a secret unit conversion is applied to measurements. For example:
37.92 m becomes 61.26
11.43 m becomes 18.47
24.4 m becomes 39.42
40.76 m becomes 65.85
26.5 m becomes 42.81
Now, convert the following measurement: 49.17 m",79.44
0712d262,"In Alice's Wonderland, a secret unit conversion is applied to measurements. For example:
47.16 m becomes 34.38
35.25 m becomes 25.70
33.74 m becomes 24.60
Now, convert the following measurement: 29.32 m",21.38
0716b06e,"In Alice's Wonderland, numbers are secretly converted into a different numeral system. Some examples are given below:
84 -> LXXXIV
95 -> XCV
47 -> XLVII
61 -> LXI
21 -> XXI
Now, write the number 54 in the Wonderland numeral system.",LIV
0718c7c7,"In Alice's Wonderland, a secret unit conversion is applied to measurements. For example:
35.67 m becomes 47.58
36.05 m becomes 48.09
38.69 m becomes 51.61
Now, convert the following measurement: 19.54 m",26.07
07249300,"In Alice's Wonderland, numbers are secretly converted into a different numeral system. Some examples are given below:
97 -> XCVII
21 -> XXI
72 -> LXXII
Now, write the number 87 in the Wonderland numeral system.",LXXXVII
076fda72,"In Alice's Wonderland, numbers are secretly converted into a different numeral system. Some examples are given below:
58 -> LVIII
38 -> XXXVIII
92 -> XCII
Now, write the number 40 in the Wonderland numeral system.",XL
07735828,"In Alice's Wonderland, a secret unit conversion is applied to measurements. For example:
6.24 m becomes 3.77
18.52 m becomes 11.19
26.37 m becomes 15.93
10.4 m becomes 6.28
Now, convert the following measurement: 7.7 m",4.65
077cfc0b,"In Alice's Wonderland, a secret unit conversion is applied to measurements. For example:
30.02 m becomes 33.90
20.45 m becomes 23.10
42.35 m becomes 47.83
7.2 m becomes 8.13
30.77 m becomes 34.75
Now, convert the following measurement: 35.45 m",40.04
078df00e,"In Alice's Wonderland, a secret set of transformation rules is applied to equations. Below are a few examples:
06+67 = 731
45+99 = 451
51-05 = -53
Now, determine the result for: 56*02",1031
078e4ee7,"In Alice's Wonderland, numbers are secretly converted into a different numeral system. Some examples are given below:
2 -> II
49 -> XLIX
2 -> II
89 -> LXXXIX
Now, write the number 96 in the Wonderland numeral system.",XCVI
07aef27f,"In Alice's Wonderland, a secret set of transformation rules is applied to equations. Below are a few examples:
73*57 = 6772
29*49 = 9468
56+16 = 1656
Now, determine the result for: 22-84",-62
07c96a99,"In Alice's Wonderland, the gravitational constant has been secretly changed. Here are some example observations:
For t = 3.91s, distance = 47.61 m
For t = 3.71s, distance = 42.87 m
For t = 1.83s, distance = 10.43 m
For t = 1.05s, distance = 3.43 m
Now, determine the falling distance for t = 3.56s given d = 0.5*g*t^2.",39.47
07d61ec8,"In Alice's Wonderland, a secret bit manipulation rule transforms 8-bit binary numbers. The transformation involves operations like bit shifts, rotations, XOR, AND, OR, NOT, and possibly majority or choice functions.

Here are some examples of input -> output:
10111101 -> 01111111
11011001 -> 00111110
00001010 -> 11000011
01011001 -> 00111111
11110001 -> 11111100
11111011 -> 11111110
10110001 -> 01111100
10100110 -> 00101011
11011110 -> 00111111

Now, determine the output for: 01100011",10111101
07e8cf66,"In Alice's Wonderland, a secret bit manipulation rule transforms 8-bit binary numbers. The transformation involves operations like bit shifts, rotations, XOR, AND, OR, NOT, and possibly majority or choice functions.

Here are some examples of input -> output:
10011111 -> 11010011
01010111 -> 00001011
10111000 -> 00011100
11101001 -> 00110100
10011001 -> 11011110
11010100 -> 01001010
00100000 -> 00010000
11101101 -> 00111100

Now, determine the output for: 10111101",10010110
07e9a377,"In Alice's Wonderland, the gravitational constant has been secretly changed. Here are some example observations:
For t = 4.13s, distance = 63.54 m
For t = 4.39s, distance = 71.79 m
For t = 4.55s, distance = 77.12 m
For t = 2.05s, distance = 15.66 m
Now, determine the falling distance for t = 2.05s given d = 0.5*g*t^2.",15.66
07f8b9ab,"In Alice's Wonderland, a secret unit conversion is applied to measurements. For example:
34.43 m becomes 22.31
40.84 m becomes 26.47
26.18 m becomes 16.97
Now, convert the following measurement: 14.06 m",9.11
0805b912,"In Alice's Wonderland, numbers are secretly converted into a different numeral system. Some examples are given below:
40 -> XL
49 -> XLIX
27 -> XXVII
4 -> IV
Now, write the number 99 in the Wonderland numeral system.",XCIX
08111d57,"In Alice's Wonderland, a secret set of transformation rules is applied to equations. Below are a few examples:
](*>^ = &(:^
::+$"" = ]^^
?""*""( = ?:(:
>^*>) = (?""
Now, determine the result for: ^?+)]",")"""
083ed8fe,"In Alice's Wonderland, a secret set of transformation rules is applied to equations. Below are a few examples:
!(*() = (/<<
[(*<< = [[//
""&-/: = :)
[!-)! = )
Now, determine the result for: <&*:/",<#):
084757f1,"In Alice's Wonderland, numbers are secretly converted into a different numeral system. Some examples are given below:
6 -> VI
39 -> XXXIX
3 -> III
2 -> II
61 -> LXI
Now, write the number 86 in the Wonderland numeral system.",LXXXVI
0848cbc0,"In Alice's Wonderland, the gravitational constant has been secretly changed. Here are some example observations:
For t = 2.59s, distance = 44.43 m
For t = 3.19s, distance = 67.4 m
For t = 1.28s, distance = 10.85 m
For t = 1.03s, distance = 7.03 m
Now, determine the falling distance for t = 4.38s given d = 0.5*g*t^2.",127.07
084f0513,"In Alice's Wonderland, a secret unit conversion is applied to measurements. For example:
12.0 m becomes 22.63
23.48 m becomes 44.28
5.07 m becomes 9.56
27.99 m becomes 52.79
Now, convert the following measurement: 15.83 m",29.86
087cc5ba,"In Alice's Wonderland, a secret unit conversion is applied to measurements. For example:
23.55 m becomes 30.77
35.69 m becomes 46.64
47.79 m becomes 62.45
Now, convert the following measurement: 42.65 m",55.73
088d07a3,"In Alice's Wonderland, the gravitational constant has been secretly changed. Here are some example observations:
For t = 1.33s, distance = 12.24 m
For t = 4.15s, distance = 119.21 m
For t = 1.45s, distance = 14.55 m
For t = 3.4s, distance = 80.01 m
For t = 1.33s, distance = 12.24 m
Now, determine the falling distance for t = 3.76s given d = 0.5*g*t^2.",97.85
08aa9210,"In Alice's Wonderland, a secret unit conversion is applied to measurements. For example:
46.83 m becomes 67.14
17.26 m becomes 24.75
29.46 m becomes 42.24
34.65 m becomes 49.68
Now, convert the following measurement: 42.26 m",60.59
08b0756a,"In Alice's Wonderland, numbers are secretly converted into a different numeral system. Some examples are given below:
18 -> XVIII
88 -> LXXXVIII
86 -> LXXXVI
81 -> LXXXI
Now, write the number 73 in the Wonderland numeral system.",LXXIII
08e9fe0e,"In Alice's Wonderland, numbers are secretly converted into a different numeral system. Some examples are given below:
38 -> XXXVIII
53 -> LIII
16 -> XVI
Now, write the number 22 in the Wonderland numeral system.",XXII
092ce1c8,"In Alice's Wonderland, a secret unit conversion is applied to measurements. For example:
28.05 m becomes 37.51
41.24 m becomes 55.15
18.44 m becomes 24.66
26.74 m becomes 35.76
Now, convert the following measurement: 27.82 m",37.20
093bc4c0,"In Alice's Wonderland, numbers are secretly converted into a different numeral system. Some examples are given below:
78 -> LXXVIII
41 -> XLI
1 -> I
Now, write the number 32 in the Wonderland numeral system.",XXXII
094b8eea,"In Alice's Wonderland, numbers are secretly converted into a different numeral system. Some examples are given below:
22 -> XXII
7 -> VII
51 -> LI
81 -> LXXXI
40 -> XL
Now, write the number 86 in the Wonderland numeral system.",LXXXVI
096bf683,"In Alice's Wonderland, the gravitational constant has been secretly changed. Here are some example observations:
For t = 2.41s, distance = 55.56 m
For t = 3.06s, distance = 89.58 m
For t = 4.87s, distance = 226.89 m
For t = 3.42s, distance = 111.9 m
For t = 2.11s, distance = 42.59 m
Now, determine the falling distance for t = 3.13s given d = 0.5*g*t^2.",93.72
0978d9f3,"In Alice's Wonderland, the gravitational constant has been secretly changed. Here are some example observations:
For t = 2.3s, distance = 48.1 m
For t = 1.89s, distance = 32.48 m
For t = 3.37s, distance = 103.27 m
For t = 3.21s, distance = 93.7 m
Now, determine the falling distance for t = 2.4s given d = 0.5*g*t^2.",52.38
0980b3e6,"In Alice's Wonderland, a secret unit conversion is applied to measurements. For example:
47.63 m becomes 33.80
32.31 m becomes 22.93
24.56 m becomes 17.43
Now, convert the following measurement: 21.66 m",15.37
09832849,"In Alice's Wonderland, a secret unit conversion is applied to measurements. For example:
13.88 m becomes 20.39
47.8 m becomes 70.21
34.03 m becomes 49.99
43.01 m becomes 63.18
Now, convert the following measurement: 14.72 m",21.62
0988e4dd,"In Alice's Wonderland, a secret unit conversion is applied to measurements. For example:
40.07 m becomes 21.17
41.18 m becomes 21.75
19.92 m becomes 10.52
Now, convert the following measurement: 13.61 m",7.19
099b55fe,"In Alice's Wonderland, a secret unit conversion is applied to measurements. For example:
25.52 m becomes 35.58
29.74 m becomes 41.46
49.93 m becomes 69.61
14.95 m becomes 20.84
Now, convert the following measurement: 20.99 m",29.26
09bb92f4,"In Alice's Wonderland, numbers are secretly converted into a different numeral system. Some examples are given below:
93 -> XCIII
8 -> VIII
14 -> XIV
45 -> XLV
Now, write the number 83 in the Wonderland numeral system.",LXXXIII
09c8f227,"In Alice's Wonderland, the gravitational constant has been secretly changed. Here are some example observations:
For t = 3.46s, distance = 50.25 m
For t = 1.67s, distance = 11.71 m
For t = 1.9s, distance = 15.15 m
Now, determine the falling distance for t = 4.79s given d = 0.5*g*t^2.",96.31
09d5ee68,"In Alice's Wonderland, a secret set of transformation rules is applied to equations. Below are a few examples:
<:+|& = <:|&
'&+>? = '&>?
$!*!| = !!:&
|:-?' = -&$
Now, determine the result for: |:*>>",!?'!
09eb1f7e,"In Alice's Wonderland, a secret unit conversion is applied to measurements. For example:
31.36 m becomes 33.72
25.52 m becomes 27.44
25.64 m becomes 27.57
38.45 m becomes 41.35
27.52 m becomes 29.59
Now, convert the following measurement: 28.49 m",30.64
0a0698b2,"In Alice's Wonderland, a secret unit conversion is applied to measurements. For example:
49.54 m becomes 76.94
19.7 m becomes 30.60
44.47 m becomes 69.07
33.86 m becomes 52.59
Now, convert the following measurement: 28.33 m",44.00
0a1988b2,"In Alice's Wonderland, numbers are secretly converted into a different numeral system. Some examples are given below:
25 -> XXV
61 -> LXI
71 -> LXXI
89 -> LXXXIX
17 -> XVII
Now, write the number 56 in the Wonderland numeral system.",LVI
0a28f8c0,"In Alice's Wonderland, a secret unit conversion is applied to measurements. For example:
21.01 m becomes 25.90
21.33 m becomes 26.29
12.5 m becomes 15.41
29.14 m becomes 35.92
Now, convert the following measurement: 9.43 m",11.62
0a2b9109,"In Alice's Wonderland, a secret set of transformation rules is applied to equations. Below are a few examples:
|:*%( = ^^
#|-|# = -?$
?%)|( = (^^
|?*(| = ?:!
Now, determine the result for: $[-^:",-?:
0a3c8962,"In Alice's Wonderland, the gravitational constant has been secretly changed. Here are some example observations:
For t = 2.48s, distance = 37.4 m
For t = 2.32s, distance = 32.73 m
For t = 1.33s, distance = 10.76 m
For t = 4.16s, distance = 105.23 m
For t = 3.84s, distance = 89.66 m
Now, determine the falling distance for t = 2.99s given d = 0.5*g*t^2.",54.36
0a3ee7c7,"In Alice's Wonderland, a secret set of transformation rules is applied to equations. Below are a few examples:
[""+[@ = ""})
][*!% = \\\@
]""-""% = @
[}-[\ = -`@
Now, determine the result for: }\*%]",\@)]
0a41d1b5,"In Alice's Wonderland, the gravitational constant has been secretly changed. Here are some example observations:
For t = 4.12s, distance = 109.94 m
For t = 1.47s, distance = 14.0 m
For t = 4.53s, distance = 132.91 m
For t = 1.55s, distance = 15.56 m
Now, determine the falling distance for t = 4.94s given d = 0.5*g*t^2.",158.06
0a49dd70,"In Alice's Wonderland, a secret unit conversion is applied to measurements. For example:
9.42 m becomes 18.68
9.2 m becomes 18.24
34.54 m becomes 68.49
Now, convert the following measurement: 49.71 m",98.57
0a4e0ecd,"In Alice's Wonderland, the gravitational constant has been secretly changed. Here are some example observations:
For t = 2.39s, distance = 24.83 m
For t = 4.44s, distance = 85.68 m
For t = 1.89s, distance = 15.53 m
For t = 3.65s, distance = 57.91 m
For t = 2.5s, distance = 27.17 m
Now, determine the falling distance for t = 3.03s given d = 0.5*g*t^2.",39.9
0a5c4c1e,"In Alice's Wonderland, the gravitational constant has been secretly changed. Here are some example observations:
For t = 2.13s, distance = 43.45 m
For t = 4.17s, distance = 166.53 m
For t = 1.84s, distance = 32.42 m
For t = 4.12s, distance = 162.56 m
Now, determine the falling distance for t = 4.53s given d = 0.5*g*t^2.",196.53
0a94b2de,"In Alice's Wonderland, a secret set of transformation rules is applied to equations. Below are a few examples:
'')<] = $@
@})$' = <?<
@]#/$ = <?<'
Now, determine the result for: ]}#@]",@}`@
0aa2c5bf,"In Alice's Wonderland, numbers are secretly converted into a different numeral system. Some examples are given below:
59 -> LIX
12 -> XII
25 -> XXV
Now, write the number 4 in the Wonderland numeral system.",IV
0aaf8d39,"In Alice's Wonderland, numbers are secretly converted into a different numeral system. Some examples are given below:
51 -> LI
84 -> LXXXIV
20 -> XX
Now, write the number 61 in the Wonderland numeral system.",LXI
0ab0fe37,"In Alice's Wonderland, numbers are secretly converted into a different numeral system. Some examples are given below:
46 -> XLVI
3 -> III
15 -> XV
25 -> XXV
98 -> XCVIII
Now, write the number 43 in the Wonderland numeral system.",XLIII
0ab3d1de,"In Alice's Wonderland, the gravitational constant has been secretly changed. Here are some example observations:
For t = 4.52s, distance = 158.67 m
For t = 4.67s, distance = 169.37 m
For t = 1.42s, distance = 15.66 m
For t = 4.56s, distance = 161.49 m
For t = 4.12s, distance = 131.83 m
Now, determine the falling distance for t = 3.35s given d = 0.5*g*t^2.",87.16
0adca57b,"In Alice's Wonderland, numbers are secretly converted into a different numeral system. Some examples are given below:
37 -> XXXVII
39 -> XXXIX
44 -> XLIV
Now, write the number 5 in the Wonderland numeral system.",V
0af9158d,"In Alice's Wonderland, a secret unit conversion is applied to measurements. For example:
17.67 m becomes 34.45
5.87 m becomes 11.44
6.83 m becomes 13.31
43.27 m becomes 84.35
Now, convert the following measurement: 38.81 m",75.66
0b0a3643,"In Alice's Wonderland, a secret set of transformation rules is applied to equations. Below are a few examples:
#/-\@ = -@#
""""+#) = )/
'#+/# = %""
\)-)@ = -'""
Now, determine the result for: '/-%)",""""""
0b14fbf1,"In Alice's Wonderland, the gravitational constant has been secretly changed. Here are some example observations:
For t = 1.26s, distance = 7.72 m
For t = 2.25s, distance = 24.63 m
For t = 2.87s, distance = 40.08 m
For t = 2.66s, distance = 34.43 m
Now, determine the falling distance for t = 3.04s given d = 0.5*g*t^2.",44.96
0b2877ce,"In Alice's Wonderland, numbers are secretly converted into a different numeral system. Some examples are given below:
58 -> LVIII
32 -> XXXII
20 -> XX
Now, write the number 40 in the Wonderland numeral system.",XL
0b34281a,"In Alice's Wonderland, numbers are secretly converted into a different numeral system. Some examples are given below:
3 -> III
72 -> LXXII
51 -> LI
Now, write the number 95 in the Wonderland numeral system.",XCV
0b36cffd,"In Alice's Wonderland, a secret unit conversion is applied to measurements. For example:
24.55 m becomes 19.99
27.51 m becomes 22.40
36.94 m becomes 30.08
48.08 m becomes 39.15
Now, convert the following measurement: 39.86 m",32.46
0b49997d,"In Alice's Wonderland, the gravitational constant has been secretly changed. Here are some example observations:
For t = 3.96s, distance = 46.56 m
For t = 4.1s, distance = 49.91 m
For t = 2.85s, distance = 24.12 m
For t = 4.27s, distance = 54.13 m
For t = 1.99s, distance = 11.76 m
Now, determine the falling distance for t = 1.23s given d = 0.5*g*t^2.",4.49
0b865eea,"In Alice's Wonderland, a secret unit conversion is applied to measurements. For example:
39.1 m becomes 67.61
35.04 m becomes 60.59
29.62 m becomes 51.22
Now, convert the following measurement: 36.03 m",62.31
0babcba2,"In Alice's Wonderland, a secret set of transformation rules is applied to equations. Below are a few examples:
<!-|? = """"
<`%<| = ?)""
!\-?"" = ""/
`/%)` = `(""
Now, determine the result for: ((%\!","?"""""
0bb591e6,"In Alice's Wonderland, a secret set of transformation rules is applied to equations. Below are a few examples:
)(-)( = ""
&(-(( = <
$(-(% = )<
<%-%$ = ??
Now, determine the result for: ""$+%%",%?<
0bc7de44,"In Alice's Wonderland, a secret unit conversion is applied to measurements. For example:
31.68 m becomes 57.04
30.67 m becomes 55.22
20.22 m becomes 36.40
44.9 m becomes 80.84
Now, convert the following measurement: 17.35 m",31.24
0bcffccd,"In Alice's Wonderland, a secret set of transformation rules is applied to equations. Below are a few examples:
61@52 = 3172
87`56 = 31
68@72 = 4896
54]53 = 108
Now, determine the result for: 44`54",10
0bd7fe62,"In Alice's Wonderland, the gravitational constant has been secretly changed. Here are some example observations:
For t = 1.05s, distance = 6.96 m
For t = 3.1s, distance = 60.63 m
For t = 2.98s, distance = 56.03 m
For t = 2.59s, distance = 42.32 m
Now, determine the falling distance for t = 1.08s given d = 0.5*g*t^2.",7.36
0be4c157,"In Alice's Wonderland, a secret unit conversion is applied to measurements. For example:
41.19 m becomes 74.17
13.89 m becomes 25.01
49.41 m becomes 88.97
46.61 m becomes 83.92
14.49 m becomes 26.09
Now, convert the following measurement: 12.34 m",22.22
0c0683c3,"In Alice's Wonderland, a secret set of transformation rules is applied to equations. Below are a few examples:
21-75 = 54
39-42 = 3
56-50 = 6
70-11 = 59
14-90 = 76
Now, determine the result for: 79""59",138
0c083613,"In Alice's Wonderland, numbers are secretly converted into a different numeral system. Some examples are given below:
17 -> XVII
73 -> LXXIII
22 -> XXII
17 -> XVII
53 -> LIII
Now, write the number 73 in the Wonderland numeral system.",LXXIII
0c0955b1,"In Alice's Wonderland, the gravitational constant has been secretly changed. Here are some example observations:
For t = 1.16s, distance = 10.89 m
For t = 1.08s, distance = 9.44 m
For t = 2.54s, distance = 52.21 m
Now, determine the falling distance for t = 3.99s given d = 0.5*g*t^2.",128.84
0c0c6320,"In Alice's Wonderland, a secret set of transformation rules is applied to equations. Below are a few examples:
&:->} = [:
|!-!"" = \&
!\-[{ = -\>
&&-[} = >&
||+|} = !:[
Now, determine the result for: >!*|{",""":!|"
0c30f561,"In Alice's Wonderland, a secret set of transformation rules is applied to equations. Below are a few examples:
\#*<% = ]]\
>^*\> = \^%\
\>*]% = ^#`
]]*^% = `#^`
Now, determine the result for: ^]-^^",-]
0c4e7430,"In Alice's Wonderland, numbers are secretly converted into a different numeral system. Some examples are given below:
85 -> LXXXV
18 -> XVIII
4 -> IV
Now, write the number 46 in the Wonderland numeral system.",XLVI
0c8a8a16,"In Alice's Wonderland, a secret set of transformation rules is applied to equations. Below are a few examples:
99<53 = 153
19<85 = 105
78<81 = 160
55{44 = 11
Now, determine the result for: 37{54",{17
0c9b74fc,"In Alice's Wonderland, numbers are secretly converted into a different numeral system. Some examples are given below:
33 -> XXXIII
36 -> XXXVI
19 -> XIX
28 -> XXVIII
19 -> XIX
Now, write the number 74 in the Wonderland numeral system.",LXXIV
0cce92d8,"In Alice's Wonderland, numbers are secretly converted into a different numeral system. Some examples are given below:
48 -> XLVIII
15 -> XV
55 -> LV
Now, write the number 95 in the Wonderland numeral system.",XCV
0cdb0aae,"In Alice's Wonderland, a secret set of transformation rules is applied to equations. Below are a few examples:
>:-^| = -:(
(?-^/ = -/?
|(->? = $$
^:+`^ = /(
:/+:` = $::
Now, determine the result for: :(+/$",:::
0cddfe30,"In Alice's Wonderland, numbers are secretly converted into a different numeral system. Some examples are given below:
14 -> XIV
24 -> XXIV
85 -> LXXXV
65 -> LXV
17 -> XVII
Now, write the number 45 in the Wonderland numeral system.",XLV
0cf301cf,"In Alice's Wonderland, a secret set of transformation rules is applied to equations. Below are a few examples:
>{%'> = /<@/
/#`{> = `@>
<!`)# = )!
@/]/! = {:
Now, determine the result for: :#])<",{<
0d069918,"In Alice's Wonderland, the gravitational constant has been secretly changed. Here are some example observations:
For t = 3.81s, distance = 65.21 m
For t = 2.9s, distance = 37.78 m
For t = 3.57s, distance = 57.26 m
Now, determine the falling distance for t = 1.97s given d = 0.5*g*t^2.",17.43
0d0ab01d,"In Alice's Wonderland, a secret unit conversion is applied to measurements. For example:
35.57 m becomes 51.22
29.73 m becomes 42.81
21.42 m becomes 30.85
Now, convert the following measurement: 22.09 m",31.81
0d10d1ae,"In Alice's Wonderland, a secret unit conversion is applied to measurements. For example:
18.59 m becomes 31.08
28.32 m becomes 47.35
43.69 m becomes 73.05
26.48 m becomes 44.27
Now, convert the following measurement: 43.74 m",73.13
0d2e94ff,"In Alice's Wonderland, a secret set of transformation rules is applied to equations. Below are a few examples:
""}]}% = `^
<|]^< = }::
&&-&% = -}
%%?""} = &&%%
&`]}^ = ^%
Now, determine the result for: ^&]%@",}}^
0d542478,"In Alice's Wonderland, a secret set of transformation rules is applied to equations. Below are a few examples:
$?""|/ = $
?]![/ = }}
?<*}? = }$??
Now, determine the result for: </!&{",}<
0d69dc5d,"In Alice's Wonderland, the gravitational constant has been secretly changed. Here are some example observations:
For t = 2.21s, distance = 22.29 m
For t = 2.59s, distance = 30.62 m
For t = 2.15s, distance = 21.1 m
For t = 3.09s, distance = 43.58 m
Now, determine the falling distance for t = 1.71s given d = 0.5*g*t^2.",13.35
0d6e3c06,"In Alice's Wonderland, a secret unit conversion is applied to measurements. For example:
46.42 m becomes 30.79
38.65 m becomes 25.64
20.71 m becomes 13.74
30.13 m becomes 19.99
31.71 m becomes 21.03
Now, convert the following measurement: 41.89 m",27.79
0d90736f,"In Alice's Wonderland, a secret set of transformation rules is applied to equations. Below are a few examples:
[|*|` = \$()
!|-$) = )/
/$+|/ = :\
\/+): = [`
`$*|! = `[|`
Now, determine the result for: ::-)[",:
0da5e774,"In Alice's Wonderland, numbers are secretly converted into a different numeral system. Some examples are given below:
79 -> LXXIX
15 -> XV
1 -> I
99 -> XCIX
Now, write the number 89 in the Wonderland numeral system.",LXXXIX
0dc8c0f2,"In Alice's Wonderland, a secret unit conversion is applied to measurements. For example:
33.42 m becomes 60.11
16.46 m becomes 29.61
18.64 m becomes 33.53
38.88 m becomes 69.94
Now, convert the following measurement: 41.96 m",75.48
0dce4039,"In Alice's Wonderland, a secret set of transformation rules is applied to equations. Below are a few examples:
@|^|` = `||
)'\#: = )'#:
/'-!@ = @`
Now, determine the result for: )!-#>",-@/
0df82d52,"In Alice's Wonderland, a secret set of transformation rules is applied to equations. Below are a few examples:
/]@}% = /]}%
%<@)! = %<)!
//'%` = )/?
?!')/ = ]#
]!""?/ = #
Now, determine the result for: /}""#`","""!!"
0e009c6d,"In Alice's Wonderland, a secret set of transformation rules is applied to equations. Below are a few examples:
>@'>> = )?>
\%*\` = #!
\>'@\ = \!?>
`\*)> = @/
Now, determine the result for: @?'`?",`?\!
0e02a8df,"In Alice's Wonderland, the gravitational constant has been secretly changed. Here are some example observations:
For t = 2.63s, distance = 59.11 m
For t = 4.98s, distance = 211.95 m
For t = 1.42s, distance = 17.23 m
For t = 1.31s, distance = 14.67 m
Now, determine the falling distance for t = 2.37s given d = 0.5*g*t^2.",48.0
0e19e1bb,"In Alice's Wonderland, a secret unit conversion is applied to measurements. For example:
44.64 m becomes 67.20
8.84 m becomes 13.31
7.77 m becomes 11.70
Now, convert the following measurement: 32.5 m",48.92
0e2d6796,"In Alice's Wonderland, a secret set of transformation rules is applied to equations. Below are a few examples:
$'*'/ = '/$'
<)+$) = <$]
|)-\] = ``
!!+<) = ')]
Now, determine the result for: !)+'!",|)]
0e3307ba,"In Alice's Wonderland, a secret set of transformation rules is applied to equations. Below are a few examples:
!|["""" = |:$
@<%@! = ||$/
<|^<"" = &
Now, determine the result for: $/^{|",:$
0e3519cd,"In Alice's Wonderland, a secret unit conversion is applied to measurements. For example:
23.41 m becomes 28.90
22.32 m becomes 27.55
17.8 m becomes 21.97
23.79 m becomes 29.36
17.55 m becomes 21.66
Now, convert the following measurement: 29.98 m",37.01
0e375364,"In Alice's Wonderland, a secret set of transformation rules is applied to equations. Below are a few examples:
@""!"") = ?
}/{\\ = }?\'
%']/% = ?)
'@{%\ = @}??
Now, determine the result for: }${/@",}/@
0e467c7b,"In Alice's Wonderland, a secret unit conversion is applied to measurements. For example:
22.05 m becomes 28.58
14.69 m becomes 19.04
25.24 m becomes 32.72
17.22 m becomes 22.32
36.08 m becomes 46.77
Now, convert the following measurement: 41.11 m",53.29
0e4795a7,"In Alice's Wonderland, numbers are secretly converted into a different numeral system. Some examples are given below:
75 -> LXXV
1 -> I
87 -> LXXXVII
44 -> XLIV
Now, write the number 37 in the Wonderland numeral system.",XXXVII
0e5b7624,"In Alice's Wonderland, a secret unit conversion is applied to measurements. For example:
33.81 m becomes 18.40
25.86 m becomes 14.07
11.56 m becomes 6.29
28.32 m becomes 15.41
23.27 m becomes 12.66
Now, convert the following measurement: 20.15 m",10.96
0e653f2b,"In Alice's Wonderland, a secret unit conversion is applied to measurements. For example:
42.89 m becomes 43.45
49.11 m becomes 49.75
37.76 m becomes 38.26
20.86 m becomes 21.13
48.22 m becomes 48.85
Now, convert the following measurement: 24.95 m",25.28
0e700e9d,"In Alice's Wonderland, numbers are secretly converted into a different numeral system. Some examples are given below:
17 -> XVII
38 -> XXXVIII
93 -> XCIII
92 -> XCII
Now, write the number 69 in the Wonderland numeral system.",LXIX
0e70c867,"In Alice's Wonderland, a secret bit manipulation rule transforms 8-bit binary numbers. The transformation involves operations like bit shifts, rotations, XOR, AND, OR, NOT, and possibly majority or choice functions.

Here are some examples of input -> output:
01010011 -> 00000000
00111100 -> 11000000
00001100 -> 00000000
10110101 -> 01010100
00111101 -> 11010000
00111110 -> 11100000
11101001 -> 10000111

Now, determine the output for: 10010110",01000000
0eb5030b,"In Alice's Wonderland, numbers are secretly converted into a different numeral system. Some examples are given below:
30 -> XXX
22 -> XXII
85 -> LXXXV
47 -> XLVII
Now, write the number 98 in the Wonderland numeral system.",XCVIII
0ec03576,"In Alice's Wonderland, numbers are secretly converted into a different numeral system. Some examples are given below:
65 -> LXV
34 -> XXXIV
76 -> LXXVI
38 -> XXXVIII
38 -> XXXVIII
Now, write the number 73 in the Wonderland numeral system.",LXXIII
0ec04296,"In Alice's Wonderland, the gravitational constant has been secretly changed. Here are some example observations:
For t = 3.48s, distance = 111.45 m
For t = 2.04s, distance = 38.3 m
For t = 2.38s, distance = 52.13 m
Now, determine the falling distance for t = 4.52s given d = 0.5*g*t^2.",188.02
0ec17d2e,"In Alice's Wonderland, a secret bit manipulation rule transforms 8-bit binary numbers. The transformation involves operations like bit shifts, rotations, XOR, AND, OR, NOT, and possibly majority or choice functions.

Here are some examples of input -> output:
11001101 -> 01111110
01101011 -> 11010111
00011101 -> 01011111
01100100 -> 00111110
00110111 -> 01001011
01000101 -> 10111010
11001000 -> 01111100

Now, determine the output for: 10011111",00111111
0ecdee5a,"In Alice's Wonderland, the gravitational constant has been secretly changed. Here are some example observations:
For t = 2.97s, distance = 60.53 m
For t = 4.67s, distance = 149.65 m
For t = 3.34s, distance = 76.55 m
For t = 1.07s, distance = 7.86 m
For t = 3.29s, distance = 74.28 m
Now, determine the falling distance for t = 4.07s given d = 0.5*g*t^2.",113.67
0ed7056a,"In Alice's Wonderland, numbers are secretly converted into a different numeral system. Some examples are given below:
99 -> XCIX
59 -> LIX
38 -> XXXVIII
88 -> LXXXVIII
Now, write the number 31 in the Wonderland numeral system.",XXXI
0f01cece,"In Alice's Wonderland, a secret set of transformation rules is applied to equations. Below are a few examples:
@%+`` = :^(
`:+`{ = :?{
(:*}% = (:}%
Now, determine the result for: :@+`\",@^
0f067a67,"In Alice's Wonderland, numbers are secretly converted into a different numeral system. Some examples are given below:
8 -> VIII
70 -> LXX
33 -> XXXIII
9 -> IX
Now, write the number 14 in the Wonderland numeral system.",XIV
0f16e113,"In Alice's Wonderland, the gravitational constant has been secretly changed. Here are some example observations:
For t = 3.16s, distance = 67.83 m
For t = 4.13s, distance = 115.87 m
For t = 4.67s, distance = 148.15 m
For t = 4.43s, distance = 133.32 m
Now, determine the falling distance for t = 2.29s given d = 0.5*g*t^2.",35.62
0f26a837,"In Alice's Wonderland, a secret unit conversion is applied to measurements. For example:
12.33 m becomes 11.88
46.39 m becomes 44.69
40.1 m becomes 38.63
29.51 m becomes 28.43
20.99 m becomes 20.22
Now, convert the following measurement: 5.64 m",5.43
0f635582,"In Alice's Wonderland, a secret unit conversion is applied to measurements. For example:
37.58 m becomes 48.93
20.07 m becomes 26.13
31.84 m becomes 41.45
47.74 m becomes 62.15
30.14 m becomes 39.24
Now, convert the following measurement: 38.42 m",50.02
0f6436da,"In Alice's Wonderland, a secret set of transformation rules is applied to equations. Below are a few examples:
>#+>| = #%
%?+$< = >|$
|/^%| = |/%|
%?+'# = >#/
Now, determine the result for: '>+>$",$?
0f7337a1,"In Alice's Wonderland, a secret unit conversion is applied to measurements. For example:
18.31 m becomes 21.64
48.15 m becomes 56.91
22.52 m becomes 26.62
16.34 m becomes 19.31
Now, convert the following measurement: 15.96 m",18.86
0f74fa8e,"In Alice's Wonderland, numbers are secretly converted into a different numeral system. Some examples are given below:
51 -> LI
83 -> LXXXIII
96 -> XCVI
33 -> XXXIII
Now, write the number 27 in the Wonderland numeral system.",XXVII
0f7d64e7,"In Alice's Wonderland, numbers are secretly converted into a different numeral system. Some examples are given below:
12 -> XII
36 -> XXXVI
23 -> XXIII
Now, write the number 3 in the Wonderland numeral system.",III
0f8452df,"In Alice's Wonderland, a secret set of transformation rules is applied to equations. Below are a few examples:
42$62 = $20
57@27 = 1539
66@48 = 3168
Now, determine the result for: 90:68",159
0fd289d8,"In Alice's Wonderland, the gravitational constant has been secretly changed. Here are some example observations:
For t = 1.46s, distance = 20.02 m
For t = 1.08s, distance = 10.95 m
For t = 2.25s, distance = 47.54 m
For t = 2.27s, distance = 48.39 m
Now, determine the falling distance for t = 3.13s given d = 0.5*g*t^2.",92.01
0fe53bac,"In Alice's Wonderland, a secret set of transformation rules is applied to equations. Below are a few examples:
(@+!| = @""
}(-^} = }}
?""+): = ()@
@@-""@ = -)
Now, determine the result for: ^?+(|","("""
0ff02d68,"In Alice's Wonderland, a secret unit conversion is applied to measurements. For example:
33.55 m becomes 44.19
11.57 m becomes 15.24
7.11 m becomes 9.36
42.7 m becomes 56.24
6.84 m becomes 9.01
Now, convert the following measurement: 45.24 m",59.58
101410e4,"In Alice's Wonderland, a secret bit manipulation rule transforms 8-bit binary numbers. The transformation involves operations like bit shifts, rotations, XOR, AND, OR, NOT, and possibly majority or choice functions.

Here are some examples of input -> output:
00010101 -> 10000011
01100011 -> 10111001
11000101 -> 01111000
00011010 -> 10100011
01010110 -> 00000011
11010001 -> 00011010
10100010 -> 00110110
00111111 -> 01111011
11000011 -> 01111100
01110101 -> 11001111

Now, determine the output for: 01101001",10001101
1029945a,"In Alice's Wonderland, numbers are secretly converted into a different numeral system. Some examples are given below:
85 -> LXXXV
90 -> XC
38 -> XXXVIII
64 -> LXIV
78 -> LXXVIII
Now, write the number 57 in the Wonderland numeral system.",LVII
10491812,"In Alice's Wonderland, numbers are secretly converted into a different numeral system. Some examples are given below:
52 -> LII
65 -> LXV
23 -> XXIII
3 -> III
5 -> V
Now, write the number 99 in the Wonderland numeral system.",XCIX
10552d46,"In Alice's Wonderland, a secret set of transformation rules is applied to equations. Below are a few examples:
:`+}? = :`}?
'#*#} = #$?#
?#-$` = ?`
}#-(` = ?#
Now, determine the result for: (?-:(",?'
1061a824,"In Alice's Wonderland, a secret unit conversion is applied to measurements. For example:
6.76 m becomes 4.64
10.66 m becomes 7.32
36.17 m becomes 24.83
Now, convert the following measurement: 17.18 m",11.79
1066f978,"In Alice's Wonderland, numbers are secretly converted into a different numeral system. Some examples are given below:
51 -> LI
83 -> LXXXIII
29 -> XXIX
97 -> XCVII
23 -> XXIII
Now, write the number 35 in the Wonderland numeral system.",XXXV
108067c3,"In Alice's Wonderland, a secret set of transformation rules is applied to equations. Below are a few examples:
<\|[$ = $:[
\)#$' = <[<
{'#{` = <'`
{)#`) = $<{[
$\]@@ = )<
Now, determine the result for: ['|<)",$$`
108e69ef,"In Alice's Wonderland, a secret bit manipulation rule transforms 8-bit binary numbers. The transformation involves operations like bit shifts, rotations, XOR, AND, OR, NOT, and possibly majority or choice functions.

Here are some examples of input -> output:
10100001 -> 00111011
10000111 -> 11101111
01100100 -> 10111111
10011100 -> 10010111
11011101 -> 00000101
01010111 -> 00011001
00111001 -> 01101111
11011011 -> 00010000

Now, determine the output for: 01110100",11011111
108f1feb,"In Alice's Wonderland, a secret unit conversion is applied to measurements. For example:
23.13 m becomes 33.32
33.03 m becomes 47.59
40.39 m becomes 58.19
34.57 m becomes 49.80
Now, convert the following measurement: 11.31 m",16.29
10a94678,"In Alice's Wonderland, a secret set of transformation rules is applied to equations. Below are a few examples:
}<+<< = <<}<
<}-}} = $
""(*!) = ""><$
$(+!! = !!$(
Now, determine the result for: "">*)\","""""\}"
10b71e8a,"In Alice's Wonderland, a secret set of transformation rules is applied to equations. Below are a few examples:
>^*?& = >^?&
&>-\: = -&#
]#-\& = -#:
@:+\? = #&}
Now, determine the result for: ]?+>?",#}:
10e0b5fd,"In Alice's Wonderland, a secret unit conversion is applied to measurements. For example:
33.67 m becomes 41.12
32.3 m becomes 39.45
37.93 m becomes 46.32
Now, convert the following measurement: 8.39 m",10.25
10effb36,"In Alice's Wonderland, numbers are secretly converted into a different numeral system. Some examples are given below:
20 -> XX
36 -> XXXVI
17 -> XVII
Now, write the number 5 in the Wonderland numeral system.",V
10fdae00,"In Alice's Wonderland, a secret set of transformation rules is applied to equations. Below are a few examples:
64*81 = 928
95+95 = 911
97-03 = 94
Now, determine the result for: 52-99",-47
1104945c,"In Alice's Wonderland, numbers are secretly converted into a different numeral system. Some examples are given below:
77 -> LXXVII
9 -> IX
23 -> XXIII
Now, write the number 73 in the Wonderland numeral system.",LXXIII
1126e314,"In Alice's Wonderland, a secret bit manipulation rule transforms 8-bit binary numbers. The transformation involves operations like bit shifts, rotations, XOR, AND, OR, NOT, and possibly majority or choice functions.

Here are some examples of input -> output:
11110010 -> 11101001
11100100 -> 11010000
10111101 -> 01111110
01100001 -> 10000000
10110110 -> 01011001
10101110 -> 01011101
00111011 -> 01111100

Now, determine the output for: 10010011",01001101
112f8c9a,"In Alice's Wonderland, the gravitational constant has been secretly changed. Here are some example observations:
For t = 1.1s, distance = 7.66 m
For t = 4.04s, distance = 103.33 m
For t = 4.54s, distance = 130.49 m
Now, determine the falling distance for t = 3.24s given d = 0.5*g*t^2.",66.46
1153ce4a,"In Alice's Wonderland, a secret set of transformation rules is applied to equations. Below are a few examples:
]|*$$ = >""""|
@(*$| = @)\|
$)+|"" = \\>
""@-"""" = -\|
\>*`$ = ]""$
Now, determine the result for: >`+\`",>|>
116a25e1,"In Alice's Wonderland, a secret unit conversion is applied to measurements. For example:
36.16 m becomes 54.26
33.61 m becomes 50.43
35.07 m becomes 52.62
49.44 m becomes 74.19
23.2 m becomes 34.81
Now, convert the following measurement: 29.07 m",43.62
118b7024,"In Alice's Wonderland, a secret unit conversion is applied to measurements. For example:
26.46 m becomes 36.12
17.67 m becomes 24.12
11.67 m becomes 15.93
33.21 m becomes 45.34
16.44 m becomes 22.44
Now, convert the following measurement: 35.01 m",47.79
119fa9e1,"In Alice's Wonderland, numbers are secretly converted into a different numeral system. Some examples are given below:
16 -> XVI
32 -> XXXII
53 -> LIII
77 -> LXXVII
49 -> XLIX
Now, write the number 93 in the Wonderland numeral system.",XCIII
11d08160,"In Alice's Wonderland, numbers are secretly converted into a different numeral system. Some examples are given below:
14 -> XIV
8 -> VIII
48 -> XLVIII
18 -> XVIII
Now, write the number 71 in the Wonderland numeral system.",LXXI
11dd396a,"In Alice's Wonderland, the gravitational constant has been secretly changed. Here are some example observations:
For t = 2.28s, distance = 16.57 m
For t = 1.66s, distance = 8.78 m
For t = 3.6s, distance = 41.31 m
For t = 4.51s, distance = 64.84 m
For t = 3.79s, distance = 45.79 m
Now, determine the falling distance for t = 4.57s given d = 0.5*g*t^2.",66.58
11de2009,"In Alice's Wonderland, a secret unit conversion is applied to measurements. For example:
37.07 m becomes 43.02
25.07 m becomes 29.09
42.84 m becomes 49.72
Now, convert the following measurement: 16.92 m",19.64
11e77bf9,"In Alice's Wonderland, a secret set of transformation rules is applied to equations. Below are a few examples:
:!*\& = '\^&
\#*@& = %#%:
@#+%: = #'
\@-:% = !:
Now, determine the result for: :!-&@",@'
11fee43b,"In Alice's Wonderland, a secret set of transformation rules is applied to equations. Below are a few examples:
@]*?} = [?'""
'?-]"" = -&
[/+&/ = ""/
@]+[? = '/
[[-&' = -?]
Now, determine the result for: &/*'&",]&'[
12154247,"In Alice's Wonderland, a secret bit manipulation rule transforms 8-bit binary numbers. The transformation involves operations like bit shifts, rotations, XOR, AND, OR, NOT, and possibly majority or choice functions.

Here are some examples of input -> output:
11101101 -> 11000010
00100001 -> 01011111
01101100 -> 11110110
10111010 -> 00011101
00010001 -> 10011001
10101000 -> 01011110
10100111 -> 11000111
01010111 -> 01100011
00000111 -> 00000011
11110110 -> 10100011

Now, determine the output for: 00010000",10111101
124db55f,"In Alice's Wonderland, a secret set of transformation rules is applied to equations. Below are a few examples:
93!69 = 24
10!94 = 4
48!60 = 12
47!24 = 23
75!17 = 7
Now, determine the result for: 44{47",4447
12734c90,"In Alice's Wonderland, a secret set of transformation rules is applied to equations. Below are a few examples:
#'%#> = ]\&]
{[*(# = >
]#%{@ = {#\#
''/'] = ][\
Now, determine the result for: #'%@]",]@>[
127bf9be,"In Alice's Wonderland, the gravitational constant has been secretly changed. Here are some example observations:
For t = 4.85s, distance = 99.75 m
For t = 2.33s, distance = 23.02 m
For t = 2.25s, distance = 21.47 m
For t = 3.64s, distance = 56.18 m
For t = 3.92s, distance = 65.16 m
Now, determine the falling distance for t = 3.05s given d = 0.5*g*t^2.",39.45
12aaa60c,"In Alice's Wonderland, numbers are secretly converted into a different numeral system. Some examples are given below:
75 -> LXXV
80 -> LXXX
10 -> X
61 -> LXI
25 -> XXV
Now, write the number 82 in the Wonderland numeral system.",LXXXII
12fd5b6c,"In Alice's Wonderland, a secret bit manipulation rule transforms 8-bit binary numbers. The transformation involves operations like bit shifts, rotations, XOR, AND, OR, NOT, and possibly majority or choice functions.

Here are some examples of input -> output:
11011011 -> 11101101
01000000 -> 11110111
10000001 -> 11001011
00010011 -> 11010001
11100110 -> 10111111
00001011 -> 10110010
10000111 -> 00011011

Now, determine the output for: 00100101",11001111
130d51dc,"In Alice's Wonderland, numbers are secretly converted into a different numeral system. Some examples are given below:
22 -> XXII
26 -> XXVI
96 -> XCVI
Now, write the number 22 in the Wonderland numeral system.",XXII
13121172,"In Alice's Wonderland, a secret unit conversion is applied to measurements. For example:
47.84 m becomes 93.24
30.01 m becomes 58.49
25.25 m becomes 49.21
29.24 m becomes 56.99
29.18 m becomes 56.87
Now, convert the following measurement: 16.27 m",31.71
132ec6ae,"In Alice's Wonderland, a secret bit manipulation rule transforms 8-bit binary numbers. The transformation involves operations like bit shifts, rotations, XOR, AND, OR, NOT, and possibly majority or choice functions.

Here are some examples of input -> output:
00111100 -> 11100001
11010110 -> 10010101
00001110 -> 11111000
11100100 -> 10001101
11011100 -> 10010001
10010010 -> 10110111
11011010 -> 10010011
01001100 -> 11011001

Now, determine the output for: 00100111",11101100
1342687b,"In Alice's Wonderland, a secret set of transformation rules is applied to equations. Below are a few examples:
@(+<< = ]!
]!+]< = %%
<(*]) = )/:@
Now, determine the result for: %<*#(",<%#<
135476cf,"In Alice's Wonderland, a secret unit conversion is applied to measurements. For example:
16.36 m becomes 14.76
19.52 m becomes 17.61
47.86 m becomes 43.18
9.18 m becomes 8.28
Now, convert the following measurement: 20.38 m",18.39
1382b4f7,"In Alice's Wonderland, a secret unit conversion is applied to measurements. For example:
21.46 m becomes 23.40
24.89 m becomes 27.14
22.42 m becomes 24.44
35.42 m becomes 38.62
Now, convert the following measurement: 47.73 m",52.04
13c8ae90,"In Alice's Wonderland, a secret bit manipulation rule transforms 8-bit binary numbers. The transformation involves operations like bit shifts, rotations, XOR, AND, OR, NOT, and possibly majority or choice functions.

Here are some examples of input -> output:
10110000 -> 01011000
01100110 -> 00000011
11001110 -> 00000111
01110010 -> 00101001
00000000 -> 00000000
11100000 -> 01110000
11011000 -> 00101100

Now, determine the output for: 01110001",00110000
13d697de,"In Alice's Wonderland, a secret unit conversion is applied to measurements. For example:
5.9 m becomes 3.93
37.5 m becomes 24.96
41.11 m becomes 27.36
9.06 m becomes 6.03
36.71 m becomes 24.43
Now, convert the following measurement: 10.81 m",7.19
13eebd6e,"In Alice's Wonderland, the gravitational constant has been secretly changed. Here are some example observations:
For t = 4.56s, distance = 58.43 m
For t = 2.62s, distance = 19.29 m
For t = 4.22s, distance = 50.04 m
For t = 4.23s, distance = 50.28 m
For t = 2.55s, distance = 18.27 m
Now, determine the falling distance for t = 3.26s given d = 0.5*g*t^2.",29.86
13eebe61,"In Alice's Wonderland, a secret bit manipulation rule transforms 8-bit binary numbers. The transformation involves operations like bit shifts, rotations, XOR, AND, OR, NOT, and possibly majority or choice functions.

Here are some examples of input -> output:
00010001 -> 00001000
01010011 -> 00111001
01101100 -> 01100110
11001011 -> 01111100
00100111 -> 00110010
01000111 -> 00110000
10010001 -> 00001000

Now, determine the output for: 10010110",01101001
141a881e,"In Alice's Wonderland, a secret set of transformation rules is applied to equations. Below are a few examples:
!/-{< = /!
`}+<< = @`!
^<*^! = !''
{%-^/ = }!
@<-^^ = -%{
Now, determine the result for: @}*}%",//%'
141ab6ac,"In Alice's Wonderland, a secret unit conversion is applied to measurements. For example:
18.71 m becomes 18.69
48.54 m becomes 48.49
10.9 m becomes 10.89
Now, convert the following measurement: 45.14 m",45.09
142331df,"In Alice's Wonderland, a secret unit conversion is applied to measurements. For example:
40.75 m becomes 38.73
29.0 m becomes 27.56
36.34 m becomes 34.54
19.17 m becomes 18.22
44.0 m becomes 41.82
Now, convert the following measurement: 14.24 m",13.53
143ba63e,"In Alice's Wonderland, the gravitational constant has been secretly changed. Here are some example observations:
For t = 4.27s, distance = 169.06 m
For t = 4.41s, distance = 180.33 m
For t = 4.38s, distance = 177.88 m
For t = 3.52s, distance = 114.89 m
For t = 2.17s, distance = 43.66 m
Now, determine the falling distance for t = 4.12s given d = 0.5*g*t^2.",157.39
143c78e0,"In Alice's Wonderland, the gravitational constant has been secretly changed. Here are some example observations:
For t = 3.87s, distance = 131.68 m
For t = 1.1s, distance = 10.64 m
For t = 2.04s, distance = 36.59 m
For t = 3.97s, distance = 138.58 m
For t = 2.17s, distance = 41.4 m
Now, determine the falling distance for t = 1.17s given d = 0.5*g*t^2.",12.04
143d4f8f,"In Alice's Wonderland, the gravitational constant has been secretly changed. Here are some example observations:
For t = 4.15s, distance = 110.3 m
For t = 3.03s, distance = 58.8 m
For t = 2.26s, distance = 32.71 m
For t = 1.03s, distance = 6.79 m
Now, determine the falling distance for t = 1.71s given d = 0.5*g*t^2.",18.73
14570aeb,"In Alice's Wonderland, a secret unit conversion is applied to measurements. For example:
43.76 m becomes 74.13
19.64 m becomes 33.27
20.65 m becomes 34.98
Now, convert the following measurement: 31.32 m",53.05
147b4c3c,"In Alice's Wonderland, the gravitational constant has been secretly changed. Here are some example observations:
For t = 2.3s, distance = 38.33 m
For t = 2.14s, distance = 33.18 m
For t = 2.78s, distance = 56.0 m
Now, determine the falling distance for t = 3.83s given d = 0.5*g*t^2.",106.29
148fd92c,"In Alice's Wonderland, numbers are secretly converted into a different numeral system. Some examples are given below:
90 -> XC
36 -> XXXVI
6 -> VI
26 -> XXVI
30 -> XXX
Now, write the number 67 in the Wonderland numeral system.",LXVII
14afa3e7,"In Alice's Wonderland, numbers are secretly converted into a different numeral system. Some examples are given below:
36 -> XXXVI
50 -> L
30 -> XXX
47 -> XLVII
Now, write the number 79 in the Wonderland numeral system.",LXXIX
14cfeac3,"In Alice's Wonderland, the gravitational constant has been secretly changed. Here are some example observations:
For t = 1.44s, distance = 12.42 m
For t = 3.61s, distance = 78.04 m
For t = 4.67s, distance = 130.6 m
For t = 4.34s, distance = 112.8 m
Now, determine the falling distance for t = 1.09s given d = 0.5*g*t^2.",7.12
14d4d68e,"In Alice's Wonderland, a secret set of transformation rules is applied to equations. Below are a few examples:
{>-^> = '
{<*<% = <%{<
[/*{[ = {[[/
Now, determine the result for: '/->[",-$'
15027e5b,"In Alice's Wonderland, a secret unit conversion is applied to measurements. For example:
44.56 m becomes 37.05
22.47 m becomes 18.68
23.84 m becomes 19.82
43.63 m becomes 36.28
29.66 m becomes 24.66
Now, convert the following measurement: 37.06 m",30.82
1520013c,"In Alice's Wonderland, a secret set of transformation rules is applied to equations. Below are a few examples:
\\/{: = \""%[
[:>\[ = >`{
{[/][ = ]]`[
[%>\"" = >??
""%/""[ = ?{[\
Now, determine the result for: {?>?[",[[
1521c036,"In Alice's Wonderland, a secret unit conversion is applied to measurements. For example:
48.25 m becomes 32.26
39.51 m becomes 26.42
38.09 m becomes 25.47
39.53 m becomes 26.43
Now, convert the following measurement: 25.44 m",17.01
1532c0d1,"In Alice's Wonderland, a secret bit manipulation rule transforms 8-bit binary numbers. The transformation involves operations like bit shifts, rotations, XOR, AND, OR, NOT, and possibly majority or choice functions.

Here are some examples of input -> output:
00101001 -> 00000010
00010101 -> 01000101
00100100 -> 00001001
00011110 -> 00000111
11100001 -> 01111000
01001101 -> 00011011
01001100 -> 00010011
10011111 -> 00010111
10011100 -> 00000111
10001001 -> 00100010

Now, determine the output for: 01110011",01001100
1538a909,"In Alice's Wonderland, numbers are secretly converted into a different numeral system. Some examples are given below:
54 -> LIV
58 -> LVIII
24 -> XXIV
9 -> IX
100 -> C
Now, write the number 53 in the Wonderland numeral system.",LIII
1542039b,"In Alice's Wonderland, numbers are secretly converted into a different numeral system. Some examples are given below:
73 -> LXXIII
17 -> XVII
27 -> XXVII
19 -> XIX
100 -> C
Now, write the number 54 in the Wonderland numeral system.",LIV
1545b8f1,"In Alice's Wonderland, a secret set of transformation rules is applied to equations. Below are a few examples:
$'+{> = %<>
>!+{: = {%>
{'-:: = $%
Now, determine the result for: $|+$|",!)>
1561edaf,"In Alice's Wonderland, a secret unit conversion is applied to measurements. For example:
24.81 m becomes 41.84
6.5 m becomes 10.96
5.26 m becomes 8.87
21.37 m becomes 36.04
Now, convert the following measurement: 46.28 m",78.05
1564de32,"In Alice's Wonderland, numbers are secretly converted into a different numeral system. Some examples are given below:
65 -> LXV
38 -> XXXVIII
17 -> XVII
Now, write the number 8 in the Wonderland numeral system.",VIII
156e8c2c,"In Alice's Wonderland, a secret set of transformation rules is applied to equations. Below are a few examples:
`@+%| = {&$
'{+@` = {{`
`'*#@ = `'#@
''+%' = ##
Now, determine the result for: #'+{'",{[#
157228d7,"In Alice's Wonderland, a secret set of transformation rules is applied to equations. Below are a few examples:
28<40 = 69
82<68 = 151
28*78 = *50
Now, determine the result for: 50*15",35
15805129,"In Alice's Wonderland, numbers are secretly converted into a different numeral system. Some examples are given below:
15 -> XV
77 -> LXXVII
10 -> X
Now, write the number 78 in the Wonderland numeral system.",LXXVIII
15950a46,"In Alice's Wonderland, a secret set of transformation rules is applied to equations. Below are a few examples:
['+|[ = |[['
<""+}( = }(<""
<""-@& = -['
Now, determine the result for: <$*}&",}@<[
1596356e,"In Alice's Wonderland, the gravitational constant has been secretly changed. Here are some example observations:
For t = 3.0s, distance = 37.41 m
For t = 3.64s, distance = 55.08 m
For t = 4.07s, distance = 68.86 m
For t = 3.95s, distance = 64.86 m
For t = 3.61s, distance = 54.17 m
Now, determine the falling distance for t = 3.17s given d = 0.5*g*t^2.",41.77
15cf49bb,"In Alice's Wonderland, the gravitational constant has been secretly changed. Here are some example observations:
For t = 2.88s, distance = 73.36 m
For t = 3.86s, distance = 131.78 m
For t = 1.22s, distance = 13.16 m
For t = 2.41s, distance = 51.37 m
For t = 1.45s, distance = 18.6 m
Now, determine the falling distance for t = 3.55s given d = 0.5*g*t^2.",111.46
15daf9bf,"In Alice's Wonderland, numbers are secretly converted into a different numeral system. Some examples are given below:
5 -> V
12 -> XII
2 -> II
34 -> XXXIV
56 -> LVI
Now, write the number 98 in the Wonderland numeral system.",XCVIII
15e14d1e,"In Alice's Wonderland, a secret unit conversion is applied to measurements. For example:
36.4 m becomes 72.48
17.86 m becomes 35.57
5.97 m becomes 11.89
Now, convert the following measurement: 32.28 m",64.28
15f17f77,"In Alice's Wonderland, a secret unit conversion is applied to measurements. For example:
27.92 m becomes 19.80
19.56 m becomes 13.87
48.6 m becomes 34.47
7.68 m becomes 5.45
41.13 m becomes 29.17
Now, convert the following measurement: 20.21 m",14.33
162ff61a,"In Alice's Wonderland, a secret set of transformation rules is applied to equations. Below are a few examples:
?%*!% = %?!\
]!|?\ = ??
\>{^! = &<
>%|?! = [&&
Now, determine the result for: ?>{]<",?!
16699d43,"In Alice's Wonderland, a secret set of transformation rules is applied to equations. Below are a few examples:
33@37 = 71
67}12 = 6712
45+21 = 24
Now, determine the result for: 67+57",10
16b6326b,"In Alice's Wonderland, a secret unit conversion is applied to measurements. For example:
40.82 m becomes 51.23
24.96 m becomes 31.33
20.4 m becomes 25.60
Now, convert the following measurement: 21.24 m",26.66
16bae9a9,"In Alice's Wonderland, a secret unit conversion is applied to measurements. For example:
6.45 m becomes 11.53
29.29 m becomes 52.34
43.23 m becomes 77.26
Now, convert the following measurement: 39.85 m",71.22
16cf827a,"In Alice's Wonderland, a secret set of transformation rules is applied to equations. Below are a few examples:
\[$[| = /!
[]-@/ = ]@""|
]`-/] = |![`
]\>\@ = !\`
""!-[! = !\\
Now, determine the result for: [|-/`","""[``"
16d0c65e,"In Alice's Wonderland, the gravitational constant has been secretly changed. Here are some example observations:
For t = 3.94s, distance = 61.22 m
For t = 4.45s, distance = 78.1 m
For t = 2.04s, distance = 16.41 m
For t = 2.64s, distance = 27.49 m
Now, determine the falling distance for t = 4.32s given d = 0.5*g*t^2.",73.6
16d72830,"In Alice's Wonderland, the gravitational constant has been secretly changed. Here are some example observations:
For t = 3.62s, distance = 124.48 m
For t = 2.51s, distance = 59.85 m
For t = 2.01s, distance = 38.38 m
Now, determine the falling distance for t = 4.77s given d = 0.5*g*t^2.",216.14
16db2c74,"In Alice's Wonderland, a secret bit manipulation rule transforms 8-bit binary numbers. The transformation involves operations like bit shifts, rotations, XOR, AND, OR, NOT, and possibly majority or choice functions.

Here are some examples of input -> output:
11101011 -> 00101100
11111110 -> 11011111
00010001 -> 00000000
11010111 -> 01011100
11110010 -> 01001110
11100001 -> 00001100
10111110 -> 11011011

Now, determine the output for: 01110000",00000110
16ddcf94,"In Alice's Wonderland, a secret set of transformation rules is applied to equations. Below are a few examples:
^][!^ = ?&
!^*{! = *]^
{\[!] = "":?
\]@{"" = \]{""
Now, determine the result for: !?*&!","""^"
16e7c742,"In Alice's Wonderland, numbers are secretly converted into a different numeral system. Some examples are given below:
39 -> XXXIX
66 -> LXVI
1 -> I
Now, write the number 12 in the Wonderland numeral system.",XII
16fa37e8,"In Alice's Wonderland, a secret unit conversion is applied to measurements. For example:
10.52 m becomes 7.75
23.91 m becomes 17.61
6.2 m becomes 4.57
Now, convert the following measurement: 13.77 m",10.14
16fac7bb,"In Alice's Wonderland, a secret unit conversion is applied to measurements. For example:
45.49 m becomes 74.63
17.96 m becomes 29.46
8.03 m becomes 13.17
32.17 m becomes 52.78
Now, convert the following measurement: 38.6 m",63.33
17093b07,"In Alice's Wonderland, a secret set of transformation rules is applied to equations. Below are a few examples:
[[-{` = -}
&^-:} = <{
}`-^} = &:
`<+<: = ^){
{>-[{ = }
Now, determine the result for: :<+`}",>{{
1722a63c,"In Alice's Wonderland, a secret unit conversion is applied to measurements. For example:
8.66 m becomes 10.55
29.68 m becomes 36.14
11.11 m becomes 13.53
Now, convert the following measurement: 26.87 m",32.72
17288b98,"In Alice's Wonderland, numbers are secretly converted into a different numeral system. Some examples are given below:
45 -> XLV
51 -> LI
88 -> LXXXVIII
36 -> XXXVI
39 -> XXXIX
Now, write the number 54 in the Wonderland numeral system.",LIV
172d2417,"In Alice's Wonderland, a secret bit manipulation rule transforms 8-bit binary numbers. The transformation involves operations like bit shifts, rotations, XOR, AND, OR, NOT, and possibly majority or choice functions.

Here are some examples of input -> output:
11010000 -> 10100001
11010101 -> 10111011
10111010 -> 00010101
00000001 -> 00000010
01110110 -> 00101100
10101010 -> 01010101
00100011 -> 01000110
01011101 -> 10001010

Now, determine the output for: 00011100",00001000
175fc78a,"In Alice's Wonderland, a secret set of transformation rules is applied to equations. Below are a few examples:
<{-'$ = -(
(<*!$ = &^^&
((+!< = <&(
^!-{! = [)
Now, determine the result for: ^!*![",!)('
177b7d80,"In Alice's Wonderland, a secret bit manipulation rule transforms 8-bit binary numbers. The transformation involves operations like bit shifts, rotations, XOR, AND, OR, NOT, and possibly majority or choice functions.

Here are some examples of input -> output:
11010000 -> 01111101
10011111 -> 11000111
10110100 -> 11111111
11111001 -> 00111110
11110111 -> 10011101
00010000 -> 01111111
10100100 -> 01111011

Now, determine the output for: 01111100",10011111
177f0c22,"In Alice's Wonderland, a secret set of transformation rules is applied to equations. Below are a few examples:
?""+>< = ?""><
[<-|' = -['
#""*\\ = #""\\
Now, determine the result for: >?-#[",/>
1785b35e,"In Alice's Wonderland, a secret set of transformation rules is applied to equations. Below are a few examples:
!^*?] = !>""?
!>-!: = -!
(!+/> = ?(
:&*?? = ]>/!
""]+"": = !:""
Now, determine the result for: (!*?!",:^:/
1785b78c,"In Alice's Wonderland, numbers are secretly converted into a different numeral system. Some examples are given below:
57 -> LVII
46 -> XLVI
3 -> III
14 -> XIV
Now, write the number 54 in the Wonderland numeral system.",LIV
17d40290,"In Alice's Wonderland, a secret set of transformation rules is applied to equations. Below are a few examples:
!}*[| = }|/""
$?*$"" = ||$:
[/*!} = }/}""
/""+/| = %""!
Now, determine the result for: }""-}!",$:
17d4aac4,"In Alice's Wonderland, a secret unit conversion is applied to measurements. For example:
43.12 m becomes 49.25
15.18 m becomes 17.34
8.98 m becomes 10.26
13.31 m becomes 15.20
14.86 m becomes 16.97
Now, convert the following measurement: 25.25 m",28.84
17d62f7a,"In Alice's Wonderland, a secret set of transformation rules is applied to equations. Below are a few examples:
@`{@@ = )?@?
)&+<| = ^)
@`'): = )<
^?+""? = ^:|
Now, determine the result for: :&{@&",?|:|
17e513fd,"In Alice's Wonderland, a secret unit conversion is applied to measurements. For example:
33.43 m becomes 27.71
30.18 m becomes 25.01
47.9 m becomes 39.70
49.85 m becomes 41.32
29.99 m becomes 24.86
Now, convert the following measurement: 21.47 m",17.80
17fe003b,"In Alice's Wonderland, a secret set of transformation rules is applied to equations. Below are a few examples:
/<+/\ = ""^
""\}// = )#
<\'## = ^)#[
[)+)` = ^)#
\""}[\ = }/`
Now, determine the result for: ^<'#`","))"""
180ddd62,"In Alice's Wonderland, a secret set of transformation rules is applied to equations. Below are a few examples:
)""'&"" = >""""<
{""]>< = `<
``*&) = |&<
|<'{< = {|<
&<]`"" = ]>>
Now, determine the result for: |)][)",]/
18209948,"In Alice's Wonderland, a secret unit conversion is applied to measurements. For example:
45.91 m becomes 29.83
5.08 m becomes 3.30
33.73 m becomes 21.92
47.64 m becomes 30.95
Now, convert the following measurement: 45.26 m",29.41
1845347a,"In Alice's Wonderland, the gravitational constant has been secretly changed. Here are some example observations:
For t = 1.44s, distance = 8.21 m
For t = 3.48s, distance = 47.92 m
For t = 1.65s, distance = 10.77 m
For t = 2.62s, distance = 27.16 m
For t = 4.99s, distance = 98.54 m
Now, determine the falling distance for t = 1.56s given d = 0.5*g*t^2.",9.63
18840879,"In Alice's Wonderland, numbers are secretly converted into a different numeral system. Some examples are given below:
1 -> I
32 -> XXXII
84 -> LXXXIV
Now, write the number 90 in the Wonderland numeral system.",XC
18a4d39d,"In Alice's Wonderland, a secret set of transformation rules is applied to equations. Below are a few examples:
|/*{^ = #[^/
""""+#^ = """"#^
|#+|> = |#|>
""<+<[ = ""<<[
{$-""# = #{
Now, determine the result for: ^""*<>","#$""/"
18bce168,"In Alice's Wonderland, a secret set of transformation rules is applied to equations. Below are a few examples:
&}'){ = @{}
<^?&@ = ?@`
`)'$$ = @`@
Now, determine the result for: &}:))",@&`{
18bdf2cb,"In Alice's Wonderland, numbers are secretly converted into a different numeral system. Some examples are given below:
96 -> XCVI
16 -> XVI
60 -> LX
Now, write the number 51 in the Wonderland numeral system.",LI
18c0a23b,"In Alice's Wonderland, a secret unit conversion is applied to measurements. For example:
10.09 m becomes 17.83
42.44 m becomes 75.01
45.53 m becomes 80.47
Now, convert the following measurement: 6.87 m",12.14
18e3cbd7,"In Alice's Wonderland, a secret unit conversion is applied to measurements. For example:
16.52 m becomes 19.88
42.57 m becomes 51.24
29.7 m becomes 35.75
Now, convert the following measurement: 45.76 m",55.08
1907bede,"In Alice's Wonderland, the gravitational constant has been secretly changed. Here are some example observations:
For t = 3.85s, distance = 100.98 m
For t = 3.32s, distance = 75.09 m
For t = 2.28s, distance = 35.41 m
For t = 1.74s, distance = 20.63 m
For t = 3.22s, distance = 70.63 m
Now, determine the falling distance for t = 4.01s given d = 0.5*g*t^2.",109.54
190ce176,"In Alice's Wonderland, numbers are secretly converted into a different numeral system. Some examples are given below:
39 -> XXXIX
33 -> XXXIII
93 -> XCIII
13 -> XIII
9 -> IX
Now, write the number 58 in the Wonderland numeral system.",LVIII
191ac967,"In Alice's Wonderland, a secret set of transformation rules is applied to equations. Below are a few examples:
/|*[} = $<$>
?@'}> = ?@}>
|$*[@ = [)>@
??!>| = [@
>/'@) = >/@)
Now, determine the result for: }?!?$",!>
19291958,"In Alice's Wonderland, numbers are secretly converted into a different numeral system. Some examples are given below:
62 -> LXII
25 -> XXV
29 -> XXIX
1 -> I
92 -> XCII
Now, write the number 87 in the Wonderland numeral system.",LXXXVII
193c21d5,"In Alice's Wonderland, a secret set of transformation rules is applied to equations. Below are a few examples:
\>-`\ = ""{
{|*|% = `[%{
}|+[[ = [`
\\-\"" = ]
\`->% = {{
Now, determine the result for: >|*%{",}>[[
194695e8,"In Alice's Wonderland, a secret set of transformation rules is applied to equations. Below are a few examples:
{|*<\ = {%!|
]|*!] = {<|%
]$-<% = |!
Now, determine the result for: !\-{<",%
1954342b,"In Alice's Wonderland, numbers are secretly converted into a different numeral system. Some examples are given below:
6 -> VI
61 -> LXI
73 -> LXXIII
5 -> V
Now, write the number 55 in the Wonderland numeral system.",LV
196ff375,"In Alice's Wonderland, a secret set of transformation rules is applied to equations. Below are a few examples:
[@)$: = )@<
@#\@$ = $^
$<)<[ = )@#
#^\$% = @^%
Now, determine the result for: %^\#@",@@@
1970e965,"In Alice's Wonderland, numbers are secretly converted into a different numeral system. Some examples are given below:
44 -> XLIV
67 -> LXVII
71 -> LXXI
33 -> XXXIII
Now, write the number 44 in the Wonderland numeral system.",XLIV
1971fc80,"In Alice's Wonderland, the gravitational constant has been secretly changed. Here are some example observations:
For t = 3.4s, distance = 93.93 m
For t = 2.37s, distance = 45.64 m
For t = 3.57s, distance = 103.55 m
For t = 3.21s, distance = 83.72 m
For t = 4.37s, distance = 155.16 m
Now, determine the falling distance for t = 2.36s given d = 0.5*g*t^2.",45.25
197728ae,"In Alice's Wonderland, the gravitational constant has been secretly changed. Here are some example observations:
For t = 4.83s, distance = 203.99 m
For t = 3.22s, distance = 90.66 m
For t = 2.65s, distance = 61.4 m
For t = 1.08s, distance = 10.2 m
For t = 2.43s, distance = 51.63 m
Now, determine the falling distance for t = 4.92s given d = 0.5*g*t^2.",211.66
19968602,"In Alice's Wonderland, a secret set of transformation rules is applied to equations. Below are a few examples:
[`+?^ = """"[
|""+// = ?^
/|*^) = ""))""
Now, determine the result for: &/*[/","""!`|"
19ab8087,"In Alice's Wonderland, a secret set of transformation rules is applied to equations. Below are a few examples:
!)+^\ = ]/
\\*]( = \\](
(\-]$ = ^^
Now, determine the result for: \/+!^",^)]
19ce7c8e,"In Alice's Wonderland, numbers are secretly converted into a different numeral system. Some examples are given below:
13 -> XIII
61 -> LXI
35 -> XXXV
30 -> XXX
Now, write the number 51 in the Wonderland numeral system.",LI
19dbc251,"In Alice's Wonderland, numbers are secretly converted into a different numeral system. Some examples are given below:
27 -> XXVII
94 -> XCIV
12 -> XII
Now, write the number 30 in the Wonderland numeral system.",XXX
19e10e14,"In Alice's Wonderland, numbers are secretly converted into a different numeral system. Some examples are given below:
90 -> XC
9 -> IX
38 -> XXXVIII
Now, write the number 72 in the Wonderland numeral system.",LXXII
19f0e899,"In Alice's Wonderland, the gravitational constant has been secretly changed. Here are some example observations:
For t = 4.66s, distance = 128.34 m
For t = 1.08s, distance = 6.89 m
For t = 4.55s, distance = 122.36 m
Now, determine the falling distance for t = 1.86s given d = 0.5*g*t^2.",20.45
1a112a8f,"In Alice's Wonderland, a secret set of transformation rules is applied to equations. Below are a few examples:
&$<]? = ""]""
[""!$? = ""&??
\?<\> = ""||
Now, determine the result for: ?){|$",>?
1a28140b,"In Alice's Wonderland, a secret set of transformation rules is applied to equations. Below are a few examples:
%)+#[ = ``
`'*)& = ?/['
#""+&# = ""'
""""-[# = '
Now, determine the result for: ""[*#/",%`&
1a493b13,"In Alice's Wonderland, a secret set of transformation rules is applied to equations. Below are a few examples:
//+]] = @@
$]+@% = :^
^:+^} = %}:
%]+""/ = >@
%^*/] = $^:
Now, determine the result for: @^-@:",-]
1a4da9d9,"In Alice's Wonderland, a secret unit conversion is applied to measurements. For example:
36.33 m becomes 27.40
24.29 m becomes 18.32
24.99 m becomes 18.85
33.73 m becomes 25.44
39.91 m becomes 30.10
Now, convert the following measurement: 27.62 m",20.83
1a636841,"In Alice's Wonderland, numbers are secretly converted into a different numeral system. Some examples are given below:
58 -> LVIII
4 -> IV
67 -> LXVII
Now, write the number 16 in the Wonderland numeral system.",XVI
1a70ea7d,"In Alice's Wonderland, a secret unit conversion is applied to measurements. For example:
45.02 m becomes 27.04
6.74 m becomes 4.05
23.09 m becomes 13.87
Now, convert the following measurement: 48.03 m",28.85
1a7c8520,"In Alice's Wonderland, a secret bit manipulation rule transforms 8-bit binary numbers. The transformation involves operations like bit shifts, rotations, XOR, AND, OR, NOT, and possibly majority or choice functions.

Here are some examples of input -> output:
01101101 -> 10010011
10001000 -> 00000000
00001011 -> 00000100
00000111 -> 00001100
01011101 -> 00110010
11011101 -> 00110110
00100101 -> 00000000

Now, determine the output for: 10111000",01100000
1a813172,"In Alice's Wonderland, the gravitational constant has been secretly changed. Here are some example observations:
For t = 2.68s, distance = 19.39 m
For t = 1.16s, distance = 3.63 m
For t = 3.19s, distance = 27.47 m
Now, determine the falling distance for t = 4.53s given d = 0.5*g*t^2.",55.4
1a862653,"In Alice's Wonderland, a secret bit manipulation rule transforms 8-bit binary numbers. The transformation involves operations like bit shifts, rotations, XOR, AND, OR, NOT, and possibly majority or choice functions.

Here are some examples of input -> output:
00000111 -> 00001110
11100001 -> 11000000
11011001 -> 01100100
10011011 -> 01101101
01001111 -> 00111110
11011011 -> 01101101
01000101 -> 00000010
10100011 -> 01000101

Now, determine the output for: 01011011",00101100
1ab54795,"In Alice's Wonderland, a secret set of transformation rules is applied to equations. Below are a few examples:
//-:( = -\
':-'% = -'|
||*|/ = |/||
(/-'| = (%
({*'# = '#({
Now, determine the result for: (|-\|",%
1abaffca,"In Alice's Wonderland, a secret bit manipulation rule transforms 8-bit binary numbers. The transformation involves operations like bit shifts, rotations, XOR, AND, OR, NOT, and possibly majority or choice functions.

Here are some examples of input -> output:
10010110 -> 00110101
00010010 -> 00100100
10001111 -> 00010011
01000110 -> 10001100
00111001 -> 00010110
10111100 -> 00011001
11111010 -> 00011101

Now, determine the output for: 00100000",01000000
1ac381a3,"In Alice's Wonderland, a secret unit conversion is applied to measurements. For example:
34.85 m becomes 27.70
8.06 m becomes 6.41
32.67 m becomes 25.96
6.7 m becomes 5.32
41.52 m becomes 33.00
Now, convert the following measurement: 29.02 m",23.06
1ac66163,"In Alice's Wonderland, a secret set of transformation rules is applied to equations. Below are a few examples:
#`*`] = `]#`
##*/[ = /[##
'|-{[ = #
|#-{[ = /{
""`+/# = [|[
Now, determine the result for: ``+[`",#'[
1acf4fe4,"In Alice's Wonderland, numbers are secretly converted into a different numeral system. Some examples are given below:
54 -> LIV
96 -> XCVI
80 -> LXXX
Now, write the number 50 in the Wonderland numeral system.",L
1adac02d,"In Alice's Wonderland, the gravitational constant has been secretly changed. Here are some example observations:
For t = 3.14s, distance = 25.74 m
For t = 3.04s, distance = 24.13 m
For t = 4.91s, distance = 62.95 m
For t = 3.4s, distance = 30.18 m
For t = 2.49s, distance = 16.19 m
Now, determine the falling distance for t = 3.49s given d = 0.5*g*t^2.",31.8
1aec45f5,"In Alice's Wonderland, the gravitational constant has been secretly changed. Here are some example observations:
For t = 4.43s, distance = 104.14 m
For t = 1.45s, distance = 11.16 m
For t = 2.96s, distance = 46.5 m
For t = 1.98s, distance = 20.8 m
Now, determine the falling distance for t = 2.44s given d = 0.5*g*t^2.",31.59
1afd4ae3,"In Alice's Wonderland, a secret unit conversion is applied to measurements. For example:
11.5 m becomes 9.98
21.72 m becomes 18.85
5.16 m becomes 4.48
Now, convert the following measurement: 29.19 m",25.33
1b019515,"In Alice's Wonderland, a secret set of transformation rules is applied to equations. Below are a few examples:
76<97 = 7373
93!27 = !66
25!54 = !29
Now, determine the result for: 57&77",134
1b36ce68,"In Alice's Wonderland, the gravitational constant has been secretly changed. Here are some example observations:
For t = 1.11s, distance = 4.16 m
For t = 3.35s, distance = 37.92 m
For t = 4.84s, distance = 79.16 m
For t = 2.18s, distance = 16.06 m
For t = 1.06s, distance = 3.8 m
Now, determine the falling distance for t = 1.42s given d = 0.5*g*t^2.",6.81
1b3beb8f,"In Alice's Wonderland, a secret set of transformation rules is applied to equations. Below are a few examples:
80[32 = 16
49[33 = 16
82[20 = 2
76*52 = 3952
61*24 = 1464
Now, determine the result for: 87|22",108
1b3f1b19,"In Alice's Wonderland, numbers are secretly converted into a different numeral system. Some examples are given below:
10 -> X
85 -> LXXXV
14 -> XIV
68 -> LXVIII
Now, write the number 55 in the Wonderland numeral system.",LV
1b562504,"In Alice's Wonderland, numbers are secretly converted into a different numeral system. Some examples are given below:
36 -> XXXVI
71 -> LXXI
35 -> XXXV
30 -> XXX
Now, write the number 35 in the Wonderland numeral system.",XXXV
1ba0e448,"In Alice's Wonderland, numbers are secretly converted into a different numeral system. Some examples are given below:
22 -> XXII
97 -> XCVII
26 -> XXVI
83 -> LXXXIII
5 -> V
Now, write the number 4 in the Wonderland numeral system.",IV
1bca6ce6,"In Alice's Wonderland, a secret unit conversion is applied to measurements. For example:
43.84 m becomes 80.67
8.39 m becomes 15.44
10.49 m becomes 19.30
Now, convert the following measurement: 10.05 m",18.49
1bdf5733,"In Alice's Wonderland, a secret unit conversion is applied to measurements. For example:
30.22 m becomes 49.76
36.15 m becomes 59.52
39.28 m becomes 64.68
Now, convert the following measurement: 30.93 m",50.93
1c06d4f8,"In Alice's Wonderland, numbers are secretly converted into a different numeral system. Some examples are given below:
79 -> LXXIX
34 -> XXXIV
34 -> XXXIV
6 -> VI
78 -> LXXVIII
Now, write the number 1 in the Wonderland numeral system.",I
1c27ef41,"In Alice's Wonderland, the gravitational constant has been secretly changed. Here are some example observations:
For t = 2.87s, distance = 37.39 m
For t = 2.95s, distance = 39.51 m
For t = 2.7s, distance = 33.09 m
For t = 4.71s, distance = 100.71 m
For t = 3.33s, distance = 50.34 m
Now, determine the falling distance for t = 3.9s given d = 0.5*g*t^2.",69.05
1c2df526,"In Alice's Wonderland, the gravitational constant has been secretly changed. Here are some example observations:
For t = 1.17s, distance = 8.37 m
For t = 3.73s, distance = 85.03 m
For t = 3.24s, distance = 64.15 m
Now, determine the falling distance for t = 3.13s given d = 0.5*g*t^2.",59.87
1c2e9814,"In Alice's Wonderland, a secret set of transformation rules is applied to equations. Below are a few examples:
`!-?% = %%
%/:`% = ?}
%`-'` = '!
/}:/` = ?^
Now, determine the result for: ""%:^/",'?}
1c4861e6,"In Alice's Wonderland, a secret set of transformation rules is applied to equations. Below are a few examples:
03-59 = 56
63-87 = 24
72+49 = 021
66-15 = 51
Now, determine the result for: 12*91",993
1c52091e,"In Alice's Wonderland, the gravitational constant has been secretly changed. Here are some example observations:
For t = 2.52s, distance = 37.78 m
For t = 2.64s, distance = 41.47 m
For t = 1.16s, distance = 8.01 m
Now, determine the falling distance for t = 1.49s given d = 0.5*g*t^2.",13.21
1c52ec13,"In Alice's Wonderland, numbers are secretly converted into a different numeral system. Some examples are given below:
26 -> XXVI
98 -> XCVIII
35 -> XXXV
55 -> LV
Now, write the number 83 in the Wonderland numeral system.",LXXXIII
1c890d3e,"In Alice's Wonderland, numbers are secretly converted into a different numeral system. Some examples are given below:
24 -> XXIV
42 -> XLII
40 -> XL
75 -> LXXV
4 -> IV
Now, write the number 33 in the Wonderland numeral system.",XXXIII
1ca8b33a,"In Alice's Wonderland, a secret unit conversion is applied to measurements. For example:
22.95 m becomes 12.74
12.92 m becomes 7.17
8.21 m becomes 4.56
40.52 m becomes 22.50
Now, convert the following measurement: 23.72 m",13.17
1cce5949,"In Alice's Wonderland, a secret set of transformation rules is applied to equations. Below are a few examples:
$?/%` = ]]%]
%$/""? = $[%>
[?-\"" = \>]
`]/\> = `??
Now, determine the result for: `\}`]",[?}
1cf8fadd,"In Alice's Wonderland, numbers are secretly converted into a different numeral system. Some examples are given below:
90 -> XC
70 -> LXX
96 -> XCVI
57 -> LVII
Now, write the number 51 in the Wonderland numeral system.",LI
1d0cd959,"In Alice's Wonderland, numbers are secretly converted into a different numeral system. Some examples are given below:
5 -> V
60 -> LX
74 -> LXXIV
58 -> LVIII
20 -> XX
Now, write the number 39 in the Wonderland numeral system.",XXXIX
1d15b7e6,"In Alice's Wonderland, a secret set of transformation rules is applied to equations. Below are a few examples:
^$)[^ = [^^{
^^?["" = {^(
![@({ = $$@
[}@{( = $^@
Now, determine the result for: |[)$[",|['{
1d47b46e,"In Alice's Wonderland, the gravitational constant has been secretly changed. Here are some example observations:
For t = 1.11s, distance = 6.48 m
For t = 4.56s, distance = 109.4 m
For t = 3.16s, distance = 52.54 m
For t = 1.0s, distance = 5.26 m
For t = 2.62s, distance = 36.12 m
Now, determine the falling distance for t = 2.25s given d = 0.5*g*t^2.",26.63
1d56b7ba,"In Alice's Wonderland, numbers are secretly converted into a different numeral system. Some examples are given below:
97 -> XCVII
56 -> LVI
7 -> VII
1 -> I
Now, write the number 20 in the Wonderland numeral system.",XX
1d8d8655,"In Alice's Wonderland, the gravitational constant has been secretly changed. Here are some example observations:
For t = 3.53s, distance = 36.84 m
For t = 3.68s, distance = 40.04 m
For t = 3.87s, distance = 44.28 m
Now, determine the falling distance for t = 3.25s given d = 0.5*g*t^2.",31.23
1da822f1,"In Alice's Wonderland, a secret set of transformation rules is applied to equations. Below are a few examples:
58*31 = 88
79*93 = 171
19*99 = 117
77*88 = 164
Now, determine the result for: 26%23",598
1dce2690,"In Alice's Wonderland, the gravitational constant has been secretly changed. Here are some example observations:
For t = 1.27s, distance = 7.61 m
For t = 4.59s, distance = 99.45 m
For t = 4.23s, distance = 84.46 m
Now, determine the falling distance for t = 1.36s given d = 0.5*g*t^2.",8.73
1dd6b538,"In Alice's Wonderland, numbers are secretly converted into a different numeral system. Some examples are given below:
23 -> XXIII
37 -> XXXVII
9 -> IX
Now, write the number 42 in the Wonderland numeral system.",XLII
1dd89b37,"In Alice's Wonderland, a secret unit conversion is applied to measurements. For example:
25.26 m becomes 21.44
11.03 m becomes 9.36
17.08 m becomes 14.50
17.58 m becomes 14.92
Now, convert the following measurement: 37.59 m",31.91
1de7225c,"In Alice's Wonderland, the gravitational constant has been secretly changed. Here are some example observations:
For t = 2.27s, distance = 15.27 m
For t = 1.67s, distance = 8.27 m
For t = 4.46s, distance = 58.95 m
For t = 1.56s, distance = 7.21 m
Now, determine the falling distance for t = 2.6s given d = 0.5*g*t^2.",20.03
1de81a6f,"In Alice's Wonderland, the gravitational constant has been secretly changed. Here are some example observations:
For t = 1.84s, distance = 22.59 m
For t = 2.32s, distance = 35.91 m
For t = 4.92s, distance = 161.48 m
For t = 3.61s, distance = 86.94 m
For t = 2.17s, distance = 31.41 m
Now, determine the falling distance for t = 3.2s given d = 0.5*g*t^2.",68.31
1df58a03,"In Alice's Wonderland, a secret unit conversion is applied to measurements. For example:
21.39 m becomes 11.30
9.69 m becomes 5.12
5.41 m becomes 2.86
34.19 m becomes 18.06
Now, convert the following measurement: 43.57 m",23.02
1e581ebe,"In Alice's Wonderland, numbers are secretly converted into a different numeral system. Some examples are given below:
65 -> LXV
10 -> X
7 -> VII
61 -> LXI
95 -> XCV
Now, write the number 93 in the Wonderland numeral system.",XCIII
1e86ac86,"In Alice's Wonderland, numbers are secretly converted into a different numeral system. Some examples are given below:
23 -> XXIII
14 -> XIV
40 -> XL
64 -> LXIV
Now, write the number 98 in the Wonderland numeral system.",XCVIII
1e86b3a7,"In Alice's Wonderland, a secret bit manipulation rule transforms 8-bit binary numbers. The transformation involves operations like bit shifts, rotations, XOR, AND, OR, NOT, and possibly majority or choice functions.

Here are some examples of input -> output:
10101001 -> 01000001
00110011 -> 01000000
00010011 -> 00000000
00101010 -> 00000000
00010100 -> 00000000
00000000 -> 00000000
01100010 -> 10000000
01010111 -> 10000010
11001000 -> 00000000

Now, determine the output for: 11111011",11000111
1e8cf9c5,"In Alice's Wonderland, numbers are secretly converted into a different numeral system. Some examples are given below:
55 -> LV
95 -> XCV
24 -> XXIV
62 -> LXII
Now, write the number 99 in the Wonderland numeral system.",XCIX
1eaf6228,"In Alice's Wonderland, a secret set of transformation rules is applied to equations. Below are a few examples:
25-55 = 3
94+41 = 26
25+29 = 341
35-35 = 0
Now, determine the result for: 42*61",483
1ebf99aa,"In Alice's Wonderland, numbers are secretly converted into a different numeral system. Some examples are given below:
8 -> VIII
59 -> LIX
95 -> XCV
42 -> XLII
65 -> LXV
Now, write the number 17 in the Wonderland numeral system.",XVII
1ef25240,"In Alice's Wonderland, the gravitational constant has been secretly changed. Here are some example observations:
For t = 1.96s, distance = 19.2 m
For t = 1.54s, distance = 11.85 m
For t = 4.5s, distance = 101.21 m
For t = 2.52s, distance = 31.74 m
For t = 3.52s, distance = 61.93 m
Now, determine the falling distance for t = 2.89s given d = 0.5*g*t^2.",41.74
1f04fa8d,"In Alice's Wonderland, the gravitational constant has been secretly changed. Here are some example observations:
For t = 3.01s, distance = 86.74 m
For t = 2.83s, distance = 76.67 m
For t = 3.24s, distance = 100.5 m
Now, determine the falling distance for t = 4.24s given d = 0.5*g*t^2.",172.11
1f07abea,"In Alice's Wonderland, the gravitational constant has been secretly changed. Here are some example observations:
For t = 2.78s, distance = 31.01 m
For t = 1.32s, distance = 6.99 m
For t = 1.49s, distance = 8.91 m
Now, determine the falling distance for t = 2.19s given d = 0.5*g*t^2.",19.24
1f64478c,"In Alice's Wonderland, a secret set of transformation rules is applied to equations. Below are a few examples:
$`+{> = `#!
`#+>@ = !>
#\+@> = \@!
Now, determine the result for: #!+>\",:{
1f7cf3b9,"In Alice's Wonderland, a secret set of transformation rules is applied to equations. Below are a few examples:
:^*!] = !@\@
@]+&\ = :&
(:-]: = @
:)+@\ = >]
Now, determine the result for: )>*\^",\@:]
1fb37a08,"In Alice's Wonderland, a secret set of transformation rules is applied to equations. Below are a few examples:
<!'|& = $@&
|/*|& = |/|&
%@'@< = $//
$&*@% = $&@%
Now, determine the result for: $|'<$",$!:
1fba92ee,"In Alice's Wonderland, the gravitational constant has been secretly changed. Here are some example observations:
For t = 2.45s, distance = 37.13 m
For t = 1.51s, distance = 14.11 m
For t = 3.32s, distance = 68.19 m
For t = 1.06s, distance = 6.95 m
Now, determine the falling distance for t = 1.38s given d = 0.5*g*t^2.",11.78
1fc44ef7,"In Alice's Wonderland, numbers are secretly converted into a different numeral system. Some examples are given below:
48 -> XLVIII
60 -> LX
48 -> XLVIII
52 -> LII
2 -> II
Now, write the number 39 in the Wonderland numeral system.",XXXIX
1fcdff78,"In Alice's Wonderland, the gravitational constant has been secretly changed. Here are some example observations:
For t = 2.59s, distance = 17.42 m
For t = 2.66s, distance = 18.38 m
For t = 4.1s, distance = 43.66 m
Now, determine the falling distance for t = 3.28s given d = 0.5*g*t^2.",27.94
1fd310dc,"In Alice's Wonderland, a secret bit manipulation rule transforms 8-bit binary numbers. The transformation involves operations like bit shifts, rotations, XOR, AND, OR, NOT, and possibly majority or choice functions.

Here are some examples of input -> output:
11101010 -> 01111110
01010011 -> 11010111
01000110 -> 01010001
11100010 -> 00111100
11110111 -> 10111111
10010101 -> 01111101
01001010 -> 00111011
01101011 -> 01111010
01101111 -> 01011011

Now, determine the output for: 01100100",00011101
1fd84ab1,"In Alice's Wonderland, a secret bit manipulation rule transforms 8-bit binary numbers. The transformation involves operations like bit shifts, rotations, XOR, AND, OR, NOT, and possibly majority or choice functions.

Here are some examples of input -> output:
11100000 -> 11000111
10001011 -> 01111101
01010010 -> 00101011
10001010 -> 00011101
00101011 -> 01010101
10010100 -> 01011110
11011100 -> 01001110

Now, determine the output for: 01001111",11001110
1fde04cc,"In Alice's Wonderland, the gravitational constant has been secretly changed. Here are some example observations:
For t = 4.36s, distance = 117.25 m
For t = 2.93s, distance = 52.95 m
For t = 2.57s, distance = 40.74 m
For t = 2.03s, distance = 25.42 m
For t = 3.38s, distance = 70.46 m
Now, determine the falling distance for t = 4.03s given d = 0.5*g*t^2.",100.17
20052c2f,"In Alice's Wonderland, a secret bit manipulation rule transforms 8-bit binary numbers. The transformation involves operations like bit shifts, rotations, XOR, AND, OR, NOT, and possibly majority or choice functions.

Here are some examples of input -> output:
10010110 -> 11010011
01110011 -> 01101110
11110011 -> 01111111
10010011 -> 01110011
11010001 -> 00111011
11001000 -> 00011001
11101100 -> 10011101
11011000 -> 00011011
01111010 -> 01001111

Now, determine the output for: 00110011",01100110
202af98d,"In Alice's Wonderland, a secret bit manipulation rule transforms 8-bit binary numbers. The transformation involves operations like bit shifts, rotations, XOR, AND, OR, NOT, and possibly majority or choice functions.

Here are some examples of input -> output:
01000101 -> 01111111
00000110 -> 11000011
01000100 -> 01110111
10011001 -> 01001101
10101111 -> 11011111
10101011 -> 11110101
10001000 -> 11101111
10111001 -> 01011100
01001001 -> 00100111

Now, determine the output for: 11110010",11111101
203aee7d,"In Alice's Wonderland, the gravitational constant has been secretly changed. Here are some example observations:
For t = 4.41s, distance = 157.53 m
For t = 4.41s, distance = 157.53 m
For t = 3.19s, distance = 82.42 m
For t = 2.0s, distance = 32.4 m
Now, determine the falling distance for t = 1.1s given d = 0.5*g*t^2.",9.8
206c4406,"In Alice's Wonderland, numbers are secretly converted into a different numeral system. Some examples are given below:
59 -> LIX
48 -> XLVIII
92 -> XCII
56 -> LVI
Now, write the number 55 in the Wonderland numeral system.",LV
208d7838,"In Alice's Wonderland, a secret set of transformation rules is applied to equations. Below are a few examples:
#}+{% = }$$
%#*%[ = &:[[
}%-&[ = [$
<&+:$ = :#
}%*&# = }[$%
Now, determine the result for: [&-<>",[:
209884a3,"In Alice's Wonderland, numbers are secretly converted into a different numeral system. Some examples are given below:
88 -> LXXXVIII
90 -> XC
27 -> XXVII
20 -> XX
Now, write the number 33 in the Wonderland numeral system.",XXXIII
209d28ca,"In Alice's Wonderland, a secret set of transformation rules is applied to equations. Below are a few examples:
35}22 = 13
10^96 = 961
66}15 = 51
23^91 = 2094
Now, determine the result for: 84[87",171
209fdbf3,"In Alice's Wonderland, numbers are secretly converted into a different numeral system. Some examples are given below:
11 -> XI
79 -> LXXIX
49 -> XLIX
Now, write the number 22 in the Wonderland numeral system.",XXII
20b581ce,"In Alice's Wonderland, numbers are secretly converted into a different numeral system. Some examples are given below:
4 -> IV
81 -> LXXXI
74 -> LXXIV
18 -> XVIII
Now, write the number 10 in the Wonderland numeral system.",X
20b7fcad,"In Alice's Wonderland, numbers are secretly converted into a different numeral system. Some examples are given below:
84 -> LXXXIV
30 -> XXX
57 -> LVII
31 -> XXXI
Now, write the number 17 in the Wonderland numeral system.",XVII
20b8af89,"In Alice's Wonderland, a secret unit conversion is applied to measurements. For example:
37.86 m becomes 31.18
44.24 m becomes 36.44
48.69 m becomes 40.10
48.55 m becomes 39.99
Now, convert the following measurement: 30.76 m",25.33
20c15ca0,"In Alice's Wonderland, numbers are secretly converted into a different numeral system. Some examples are given below:
65 -> LXV
52 -> LII
26 -> XXVI
Now, write the number 82 in the Wonderland numeral system.",LXXXII
20e6b2d1,"In Alice's Wonderland, a secret set of transformation rules is applied to equations. Below are a few examples:
]'*{% = '{{%
@$*@$ = ]%$`
{?+`\ = {?`\
`?*{% = ?$%
(]*{? = '%``
Now, determine the result for: @`-](",''
20f0fac9,"In Alice's Wonderland, a secret set of transformation rules is applied to equations. Below are a few examples:
78]18 = 6
95]24 = 23
52*94 = 145
21]91 = 7
Now, determine the result for: 31%96",2976
2106285f,"In Alice's Wonderland, the gravitational constant has been secretly changed. Here are some example observations:
For t = 2.28s, distance = 24.94 m
For t = 2.84s, distance = 38.69 m
For t = 1.47s, distance = 10.37 m
Now, determine the falling distance for t = 3.26s given d = 0.5*g*t^2.",50.98
21115993,"In Alice's Wonderland, numbers are secretly converted into a different numeral system. Some examples are given below:
8 -> VIII
14 -> XIV
10 -> X
Now, write the number 75 in the Wonderland numeral system.",LXXV
2115c9be,"In Alice's Wonderland, a secret unit conversion is applied to measurements. For example:
9.8 m becomes 13.44
41.59 m becomes 57.04
47.77 m becomes 65.51
26.34 m becomes 36.12
Now, convert the following measurement: 21.94 m",30.09
211b86cc,"In Alice's Wonderland, the gravitational constant has been secretly changed. Here are some example observations:
For t = 1.84s, distance = 29.54 m
For t = 2.99s, distance = 77.99 m
For t = 1.01s, distance = 8.9 m
For t = 1.16s, distance = 11.74 m
For t = 3.81s, distance = 126.64 m
Now, determine the falling distance for t = 4.27s given d = 0.5*g*t^2.",159.06
212e792d,"In Alice's Wonderland, a secret set of transformation rules is applied to equations. Below are a few examples:
[`)?[ = )%&
?\$?: = `[`
`?$[& = ?`
Now, determine the result for: %\):!",)//
2136dd4f,"In Alice's Wonderland, a secret unit conversion is applied to measurements. For example:
45.8 m becomes 75.29
37.16 m becomes 61.09
9.14 m becomes 15.03
22.22 m becomes 36.53
Now, convert the following measurement: 41.99 m",69.03
214d0570,"In Alice's Wonderland, a secret bit manipulation rule transforms 8-bit binary numbers. The transformation involves operations like bit shifts, rotations, XOR, AND, OR, NOT, and possibly majority or choice functions.

Here are some examples of input -> output:
11000000 -> 11111111
10101011 -> 10111111
01110000 -> 11111111
11101100 -> 11111111
00000110 -> 01111111
10100100 -> 11111111
01101000 -> 11111111

Now, determine the output for: 10010111",10111111
215050ec,"In Alice's Wonderland, numbers are secretly converted into a different numeral system. Some examples are given below:
43 -> XLIII
28 -> XXVIII
84 -> LXXXIV
44 -> XLIV
30 -> XXX
Now, write the number 54 in the Wonderland numeral system.",LIV
2156a812,"In Alice's Wonderland, numbers are secretly converted into a different numeral system. Some examples are given below:
72 -> LXXII
2 -> II
93 -> XCIII
51 -> LI
27 -> XXVII
Now, write the number 6 in the Wonderland numeral system.",VI
215fda9c,"In Alice's Wonderland, the gravitational constant has been secretly changed. Here are some example observations:
For t = 4.79s, distance = 159.9 m
For t = 3.37s, distance = 79.15 m
For t = 3.83s, distance = 102.23 m
For t = 1.92s, distance = 25.69 m
Now, determine the falling distance for t = 1.62s given d = 0.5*g*t^2.",18.29
2187585a,"In Alice's Wonderland, the gravitational constant has been secretly changed. Here are some example observations:
For t = 3.0s, distance = 75.73 m
For t = 3.54s, distance = 105.45 m
For t = 3.81s, distance = 122.15 m
For t = 1.93s, distance = 31.34 m
For t = 3.49s, distance = 102.5 m
Now, determine the falling distance for t = 1.12s given d = 0.5*g*t^2.",10.56
21b09667,"In Alice's Wonderland, numbers are secretly converted into a different numeral system. Some examples are given below:
27 -> XXVII
1 -> I
25 -> XXV
Now, write the number 8 in the Wonderland numeral system.",VIII
21b173bd,"In Alice's Wonderland, a secret unit conversion is applied to measurements. For example:
27.37 m becomes 16.50
5.85 m becomes 3.53
12.15 m becomes 7.33
6.61 m becomes 3.99
44.05 m becomes 26.56
Now, convert the following measurement: 6.74 m",4.06
21bbe611,"In Alice's Wonderland, the gravitational constant has been secretly changed. Here are some example observations:
For t = 4.88s, distance = 162.18 m
For t = 2.12s, distance = 30.61 m
For t = 3.1s, distance = 65.45 m
For t = 2.33s, distance = 36.97 m
For t = 4.23s, distance = 121.85 m
Now, determine the falling distance for t = 2.5s given d = 0.5*g*t^2.",42.56
21d9de4c,"In Alice's Wonderland, numbers are secretly converted into a different numeral system. Some examples are given below:
50 -> L
92 -> XCII
92 -> XCII
Now, write the number 45 in the Wonderland numeral system.",XLV
21dff465,"In Alice's Wonderland, a secret set of transformation rules is applied to equations. Below are a few examples:
30?45 = 75
57?67 = 124
40?37 = 77
Now, determine the result for: 73@82",@9
21e2511d,"In Alice's Wonderland, the gravitational constant has been secretly changed. Here are some example observations:
For t = 2.59s, distance = 16.8 m
For t = 2.64s, distance = 17.46 m
For t = 2.98s, distance = 22.25 m
Now, determine the falling distance for t = 4.45s given d = 0.5*g*t^2.",49.61
21ee162c,"In Alice's Wonderland, a secret set of transformation rules is applied to equations. Below are a few examples:
#}*#} = ${@/
/#*[{ = #(/&
#@*'} = /'(
Now, determine the result for: '$)/&",'&{
22097b2d,"In Alice's Wonderland, a secret unit conversion is applied to measurements. For example:
44.72 m becomes 53.40
20.6 m becomes 24.60
42.68 m becomes 50.96
32.86 m becomes 39.23
31.88 m becomes 38.06
Now, convert the following measurement: 28.6 m",34.15
2212ccb3,"In Alice's Wonderland, the gravitational constant has been secretly changed. Here are some example observations:
For t = 3.58s, distance = 96.19 m
For t = 1.17s, distance = 10.27 m
For t = 4.48s, distance = 150.64 m
Now, determine the falling distance for t = 1.79s given d = 0.5*g*t^2.",24.05
22151c0e,"In Alice's Wonderland, the gravitational constant has been secretly changed. Here are some example observations:
For t = 2.36s, distance = 47.94 m
For t = 4.99s, distance = 214.33 m
For t = 4.6s, distance = 182.13 m
For t = 3.01s, distance = 77.98 m
For t = 2.72s, distance = 63.68 m
Now, determine the falling distance for t = 2.3s given d = 0.5*g*t^2.",45.53
2230fad0,"In Alice's Wonderland, a secret bit manipulation rule transforms 8-bit binary numbers. The transformation involves operations like bit shifts, rotations, XOR, AND, OR, NOT, and possibly majority or choice functions.

Here are some examples of input -> output:
00011001 -> 10101111
11001001 -> 01111010
01001010 -> 01010011
10000011 -> 11110100
01011001 -> 00111111
11100011 -> 10111100
00100011 -> 00111101
01000000 -> 01111111
10100101 -> 00101001
00110110 -> 01000111

Now, determine the output for: 10111011",01001010
223b2899,"In Alice's Wonderland, a secret set of transformation rules is applied to equations. Below are a few examples:
?[-?> = %
)!""?> = %!%%
`%""%: = <<!
Now, determine the result for: ??"">`",<[{?
224efda1,"In Alice's Wonderland, a secret set of transformation rules is applied to equations. Below are a few examples:
22]67 = ]45
39@99 = 3999
53]91 = ]38
Now, determine the result for: 61]54",7
22514367,"In Alice's Wonderland, numbers are secretly converted into a different numeral system. Some examples are given below:
76 -> LXXVI
78 -> LXXVIII
40 -> XL
Now, write the number 74 in the Wonderland numeral system.",LXXIV
226cbdf8,"In Alice's Wonderland, a secret set of transformation rules is applied to equations. Below are a few examples:
%#+%% = %^%)
[`+^` = |)/
[`}"") = [[
|%}`^ = &/`
Now, determine the result for: )|})#",#[`
227edfe3,"In Alice's Wonderland, numbers are secretly converted into a different numeral system. Some examples are given below:
12 -> XII
37 -> XXXVII
19 -> XIX
94 -> XCIV
Now, write the number 6 in the Wonderland numeral system.",VI
228bd26b,"In Alice's Wonderland, a secret set of transformation rules is applied to equations. Below are a few examples:
43!79 = 3397
58-47 = 11
84!32 = 2688
25-93 = 18
Now, determine the result for: 40/12",4012
22a82f3f,"In Alice's Wonderland, a secret unit conversion is applied to measurements. For example:
6.12 m becomes 8.02
34.65 m becomes 45.40
33.06 m becomes 43.32
Now, convert the following measurement: 9.39 m",12.30
22c29ed9,"In Alice's Wonderland, numbers are secretly converted into a different numeral system. Some examples are given below:
9 -> IX
70 -> LXX
47 -> XLVII
81 -> LXXXI
Now, write the number 51 in the Wonderland numeral system.",LI
22c679ac,"In Alice's Wonderland, the gravitational constant has been secretly changed. Here are some example observations:
For t = 1.93s, distance = 33.25 m
For t = 1.21s, distance = 13.07 m
For t = 2.07s, distance = 38.25 m
For t = 4.7s, distance = 197.2 m
Now, determine the falling distance for t = 4.69s given d = 0.5*g*t^2.",196.36
22eb8359,"In Alice's Wonderland, numbers are secretly converted into a different numeral system. Some examples are given below:
69 -> LXIX
17 -> XVII
41 -> XLI
Now, write the number 99 in the Wonderland numeral system.",XCIX
22edaad7,"In Alice's Wonderland, numbers are secretly converted into a different numeral system. Some examples are given below:
97 -> XCVII
1 -> I
86 -> LXXXVI
5 -> V
69 -> LXIX
Now, write the number 21 in the Wonderland numeral system.",XXI
22f55218,"In Alice's Wonderland, numbers are secretly converted into a different numeral system. Some examples are given below:
83 -> LXXXIII
82 -> LXXXII
29 -> XXIX
Now, write the number 74 in the Wonderland numeral system.",LXXIV
2306289a,"In Alice's Wonderland, the gravitational constant has been secretly changed. Here are some example observations:
For t = 2.47s, distance = 22.06 m
For t = 3.9s, distance = 54.99 m
For t = 3.11s, distance = 34.97 m
Now, determine the falling distance for t = 4.03s given d = 0.5*g*t^2.",58.72
231d9754,"In Alice's Wonderland, a secret unit conversion is applied to measurements. For example:
47.13 m becomes 73.25
46.33 m becomes 72.00
48.89 m becomes 75.98
48.5 m becomes 75.38
24.04 m becomes 37.36
Now, convert the following measurement: 10.11 m",15.71
232c0bee,"In Alice's Wonderland, the gravitational constant has been secretly changed. Here are some example observations:
For t = 4.48s, distance = 96.06 m
For t = 2.96s, distance = 41.94 m
For t = 1.41s, distance = 9.52 m
For t = 4.68s, distance = 104.83 m
Now, determine the falling distance for t = 3.9s given d = 0.5*g*t^2.",72.8
233ba645,"In Alice's Wonderland, numbers are secretly converted into a different numeral system. Some examples are given below:
10 -> X
43 -> XLIII
58 -> LVIII
Now, write the number 99 in the Wonderland numeral system.",XCIX
233e854d,"In Alice's Wonderland, the gravitational constant has been secretly changed. Here are some example observations:
For t = 1.2s, distance = 11.02 m
For t = 1.4s, distance = 15.0 m
For t = 2.12s, distance = 34.39 m
Now, determine the falling distance for t = 1.6s given d = 0.5*g*t^2.",19.59
234e5b9e,"In Alice's Wonderland, a secret set of transformation rules is applied to equations. Below are a few examples:
&$""$& = #||
)#+|( = $<]
#|@&! = !]
!:+#) = $!<
$<""&| = &|$
Now, determine the result for: )(""(#",$]|&
2359eb76,"In Alice's Wonderland, the gravitational constant has been secretly changed. Here are some example observations:
For t = 1.72s, distance = 24.41 m
For t = 3.23s, distance = 86.08 m
For t = 2.48s, distance = 50.74 m
For t = 4.72s, distance = 183.81 m
For t = 2.57s, distance = 54.49 m
Now, determine the falling distance for t = 2.17s given d = 0.5*g*t^2.",38.85
236a2204,"In Alice's Wonderland, a secret set of transformation rules is applied to equations. Below are a few examples:
&)'%& = %<]`
|>*^< = ]>
%)*{< = ))
|&""^> = ^
Now, determine the result for: {{*])",`>
236d91be,"In Alice's Wonderland, numbers are secretly converted into a different numeral system. Some examples are given below:
31 -> XXXI
53 -> LIII
51 -> LI
Now, write the number 25 in the Wonderland numeral system.",XXV
2370909d,"In Alice's Wonderland, a secret bit manipulation rule transforms 8-bit binary numbers. The transformation involves operations like bit shifts, rotations, XOR, AND, OR, NOT, and possibly majority or choice functions.

Here are some examples of input -> output:
11000000 -> 00000000
00101100 -> 01000000
01101100 -> 01000000
10011111 -> 00111001
00010000 -> 00000000
11010000 -> 10000001
11111011 -> 11011111
00100101 -> 00001010

Now, determine the output for: 11111100",11101001
239771fb,"In Alice's Wonderland, a secret set of transformation rules is applied to equations. Below are a few examples:
$)}/) = $}
"">?#' = |/>
#|}$> = ))}
'|?#$ = ${
$#\#> = $#)>
Now, determine the result for: ""'}|""",|)}
239f496a,"In Alice's Wonderland, a secret unit conversion is applied to measurements. For example:
37.72 m becomes 33.31
12.84 m becomes 11.34
36.01 m becomes 31.80
31.76 m becomes 28.05
Now, convert the following measurement: 41.65 m",36.78
23b79f1b,"In Alice's Wonderland, numbers are secretly converted into a different numeral system. Some examples are given below:
23 -> XXIII
5 -> V
26 -> XXVI
Now, write the number 6 in the Wonderland numeral system.",VI
23c59364,"In Alice's Wonderland, a secret set of transformation rules is applied to equations. Below are a few examples:
`#(}' = `>}|
}#+`| = +>`
/`(#| = '/}|
|""(`' = "">''
/>[)"" = ""|'
Now, determine the result for: ||["">",>/
23d3fb34,"In Alice's Wonderland, a secret unit conversion is applied to measurements. For example:
12.96 m becomes 9.97
49.78 m becomes 38.31
45.45 m becomes 34.98
Now, convert the following measurement: 45.29 m",34.85
23ed9042,"In Alice's Wonderland, numbers are secretly converted into a different numeral system. Some examples are given below:
12 -> XII
85 -> LXXXV
77 -> LXXVII
85 -> LXXXV
74 -> LXXIV
Now, write the number 14 in the Wonderland numeral system.",XIV
23f51e82,"In Alice's Wonderland, a secret unit conversion is applied to measurements. For example:
18.1 m becomes 20.42
12.91 m becomes 14.57
29.79 m becomes 33.61
49.73 m becomes 56.11
34.61 m becomes 39.05
Now, convert the following measurement: 38.34 m",43.26
23f6ead8,"In Alice's Wonderland, a secret unit conversion is applied to measurements. For example:
34.52 m becomes 54.99
28.46 m becomes 45.33
35.24 m becomes 56.13
21.36 m becomes 34.02
Now, convert the following measurement: 16.08 m",25.61
23f98595,"In Alice's Wonderland, a secret set of transformation rules is applied to equations. Below are a few examples:
17-59 = 5476
62-45 = 4041
58-38 = 5507
Now, determine the result for: 33'69",03
2403d93c,"In Alice's Wonderland, numbers are secretly converted into a different numeral system. Some examples are given below:
88 -> LXXXVIII
84 -> LXXXIV
95 -> XCV
Now, write the number 41 in the Wonderland numeral system.",XLI
2464f187,"In Alice's Wonderland, a secret unit conversion is applied to measurements. For example:
12.46 m becomes 18.03
19.73 m becomes 28.55
43.96 m becomes 63.62
40.3 m becomes 58.32
Now, convert the following measurement: 49.68 m",71.90
24750c4a,"In Alice's Wonderland, a secret set of transformation rules is applied to equations. Below are a few examples:
/{-/< = -)}
@}+@} = @}@}
&|*#/ = @)?|
/&-}? = #}
||*&? = /@){
Now, determine the result for: |/*||",?)/{
24b1872e,"In Alice's Wonderland, numbers are secretly converted into a different numeral system. Some examples are given below:
84 -> LXXXIV
15 -> XV
88 -> LXXXVIII
84 -> LXXXIV
Now, write the number 25 in the Wonderland numeral system.",XXV
24b2d8eb,"In Alice's Wonderland, a secret set of transformation rules is applied to equations. Below are a few examples:
'[+'' = !``
|[*|( = ``!`
::+`"" = ""/`
Now, determine the result for: `!*/[",/[:`
24b6252b,"In Alice's Wonderland, numbers are secretly converted into a different numeral system. Some examples are given below:
53 -> LIII
18 -> XVIII
50 -> L
32 -> XXXII
51 -> LI
Now, write the number 23 in the Wonderland numeral system.",XXIII
24cceeb8,"In Alice's Wonderland, numbers are secretly converted into a different numeral system. Some examples are given below:
33 -> XXXIII
35 -> XXXV
56 -> LVI
Now, write the number 66 in the Wonderland numeral system.",LXVI
24d4729a,"In Alice's Wonderland, numbers are secretly converted into a different numeral system. Some examples are given below:
87 -> LXXXVII
52 -> LII
25 -> XXV
Now, write the number 80 in the Wonderland numeral system.",LXXX
24d81e42,"In Alice's Wonderland, the gravitational constant has been secretly changed. Here are some example observations:
For t = 1.36s, distance = 13.14 m
For t = 3.82s, distance = 103.7 m
For t = 1.29s, distance = 11.83 m
For t = 2.76s, distance = 54.13 m
For t = 2.92s, distance = 60.59 m
Now, determine the falling distance for t = 1.16s given d = 0.5*g*t^2.",9.56
24eb3401,"In Alice's Wonderland, a secret unit conversion is applied to measurements. For example:
30.38 m becomes 49.04
30.05 m becomes 48.50
41.19 m becomes 66.48
33.29 m becomes 53.73
13.58 m becomes 21.92
Now, convert the following measurement: 22.58 m",36.45
252d0997,"In Alice's Wonderland, a secret set of transformation rules is applied to equations. Below are a few examples:
[}+@@ = )@&
@[*]& = @[]&
&]*`( = &]`(
}#-[# = -)#
Now, determine the result for: )[-`/",-/@
254511be,"In Alice's Wonderland, a secret unit conversion is applied to measurements. For example:
21.63 m becomes 24.83
28.45 m becomes 32.65
7.69 m becomes 8.83
Now, convert the following measurement: 8.11 m",9.31
257e7158,"In Alice's Wonderland, a secret bit manipulation rule transforms 8-bit binary numbers. The transformation involves operations like bit shifts, rotations, XOR, AND, OR, NOT, and possibly majority or choice functions.

Here are some examples of input -> output:
00111001 -> 01000111
10110110 -> 00101111
11110001 -> 10011101
10110100 -> 00111011
00010101 -> 01111101
00010001 -> 01010101
11111100 -> 11101111
10000101 -> 11010001
00100010 -> 10101010
01110000 -> 10011111

Now, determine the output for: 10011001",00001001
2581d7e5,"In Alice's Wonderland, numbers are secretly converted into a different numeral system. Some examples are given below:
29 -> XXIX
57 -> LVII
73 -> LXXIII
20 -> XX
Now, write the number 52 in the Wonderland numeral system.",LII
259dc76d,"In Alice's Wonderland, a secret unit conversion is applied to measurements. For example:
7.94 m becomes 8.77
18.32 m becomes 20.23
40.54 m becomes 44.78
Now, convert the following measurement: 31.4 m",34.68
25bb5c54,"In Alice's Wonderland, numbers are secretly converted into a different numeral system. Some examples are given below:
95 -> XCV
75 -> LXXV
87 -> LXXXVII
Now, write the number 8 in the Wonderland numeral system.",VIII
25c1baab,"In Alice's Wonderland, the gravitational constant has been secretly changed. Here are some example observations:
For t = 4.43s, distance = 129.9 m
For t = 1.08s, distance = 7.72 m
For t = 2.37s, distance = 37.18 m
Now, determine the falling distance for t = 1.7s given d = 0.5*g*t^2.",19.13
25d6c521,"In Alice's Wonderland, numbers are secretly converted into a different numeral system. Some examples are given below:
30 -> XXX
54 -> LIV
35 -> XXXV
25 -> XXV
97 -> XCVII
Now, write the number 98 in the Wonderland numeral system.",XCVIII
25e74395,"In Alice's Wonderland, a secret unit conversion is applied to measurements. For example:
39.66 m becomes 52.70
43.62 m becomes 57.96
14.79 m becomes 19.65
8.22 m becomes 10.92
Now, convert the following measurement: 44.47 m",59.09
25e89624,"In Alice's Wonderland, a secret set of transformation rules is applied to equations. Below are a few examples:
<\-)| = -![
$$-)/ = ->
!$*\! = >)$[
Now, determine the result for: >)+\|","[""$"
25eb7b03,"In Alice's Wonderland, a secret set of transformation rules is applied to equations. Below are a few examples:
86#98 = #12
97{45 = 7624
73#07 = #33
Now, determine the result for: 54#31",23
25fa4c2c,"In Alice's Wonderland, the gravitational constant has been secretly changed. Here are some example observations:
For t = 1.68s, distance = 14.2 m
For t = 3.5s, distance = 61.65 m
For t = 4.77s, distance = 114.5 m
For t = 1.24s, distance = 7.74 m
For t = 1.32s, distance = 8.77 m
Now, determine the falling distance for t = 1.11s given d = 0.5*g*t^2.",6.2
25fda154,"In Alice's Wonderland, numbers are secretly converted into a different numeral system. Some examples are given below:
73 -> LXXIII
14 -> XIV
74 -> LXXIV
19 -> XIX
Now, write the number 81 in the Wonderland numeral system.",LXXXI
25fe42a0,"In Alice's Wonderland, numbers are secretly converted into a different numeral system. Some examples are given below:
57 -> LVII
48 -> XLVIII
55 -> LV
98 -> XCVIII
Now, write the number 49 in the Wonderland numeral system.",XLIX
26063a96,"In Alice's Wonderland, numbers are secretly converted into a different numeral system. Some examples are given below:
3 -> III
2 -> II
11 -> XI
Now, write the number 67 in the Wonderland numeral system.",LXVII
2613a77b,"In Alice's Wonderland, a secret set of transformation rules is applied to equations. Below are a few examples:
&[+!{ = %{@
{%*>{ = >[<@
{&+&% = >@@
>&-{| = -{<
{<+>| = %>@
Now, determine the result for: ""{*@!","""|%<"
26258d8a,"In Alice's Wonderland, a secret set of transformation rules is applied to equations. Below are a few examples:
@^*}? = \@$@
}@*}^ = [$?
\@*?( = [@(
?@-}@ = }&
}$-$( = <<
Now, determine the result for: ^&-^^",^
264b2118,"In Alice's Wonderland, a secret bit manipulation rule transforms 8-bit binary numbers. The transformation involves operations like bit shifts, rotations, XOR, AND, OR, NOT, and possibly majority or choice functions.

Here are some examples of input -> output:
01101010 -> 10101001
00100011 -> 10001100
01010100 -> 01010001
11101100 -> 00110011
10001010 -> 00101010
10110100 -> 01010010
11000011 -> 00001111
00000100 -> 00010000
11000110 -> 00011011
00001100 -> 00110000

Now, determine the output for: 00101101",00010100
26518e13,"In Alice's Wonderland, the gravitational constant has been secretly changed. Here are some example observations:
For t = 4.38s, distance = 87.17 m
For t = 4.86s, distance = 107.32 m
For t = 1.02s, distance = 4.73 m
Now, determine the falling distance for t = 3.86s given d = 0.5*g*t^2.",67.7
265fea81,"In Alice's Wonderland, numbers are secretly converted into a different numeral system. Some examples are given below:
92 -> XCII
6 -> VI
75 -> LXXV
20 -> XX
Now, write the number 66 in the Wonderland numeral system.",LXVI
266b9a7e,"In Alice's Wonderland, numbers are secretly converted into a different numeral system. Some examples are given below:
26 -> XXVI
1 -> I
21 -> XXI
24 -> XXIV
24 -> XXIV
Now, write the number 53 in the Wonderland numeral system.",LIII
26a2a1b8,"In Alice's Wonderland, a secret set of transformation rules is applied to equations. Below are a few examples:
}@#/( = //
::#<) = :/
/)*&@ = (\
Now, determine the result for: (\#</",(:
26e48e98,"In Alice's Wonderland, a secret set of transformation rules is applied to equations. Below are a few examples:
%]`]< = ]""<%
""#/|< = {""%
]@)@| = @
#|`({ = {<@#
#|){( = )#]
Now, determine the result for: ""])%{",){|
26e6819a,"In Alice's Wonderland, a secret unit conversion is applied to measurements. For example:
21.8 m becomes 32.70
15.62 m becomes 23.43
24.33 m becomes 36.50
14.56 m becomes 21.84
35.85 m becomes 53.78
Now, convert the following measurement: 44.67 m",67.01
26e80ca2,"In Alice's Wonderland, numbers are secretly converted into a different numeral system. Some examples are given below:
8 -> VIII
79 -> LXXIX
35 -> XXXV
70 -> LXX
89 -> LXXXIX
Now, write the number 46 in the Wonderland numeral system.",XLVI
26f01cb9,"In Alice's Wonderland, numbers are secretly converted into a different numeral system. Some examples are given below:
15 -> XV
39 -> XXXIX
14 -> XIV
66 -> LXVI
Now, write the number 19 in the Wonderland numeral system.",XIX
270e7c66,"In Alice's Wonderland, numbers are secretly converted into a different numeral system. Some examples are given below:
52 -> LII
59 -> LIX
94 -> XCIV
Now, write the number 90 in the Wonderland numeral system.",XC
2716c739,"In Alice's Wonderland, a secret unit conversion is applied to measurements. For example:
29.77 m becomes 34.80
48.58 m becomes 56.79
33.36 m becomes 39.00
21.43 m becomes 25.05
43.62 m becomes 50.99
Now, convert the following measurement: 9.45 m",11.05
271a867c,"In Alice's Wonderland, a secret set of transformation rules is applied to equations. Below are a few examples:
$<+&} = {<
>|-"": = $&
{{+{} = $|{
<&*{{ = |""{""
Now, determine the result for: <?-?{",:
272489e8,"In Alice's Wonderland, numbers are secretly converted into a different numeral system. Some examples are given below:
80 -> LXXX
87 -> LXXXVII
43 -> XLIII
39 -> XXXIX
Now, write the number 3 in the Wonderland numeral system.",III
272bde97,"In Alice's Wonderland, a secret set of transformation rules is applied to equations. Below are a few examples:
31-55 = -24
21-97 = -76
47*44 = 4447
Now, determine the result for: 14+31",55
2746132c,"In Alice's Wonderland, numbers are secretly converted into a different numeral system. Some examples are given below:
52 -> LII
25 -> XXV
9 -> IX
18 -> XVIII
Now, write the number 94 in the Wonderland numeral system.",XCIV
274def88,"In Alice's Wonderland, a secret set of transformation rules is applied to equations. Below are a few examples:
33*74 = 2551
29-79 = -5
17+69 = 861
01-72 = -71
42*38 = 3991
Now, determine the result for: 85-92",92
275b0f39,"In Alice's Wonderland, a secret set of transformation rules is applied to equations. Below are a few examples:
\%+<' = <'\%
""[+]] = ]]""[
?#*'# = ""?][
##*'"" = #?#<
Now, determine the result for: %""*[#",[%[<
275db7d4,"In Alice's Wonderland, a secret set of transformation rules is applied to equations. Below are a few examples:
35""65 = 100
68""97 = 165
19@78 = @59
88@42 = @46
72""58 = 130
Now, determine the result for: 62:21",6221
27661a37,"In Alice's Wonderland, a secret set of transformation rules is applied to equations. Below are a few examples:
12*54 = 549
76-28 = 51
07-79 = 72
28*19 = 2647
Now, determine the result for: 96+77",741
278e987a,"In Alice's Wonderland, numbers are secretly converted into a different numeral system. Some examples are given below:
67 -> LXVII
43 -> XLIII
61 -> LXI
46 -> XLVI
Now, write the number 69 in the Wonderland numeral system.",LXIX
27a068c7,"In Alice's Wonderland, numbers are secretly converted into a different numeral system. Some examples are given below:
93 -> XCIII
14 -> XIV
60 -> LX
48 -> XLVIII
24 -> XXIV
Now, write the number 66 in the Wonderland numeral system.",LXVI
27b6825c,"In Alice's Wonderland, numbers are secretly converted into a different numeral system. Some examples are given below:
9 -> IX
65 -> LXV
21 -> XXI
50 -> L
Now, write the number 39 in the Wonderland numeral system.",XXXIX
27b8d52f,"In Alice's Wonderland, numbers are secretly converted into a different numeral system. Some examples are given below:
91 -> XCI
35 -> XXXV
74 -> LXXIV
26 -> XXVI
Now, write the number 2 in the Wonderland numeral system.",II
27bd81c8,"In Alice's Wonderland, numbers are secretly converted into a different numeral system. Some examples are given below:
20 -> XX
5 -> V
21 -> XXI
78 -> LXXVIII
Now, write the number 79 in the Wonderland numeral system.",LXXIX
27c3ce54,"In Alice's Wonderland, a secret bit manipulation rule transforms 8-bit binary numbers. The transformation involves operations like bit shifts, rotations, XOR, AND, OR, NOT, and possibly majority or choice functions.

Here are some examples of input -> output:
10001111 -> 00110000
00000100 -> 00010000
01011001 -> 01000111
00011000 -> 01000000
00111011 -> 10001110
11001001 -> 00110101
11111111 -> 00011111
10100001 -> 10000100
01111100 -> 00001001
00010010 -> 01001000

Now, determine the output for: 00001100",00100000
27ca638a,"In Alice's Wonderland, the gravitational constant has been secretly changed. Here are some example observations:
For t = 4.12s, distance = 133.21 m
For t = 3.56s, distance = 99.46 m
For t = 2.49s, distance = 48.66 m
For t = 2.13s, distance = 35.6 m
Now, determine the falling distance for t = 4.17s given d = 0.5*g*t^2.",136.46
27d3c9e1,"In Alice's Wonderland, the gravitational constant has been secretly changed. Here are some example observations:
For t = 1.24s, distance = 12.68 m
For t = 1.59s, distance = 20.86 m
For t = 2.11s, distance = 36.73 m
For t = 5.0s, distance = 206.24 m
Now, determine the falling distance for t = 4.53s given d = 0.5*g*t^2.",169.29
27da7eaa,"In Alice's Wonderland, the gravitational constant has been secretly changed. Here are some example observations:
For t = 1.03s, distance = 8.95 m
For t = 3.9s, distance = 128.29 m
For t = 3.39s, distance = 96.93 m
Now, determine the falling distance for t = 3.65s given d = 0.5*g*t^2.",112.37
27fdca03,"In Alice's Wonderland, a secret set of transformation rules is applied to equations. Below are a few examples:
}}\@@ = \}}
@""|/> = >/>>
@[\""( = !/
[)\)) = ""&
Now, determine the result for: }/$(/",@!
281215d1,"In Alice's Wonderland, a secret unit conversion is applied to measurements. For example:
22.19 m becomes 36.15
19.08 m becomes 31.08
47.24 m becomes 76.96
18.38 m becomes 29.94
17.68 m becomes 28.80
Now, convert the following measurement: 31.0 m",50.50
281cd56a,"In Alice's Wonderland, numbers are secretly converted into a different numeral system. Some examples are given below:
27 -> XXVII
91 -> XCI
81 -> LXXXI
Now, write the number 42 in the Wonderland numeral system.",XLII
2841d283,"In Alice's Wonderland, a secret bit manipulation rule transforms 8-bit binary numbers. The transformation involves operations like bit shifts, rotations, XOR, AND, OR, NOT, and possibly majority or choice functions.

Here are some examples of input -> output:
01111001 -> 11111101
01110001 -> 11111011
01000010 -> 11101111
10101110 -> 11010111
01100010 -> 11110111
11100000 -> 11110111
10101010 -> 11010101
01101011 -> 11110101
11001100 -> 11101110
00011100 -> 11111110

Now, determine the output for: 10101111",10010111
28827821,"In Alice's Wonderland, a secret set of transformation rules is applied to equations. Below are a few examples:
|@*]( = ^]]^
(/+!/ = /(^
}|*}@ = |@)^
}!-^( = -!
()*]} = ^@^|
Now, determine the result for: !}+|/",}|^
288437a0,"In Alice's Wonderland, numbers are secretly converted into a different numeral system. Some examples are given below:
58 -> LVIII
67 -> LXVII
57 -> LVII
1 -> I
37 -> XXXVII
Now, write the number 1 in the Wonderland numeral system.",I
288ba5ad,"In Alice's Wonderland, a secret unit conversion is applied to measurements. For example:
12.2 m becomes 11.07
22.41 m becomes 20.34
23.25 m becomes 21.10
26.89 m becomes 24.40
Now, convert the following measurement: 35.01 m",31.77
288c7eca,"In Alice's Wonderland, a secret bit manipulation rule transforms 8-bit binary numbers. The transformation involves operations like bit shifts, rotations, XOR, AND, OR, NOT, and possibly majority or choice functions.

Here are some examples of input -> output:
00001111 -> 10111111
01110011 -> 10111111
00100001 -> 00111111
00111000 -> 11111111
10100110 -> 01111111
11000100 -> 11111111
00111111 -> 10111111
00101101 -> 00111111

Now, determine the output for: 10110101",01111111
2892940e,"In Alice's Wonderland, numbers are secretly converted into a different numeral system. Some examples are given below:
63 -> LXIII
2 -> II
78 -> LXXVIII
22 -> XXII
Now, write the number 99 in the Wonderland numeral system.",XCIX
289602f1,"In Alice's Wonderland, a secret set of transformation rules is applied to equations. Below are a few examples:
#?+#| = ^
^|+?( = +|&
^:+(% = +?(
^?+(! = +!|
^^}#: = |:!
Now, determine the result for: &(+^^",?!
289ed2c5,"In Alice's Wonderland, a secret unit conversion is applied to measurements. For example:
20.19 m becomes 34.55
8.75 m becomes 14.97
16.29 m becomes 27.88
41.51 m becomes 71.04
Now, convert the following measurement: 14.25 m",24.39
289f7215,"In Alice's Wonderland, a secret unit conversion is applied to measurements. For example:
20.21 m becomes 25.15
39.78 m becomes 49.50
49.63 m becomes 61.76
42.81 m becomes 53.27
11.56 m becomes 14.38
Now, convert the following measurement: 17.3 m",21.53
28b0ff48,"In Alice's Wonderland, a secret set of transformation rules is applied to equations. Below are a few examples:
/'+|# = ""/
(?-(' = '
^""*'# = /]|(
Now, determine the result for: |^-^^",']
28b1c508,"In Alice's Wonderland, the gravitational constant has been secretly changed. Here are some example observations:
For t = 4.25s, distance = 154.34 m
For t = 3.36s, distance = 96.47 m
For t = 2.11s, distance = 38.04 m
For t = 3.44s, distance = 101.12 m
For t = 4.25s, distance = 154.34 m
Now, determine the falling distance for t = 2.74s given d = 0.5*g*t^2.",64.15
28f7012c,"In Alice's Wonderland, a secret set of transformation rules is applied to equations. Below are a few examples:
47*91 = 6041
62-33 = 7
89-71 = 31
Now, determine the result for: 41+75",7541
292ffcee,"In Alice's Wonderland, the gravitational constant has been secretly changed. Here are some example observations:
For t = 1.52s, distance = 12.43 m
For t = 2.84s, distance = 43.38 m
For t = 4.98s, distance = 133.38 m
For t = 1.48s, distance = 11.78 m
For t = 1.81s, distance = 17.62 m
Now, determine the falling distance for t = 4.38s given d = 0.5*g*t^2.",103.17
293cc694,"In Alice's Wonderland, the gravitational constant has been secretly changed. Here are some example observations:
For t = 4.26s, distance = 134.92 m
For t = 4.16s, distance = 128.66 m
For t = 1.66s, distance = 20.49 m
For t = 4.39s, distance = 143.28 m
Now, determine the falling distance for t = 4.01s given d = 0.5*g*t^2.",119.55
294453b5,"In Alice's Wonderland, a secret set of transformation rules is applied to equations. Below are a few examples:
@!->: = `
&@*:` = &`&(
@!-)! = !`
Now, determine the result for: ##-!)",&(
295768b8,"In Alice's Wonderland, numbers are secretly converted into a different numeral system. Some examples are given below:
33 -> XXXIII
77 -> LXXVII
49 -> XLIX
61 -> LXI
48 -> XLVIII
Now, write the number 84 in the Wonderland numeral system.",LXXXIV
2972579b,"In Alice's Wonderland, numbers are secretly converted into a different numeral system. Some examples are given below:
28 -> XXVIII
100 -> C
26 -> XXVI
27 -> XXVII
Now, write the number 27 in the Wonderland numeral system.",XXVII
298d3618,"In Alice's Wonderland, the gravitational constant has been secretly changed. Here are some example observations:
For t = 3.48s, distance = 48.48 m
For t = 1.88s, distance = 14.15 m
For t = 1.97s, distance = 15.54 m
Now, determine the falling distance for t = 2.46s given d = 0.5*g*t^2.",24.23
2995c179,"In Alice's Wonderland, a secret set of transformation rules is applied to equations. Below are a few examples:
!{*)^ = {{^(
:>-^) = \#
:>-\$ = #>
\\-#\ = #$
Now, determine the result for: )#->>",(^
29a9df97,"In Alice's Wonderland, numbers are secretly converted into a different numeral system. Some examples are given below:
39 -> XXXIX
97 -> XCVII
64 -> LXIV
87 -> LXXXVII
87 -> LXXXVII
Now, write the number 70 in the Wonderland numeral system.",LXX
29b4247c,"In Alice's Wonderland, numbers are secretly converted into a different numeral system. Some examples are given below:
27 -> XXVII
14 -> XIV
80 -> LXXX
5 -> V
Now, write the number 69 in the Wonderland numeral system.",LXIX
29e1527c,"In Alice's Wonderland, the gravitational constant has been secretly changed. Here are some example observations:
For t = 2.12s, distance = 27.94 m
For t = 4.4s, distance = 120.36 m
For t = 2.61s, distance = 42.35 m
For t = 2.73s, distance = 46.33 m
Now, determine the falling distance for t = 1.2s given d = 0.5*g*t^2.",8.95
29f63642,"In Alice's Wonderland, numbers are secretly converted into a different numeral system. Some examples are given below:
40 -> XL
8 -> VIII
85 -> LXXXV
30 -> XXX
Now, write the number 79 in the Wonderland numeral system.",LXXIX
2a204590,"In Alice's Wonderland, a secret set of transformation rules is applied to equations. Below are a few examples:
\^+(} = \^(}
}#-#} = -$?
?$+}\ = ?$}\
$#*(^ = $\#
Now, determine the result for: #^*&#",&<^#
2a25de27,"In Alice's Wonderland, a secret set of transformation rules is applied to equations. Below are a few examples:
"">-""? = ?
%'+'^ = ?\
'?+{^ = !>
'{*?> = %\`?
!>+{{ = ^>{
Now, determine the result for: {!+!`",^^'
2a4de31a,"In Alice's Wonderland, a secret unit conversion is applied to measurements. For example:
32.12 m becomes 31.34
36.62 m becomes 35.73
28.75 m becomes 28.05
39.78 m becomes 38.81
13.44 m becomes 13.11
Now, convert the following measurement: 36.89 m",35.99
2a55bb8d,"In Alice's Wonderland, the gravitational constant has been secretly changed. Here are some example observations:
For t = 1.74s, distance = 24.57 m
For t = 4.44s, distance = 159.98 m
For t = 2.43s, distance = 47.92 m
Now, determine the falling distance for t = 4.5s given d = 0.5*g*t^2.",164.33
2a5e45a4,"In Alice's Wonderland, a secret set of transformation rules is applied to equations. Below are a few examples:
}(\@| = [[}
[}*|! = `!@
}(-|< = :
`:-(} = :}
!}\}< = :(
Now, determine the result for: <@\@$",`@}
2a6b5032,"In Alice's Wonderland, numbers are secretly converted into a different numeral system. Some examples are given below:
25 -> XXV
79 -> LXXIX
24 -> XXIV
33 -> XXXIII
34 -> XXXIV
Now, write the number 15 in the Wonderland numeral system.",XV
2a8ccc8a,"In Alice's Wonderland, the gravitational constant has been secretly changed. Here are some example observations:
For t = 1.25s, distance = 12.1 m
For t = 2.72s, distance = 57.3 m
For t = 1.24s, distance = 11.91 m
Now, determine the falling distance for t = 2.77s given d = 0.5*g*t^2.",59.42
2ad8d85d,"In Alice's Wonderland, a secret unit conversion is applied to measurements. For example:
20.28 m becomes 12.11
27.2 m becomes 16.24
10.51 m becomes 6.28
29.4 m becomes 17.56
Now, convert the following measurement: 33.24 m",19.85
2afebbc3,"In Alice's Wonderland, a secret set of transformation rules is applied to equations. Below are a few examples:
85#34 = 8534
20/37 = 17
57#26 = 5726
67#85 = 6785
Now, determine the result for: 18/52",16
2affe39c,"In Alice's Wonderland, a secret set of transformation rules is applied to equations. Below are a few examples:
`""-""' = !`
`<*:` = (`<?
?`+`! = (:'
Now, determine the result for: ':+""?",(]
2b1a109a,"In Alice's Wonderland, a secret set of transformation rules is applied to equations. Below are a few examples:
?]+>> = /?)
]!-)\ = ?/
&>*>/ = ]/&/
?|-|\ = -/)
@&*|| = )>!)
Now, determine the result for: />-?!",-/)
2b33a681,"In Alice's Wonderland, numbers are secretly converted into a different numeral system. Some examples are given below:
13 -> XIII
42 -> XLII
57 -> LVII
73 -> LXXIII
Now, write the number 5 in the Wonderland numeral system.",V
2b3540d8,"In Alice's Wonderland, a secret set of transformation rules is applied to equations. Below are a few examples:
((+$@ = (""#
"")+(: = {)#
()-'? = ''
#@*{: = ?$))
#""-(# = {{
Now, determine the result for: (:*?""",""":$"""
2b4d5475,"In Alice's Wonderland, a secret unit conversion is applied to measurements. For example:
22.61 m becomes 30.51
39.91 m becomes 53.86
41.07 m becomes 55.42
31.39 m becomes 42.36
Now, convert the following measurement: 31.3 m",42.24
2b4de8bd,"In Alice's Wonderland, the gravitational constant has been secretly changed. Here are some example observations:
For t = 4.18s, distance = 165.38 m
For t = 2.75s, distance = 71.58 m
For t = 1.21s, distance = 13.86 m
For t = 1.59s, distance = 23.93 m
For t = 2.34s, distance = 51.83 m
Now, determine the falling distance for t = 3.03s given d = 0.5*g*t^2.",86.9
2b4f52ec,"In Alice's Wonderland, numbers are secretly converted into a different numeral system. Some examples are given below:
13 -> XIII
30 -> XXX
60 -> LX
Now, write the number 19 in the Wonderland numeral system.",XIX
2b6147f7,"In Alice's Wonderland, the gravitational constant has been secretly changed. Here are some example observations:
For t = 3.37s, distance = 105.32 m
For t = 1.58s, distance = 23.15 m
For t = 3.6s, distance = 120.18 m
For t = 1.02s, distance = 9.65 m
For t = 1.09s, distance = 11.02 m
Now, determine the falling distance for t = 4.55s given d = 0.5*g*t^2.",191.98
2b729571,"In Alice's Wonderland, numbers are secretly converted into a different numeral system. Some examples are given below:
10 -> X
17 -> XVII
33 -> XXXIII
90 -> XC
Now, write the number 74 in the Wonderland numeral system.",LXXIV
2ba4b99f,"In Alice's Wonderland, a secret set of transformation rules is applied to equations. Below are a few examples:
>\+>[ = +/%
:%?[{ = \/\
{[+:: = |!
{@(%: = >{:!
Now, determine the result for: @|(\|",@:%>
2bb8b21a,"In Alice's Wonderland, numbers are secretly converted into a different numeral system. Some examples are given below:
41 -> XLI
39 -> XXXIX
95 -> XCV
55 -> LV
Now, write the number 94 in the Wonderland numeral system.",XCIV
2bc0533d,"In Alice's Wonderland, a secret unit conversion is applied to measurements. For example:
11.42 m becomes 17.99
25.81 m becomes 40.65
5.73 m becomes 9.03
20.15 m becomes 31.74
42.94 m becomes 67.64
Now, convert the following measurement: 40.8 m",64.26
2bca5e57,"In Alice's Wonderland, a secret set of transformation rules is applied to equations. Below are a few examples:
^^)}? = \}|
?^/}@ = |:@#
|:/\? = @(@
Now, determine the result for: @})^$",\}}
2bf047ca,"In Alice's Wonderland, numbers are secretly converted into a different numeral system. Some examples are given below:
91 -> XCI
30 -> XXX
65 -> LXV
72 -> LXXII
86 -> LXXXVI
Now, write the number 49 in the Wonderland numeral system.",XLIX
2c08209b,"In Alice's Wonderland, a secret unit conversion is applied to measurements. For example:
23.69 m becomes 34.10
13.05 m becomes 18.78
12.45 m becomes 17.92
33.3 m becomes 47.93
Now, convert the following measurement: 36.4 m",52.40
2c1cace4,"In Alice's Wonderland, a secret set of transformation rules is applied to equations. Below are a few examples:
}@-@' = @}
""%*|' = ]''%
!|+$$ = !|$$
Now, determine the result for: ]}-$""",!}
2c5943b2,"In Alice's Wonderland, numbers are secretly converted into a different numeral system. Some examples are given below:
97 -> XCVII
47 -> XLVII
65 -> LXV
70 -> LXX
93 -> XCIII
Now, write the number 74 in the Wonderland numeral system.",LXXIV
2c8e2e06,"In Alice's Wonderland, a secret set of transformation rules is applied to equations. Below are a few examples:
97>98 = 194
53&45 = 8
35)79 = 2764
12)34 = 407
Now, determine the result for: 38&90",&52
2c974394,"In Alice's Wonderland, numbers are secretly converted into a different numeral system. Some examples are given below:
4 -> IV
40 -> XL
83 -> LXXXIII
6 -> VI
Now, write the number 12 in the Wonderland numeral system.",XII
2c9a8df6,"In Alice's Wonderland, a secret set of transformation rules is applied to equations. Below are a few examples:
<^-}& = -@{
\[+<\ = &]<
{@*}& = \][@
Now, determine the result for: &<-&&",-]\
2cbb0bf8,"In Alice's Wonderland, a secret unit conversion is applied to measurements. For example:
19.25 m becomes 29.75
30.38 m becomes 46.95
21.75 m becomes 33.61
Now, convert the following measurement: 15.52 m",23.99
2cd4b72a,"In Alice's Wonderland, a secret unit conversion is applied to measurements. For example:
15.35 m becomes 16.55
32.6 m becomes 35.15
5.51 m becomes 5.94
48.03 m becomes 51.79
39.33 m becomes 42.41
Now, convert the following measurement: 32.44 m",34.98
2ce41663,"In Alice's Wonderland, a secret bit manipulation rule transforms 8-bit binary numbers. The transformation involves operations like bit shifts, rotations, XOR, AND, OR, NOT, and possibly majority or choice functions.

Here are some examples of input -> output:
10011111 -> 10011011
10101111 -> 00110111
01100110 -> 10110011
00011000 -> 10101111
10110011 -> 01111000
00110001 -> 01011101
01000101 -> 01110001
01011100 -> 00100111
00001110 -> 11011011

Now, determine the output for: 11001101",01100011
2cf042b9,"In Alice's Wonderland, a secret set of transformation rules is applied to equations. Below are a few examples:
!>-)| = ]|
!|-)@ = -^^
@|+[| = <[
>^-<^ = -^
Now, determine the result for: |>-|[",?^
2cf45d07,"In Alice's Wonderland, a secret bit manipulation rule transforms 8-bit binary numbers. The transformation involves operations like bit shifts, rotations, XOR, AND, OR, NOT, and possibly majority or choice functions.

Here are some examples of input -> output:
00110010 -> 00010000
11110000 -> 00011000
10101110 -> 01010101
11100000 -> 00010000
11011101 -> 11101010
00010111 -> 10101010
11011110 -> 11111011

Now, determine the output for: 01010111",10101010
2cf950c9,"In Alice's Wonderland, numbers are secretly converted into a different numeral system. Some examples are given below:
51 -> LI
35 -> XXXV
31 -> XXXI
Now, write the number 14 in the Wonderland numeral system.",XIV
2d1d1cea,"In Alice's Wonderland, the gravitational constant has been secretly changed. Here are some example observations:
For t = 4.18s, distance = 115.45 m
For t = 1.0s, distance = 6.61 m
For t = 4.02s, distance = 106.78 m
Now, determine the falling distance for t = 2.69s given d = 0.5*g*t^2.",47.81
2d23f241,"In Alice's Wonderland, the gravitational constant has been secretly changed. Here are some example observations:
For t = 3.69s, distance = 121.42 m
For t = 3.71s, distance = 122.74 m
For t = 2.09s, distance = 38.95 m
Now, determine the falling distance for t = 1.48s given d = 0.5*g*t^2.",19.53
2d27ccfa,"In Alice's Wonderland, numbers are secretly converted into a different numeral system. Some examples are given below:
95 -> XCV
29 -> XXIX
88 -> LXXXVIII
46 -> XLVI
Now, write the number 52 in the Wonderland numeral system.",LII
2d3547af,"In Alice's Wonderland, a secret set of transformation rules is applied to equations. Below are a few examples:
#}`)$ = }\
$<(>/ = (^/
!}&#< = $)^}
>\`## = )$<
Now, determine the result for: \$&\\",))^)
2d5926f7,"In Alice's Wonderland, a secret unit conversion is applied to measurements. For example:
46.91 m becomes 27.68
38.5 m becomes 22.72
33.82 m becomes 19.96
Now, convert the following measurement: 44.24 m",26.11
2d5dc8af,"In Alice's Wonderland, numbers are secretly converted into a different numeral system. Some examples are given below:
78 -> LXXVIII
71 -> LXXI
64 -> LXIV
39 -> XXXIX
Now, write the number 79 in the Wonderland numeral system.",LXXIX
2d624cab,"In Alice's Wonderland, a secret set of transformation rules is applied to equations. Below are a few examples:
'{^{! = [{
&)%[{ = )#
&#^&) = {
Now, determine the result for: >)`#'",![)]
2d69e4ee,"In Alice's Wonderland, numbers are secretly converted into a different numeral system. Some examples are given below:
6 -> VI
89 -> LXXXIX
74 -> LXXIV
5 -> V
31 -> XXXI
Now, write the number 66 in the Wonderland numeral system.",LXVI
2d7442bf,"In Alice's Wonderland, the gravitational constant has been secretly changed. Here are some example observations:
For t = 1.01s, distance = 5.26 m
For t = 2.94s, distance = 44.59 m
For t = 3.81s, distance = 74.88 m
For t = 4.44s, distance = 101.7 m
For t = 1.89s, distance = 18.43 m
Now, determine the falling distance for t = 2.17s given d = 0.5*g*t^2.",24.29
2d790c98,"In Alice's Wonderland, a secret bit manipulation rule transforms 8-bit binary numbers. The transformation involves operations like bit shifts, rotations, XOR, AND, OR, NOT, and possibly majority or choice functions.

Here are some examples of input -> output:
10000010 -> 11010011
01101010 -> 10001101
01110000 -> 00011110
11110011 -> 00111110
10011101 -> 00011111
00011000 -> 01001111
00110110 -> 11110110
10101000 -> 00110101
00101010 -> 00001101
00101001 -> 00111111

Now, determine the output for: 01000000",01111011
2d7edafd,"In Alice's Wonderland, a secret set of transformation rules is applied to equations. Below are a few examples:
|?$`( = `/[
[<$([ = `&?`
`(}/( = `
/(}`: = }`?
{<$[{ = (::?
Now, determine the result for: |($:{",:{&
2d89386e,"In Alice's Wonderland, a secret set of transformation rules is applied to equations. Below are a few examples:
::-@/ = ${
]'+@] = ]<
{]*/{ = /{:
'}-/$ = {]
%%+%% = <<
Now, determine the result for: %]-$]",:
2d8ad167,"In Alice's Wonderland, numbers are secretly converted into a different numeral system. Some examples are given below:
68 -> LXVIII
31 -> XXXI
36 -> XXXVI
Now, write the number 22 in the Wonderland numeral system.",XXII
2db53c85,"In Alice's Wonderland, a secret set of transformation rules is applied to equations. Below are a few examples:
>&+&) = <&<
>|->{ = -'
]>-)& = ):
Now, determine the result for: {{*|'",)//:
2dd1bc5e,"In Alice's Wonderland, numbers are secretly converted into a different numeral system. Some examples are given below:
22 -> XXII
5 -> V
8 -> VIII
Now, write the number 33 in the Wonderland numeral system.",XXXIII
2de43f9f,"In Alice's Wonderland, a secret set of transformation rules is applied to equations. Below are a few examples:
['+%( = :%>
%(-}: = %!
!!*(# = (>'>
Now, determine the result for: '[+}>",'%
2deaeae1,"In Alice's Wonderland, a secret unit conversion is applied to measurements. For example:
22.88 m becomes 20.63
15.74 m becomes 14.19
33.21 m becomes 29.94
38.97 m becomes 35.14
42.95 m becomes 38.72
Now, convert the following measurement: 16.2 m",14.61
2df6dc21,"In Alice's Wonderland, a secret unit conversion is applied to measurements. For example:
42.57 m becomes 53.82
29.24 m becomes 36.97
16.35 m becomes 20.67
Now, convert the following measurement: 17.29 m",21.86
2e07bc6c,"In Alice's Wonderland, numbers are secretly converted into a different numeral system. Some examples are given below:
37 -> XXXVII
64 -> LXIV
81 -> LXXXI
Now, write the number 95 in the Wonderland numeral system.",XCV
2e1b9d84,"In Alice's Wonderland, a secret set of transformation rules is applied to equations. Below are a few examples:
>[+>"" = >'
<`*>' = >>]""
>[-[` = /
Now, determine the result for: [`+'}","]>"""
2e49c6ec,"In Alice's Wonderland, a secret unit conversion is applied to measurements. For example:
29.01 m becomes 14.89
20.96 m becomes 10.76
23.57 m becomes 12.10
Now, convert the following measurement: 8.56 m",4.39
2e53e971,"In Alice's Wonderland, the gravitational constant has been secretly changed. Here are some example observations:
For t = 1.32s, distance = 13.14 m
For t = 2.2s, distance = 36.5 m
For t = 1.3s, distance = 12.75 m
For t = 1.5s, distance = 16.97 m
For t = 2.21s, distance = 36.83 m
Now, determine the falling distance for t = 4.12s given d = 0.5*g*t^2.",128.01
2e550436,"In Alice's Wonderland, a secret set of transformation rules is applied to equations. Below are a few examples:
??-<& = -<(
!&+)< = !){
<&-`` = -$!
Now, determine the result for: `^+$!",?){
2e6cf33f,"In Alice's Wonderland, a secret unit conversion is applied to measurements. For example:
16.7 m becomes 24.89
9.22 m becomes 13.74
49.59 m becomes 73.90
Now, convert the following measurement: 42.27 m",62.99
2e8fc884,"In Alice's Wonderland, a secret set of transformation rules is applied to equations. Below are a few examples:
}!-!} = <$
$]*<? = <]|?
]$-$< = -%{
!{-]% = {}
Now, determine the result for: |<+?{",<[$
2e8fe403,"In Alice's Wonderland, the gravitational constant has been secretly changed. Here are some example observations:
For t = 4.52s, distance = 106.93 m
For t = 2.7s, distance = 38.15 m
For t = 4.78s, distance = 119.58 m
Now, determine the falling distance for t = 3.48s given d = 0.5*g*t^2.",63.38
2e9b1b9d,"In Alice's Wonderland, a secret set of transformation rules is applied to equations. Below are a few examples:
)$+>"" = $:
""""*["" = ""?@?
@""+![ = >?!
[:*"": = ""@!$
Now, determine the result for: )>+!""",<)
2ea26a27,"In Alice's Wonderland, the gravitational constant has been secretly changed. Here are some example observations:
For t = 3.24s, distance = 79.98 m
For t = 3.66s, distance = 102.06 m
For t = 4.94s, distance = 185.93 m
For t = 2.32s, distance = 41.01 m
Now, determine the falling distance for t = 1.96s given d = 0.5*g*t^2.",29.27
2ec73c8f,"In Alice's Wonderland, a secret unit conversion is applied to measurements. For example:
5.21 m becomes 7.00
39.68 m becomes 53.33
42.2 m becomes 56.72
40.71 m becomes 54.72
Now, convert the following measurement: 40.69 m",54.69
2ee254c0,"In Alice's Wonderland, numbers are secretly converted into a different numeral system. Some examples are given below:
42 -> XLII
14 -> XIV
82 -> LXXXII
Now, write the number 44 in the Wonderland numeral system.",XLIV
2efd8e6f,"In Alice's Wonderland, numbers are secretly converted into a different numeral system. Some examples are given below:
46 -> XLVI
68 -> LXVIII
77 -> LXXVII
Now, write the number 30 in the Wonderland numeral system.",XXX
2f18b11f,"In Alice's Wonderland, the gravitational constant has been secretly changed. Here are some example observations:
For t = 4.63s, distance = 140.63 m
For t = 2.24s, distance = 32.92 m
For t = 3.6s, distance = 85.02 m
For t = 1.49s, distance = 14.56 m
For t = 2.55s, distance = 42.66 m
Now, determine the falling distance for t = 4.25s given d = 0.5*g*t^2.",118.49
2f270b32,"In Alice's Wonderland, a secret bit manipulation rule transforms 8-bit binary numbers. The transformation involves operations like bit shifts, rotations, XOR, AND, OR, NOT, and possibly majority or choice functions.

Here are some examples of input -> output:
11101010 -> 11010011
10111011 -> 10000110
10001111 -> 00011011
11110000 -> 00111100
10100101 -> 00111001
00110010 -> 00011100
00111011 -> 10101110
00111001 -> 10001110

Now, determine the output for: 11101000",11111011
2f37b967,"In Alice's Wonderland, the gravitational constant has been secretly changed. Here are some example observations:
For t = 1.02s, distance = 7.07 m
For t = 3.72s, distance = 93.98 m
For t = 2.62s, distance = 46.62 m
For t = 2.67s, distance = 48.41 m
For t = 3.64s, distance = 89.98 m
Now, determine the falling distance for t = 2.84s given d = 0.5*g*t^2.",54.78
2f3f1f09,"In Alice's Wonderland, numbers are secretly converted into a different numeral system. Some examples are given below:
72 -> LXXII
96 -> XCVI
81 -> LXXXI
67 -> LXVII
9 -> IX
Now, write the number 81 in the Wonderland numeral system.",LXXXI
2f46a715,"In Alice's Wonderland, a secret set of transformation rules is applied to equations. Below are a few examples:
||*&/ = |][&
!]+{& = {&!]
]&+!/ = !/]&
]>-&/ = [[
|^*^[ = @|{&
Now, determine the result for: !/*|[",]]&|
2f5f8f45,"In Alice's Wonderland, a secret bit manipulation rule transforms 8-bit binary numbers. The transformation involves operations like bit shifts, rotations, XOR, AND, OR, NOT, and possibly majority or choice functions.

Here are some examples of input -> output:
10011111 -> 11110011
10000010 -> 01011111
01100011 -> 00111111
11010101 -> 00111010
10010000 -> 01011011
00101000 -> 10110101
10100001 -> 10011111

Now, determine the output for: 00100110",01000110
2f671c98,"In Alice's Wonderland, numbers are secretly converted into a different numeral system. Some examples are given below:
46 -> XLVI
65 -> LXV
80 -> LXXX
57 -> LVII
Now, write the number 55 in the Wonderland numeral system.",LV
2f72e1d1,"In Alice's Wonderland, numbers are secretly converted into a different numeral system. Some examples are given below:
47 -> XLVII
58 -> LVIII
37 -> XXXVII
28 -> XXVIII
Now, write the number 45 in the Wonderland numeral system.",XLV
2f767212,"In Alice's Wonderland, a secret unit conversion is applied to measurements. For example:
41.63 m becomes 66.24
8.42 m becomes 13.40
19.96 m becomes 31.76
Now, convert the following measurement: 49.02 m",77.99
2f7b6e82,"In Alice's Wonderland, the gravitational constant has been secretly changed. Here are some example observations:
For t = 3.93s, distance = 103.47 m
For t = 2.73s, distance = 49.93 m
For t = 4.8s, distance = 154.35 m
For t = 2.86s, distance = 54.8 m
For t = 3.17s, distance = 67.32 m
Now, determine the falling distance for t = 1.45s given d = 0.5*g*t^2.",14.08
2f7e0e78,"In Alice's Wonderland, a secret set of transformation rules is applied to equations. Below are a few examples:
66+09 = 551
74+42 = 07
49+19 = 481
Now, determine the result for: 98-99",01
2f883df4,"In Alice's Wonderland, the gravitational constant has been secretly changed. Here are some example observations:
For t = 3.11s, distance = 67.53 m
For t = 4.63s, distance = 149.68 m
For t = 4.56s, distance = 145.18 m
For t = 4.28s, distance = 127.9 m
Now, determine the falling distance for t = 4.44s given d = 0.5*g*t^2.",137.64
2f9550a7,"In Alice's Wonderland, a secret unit conversion is applied to measurements. For example:
40.69 m becomes 66.95
22.8 m becomes 37.52
37.97 m becomes 62.48
20.28 m becomes 33.37
42.12 m becomes 69.31
Now, convert the following measurement: 26.79 m",44.08
2fa6c2b5,"In Alice's Wonderland, numbers are secretly converted into a different numeral system. Some examples are given below:
76 -> LXXVI
40 -> XL
34 -> XXXIV
Now, write the number 83 in the Wonderland numeral system.",LXXXIII
2fc515aa,"In Alice's Wonderland, the gravitational constant has been secretly changed. Here are some example observations:
For t = 4.18s, distance = 120.83 m
For t = 2.61s, distance = 47.11 m
For t = 4.08s, distance = 115.12 m
For t = 2.27s, distance = 35.63 m
For t = 1.89s, distance = 24.7 m
Now, determine the falling distance for t = 4.31s given d = 0.5*g*t^2.",128.46
2fc5ef5b,"In Alice's Wonderland, a secret set of transformation rules is applied to equations. Below are a few examples:
/:+{: = }^
:%*'% = &^}&
\%*{: = \/{}
$&+%& = ^$
Now, determine the result for: &/*:'",/&\%
2ff200fb,"In Alice's Wonderland, a secret set of transformation rules is applied to equations. Below are a few examples:
>#*%) = ]/&
)#-%[ = &]
)]*&? = &%>
/]-#^ = #?
?%*/[ = //]?
Now, determine the result for: ^%-[]",)^
2ff2a47e,"In Alice's Wonderland, the gravitational constant has been secretly changed. Here are some example observations:
For t = 1.21s, distance = 12.2 m
For t = 2.59s, distance = 55.9 m
For t = 3.96s, distance = 130.68 m
For t = 1.09s, distance = 9.9 m
Now, determine the falling distance for t = 1.4s given d = 0.5*g*t^2.",16.33
2ffd3f41,"In Alice's Wonderland, numbers are secretly converted into a different numeral system. Some examples are given below:
59 -> LIX
55 -> LV
59 -> LIX
23 -> XXIII
60 -> LX
Now, write the number 35 in the Wonderland numeral system.",XXXV
30196117,"In Alice's Wonderland, numbers are secretly converted into a different numeral system. Some examples are given below:
62 -> LXII
45 -> XLV
12 -> XII
Now, write the number 79 in the Wonderland numeral system.",LXXIX
3031924c,"In Alice's Wonderland, a secret unit conversion is applied to measurements. For example:
25.03 m becomes 24.32
45.13 m becomes 43.86
17.47 m becomes 16.98
49.52 m becomes 48.12
Now, convert the following measurement: 42.84 m",41.63
303c84ea,"In Alice's Wonderland, a secret set of transformation rules is applied to equations. Below are a few examples:
$>:$' = [$
@\/|> = '`$#
$#/@` = @[`$
'`:[% = '$:
Now, determine the result for: '|(`$",#$$
303fc16b,"In Alice's Wonderland, a secret set of transformation rules is applied to equations. Below are a few examples:
`(|`! = }}`
}\{`} = '}""
""?{}"" = ""&}
`(|`\ = }}?
!""{[! = ""[""\
Now, determine the result for: (""<\""",'?
304cc47b,"In Alice's Wonderland, a secret bit manipulation rule transforms 8-bit binary numbers. The transformation involves operations like bit shifts, rotations, XOR, AND, OR, NOT, and possibly majority or choice functions.

Here are some examples of input -> output:
00000101 -> 10100000
01111010 -> 00000111
01010100 -> 10001010
01000111 -> 11100100
11100100 -> 00001100
01010001 -> 00101110
01011011 -> 00000111
01001010 -> 01000001
11110111 -> 00101110

Now, determine the output for: 10110111",00101010
305a3436,"In Alice's Wonderland, a secret set of transformation rules is applied to equations. Below are a few examples:
&`*'& = &&@`
&}*}& = !{}
'?-{& = -<!
Now, determine the result for: '{+@`",&{'
3071e57b,"In Alice's Wonderland, numbers are secretly converted into a different numeral system. Some examples are given below:
3 -> III
11 -> XI
59 -> LIX
Now, write the number 37 in the Wonderland numeral system.",XXXVII
3087b4f9,"In Alice's Wonderland, the gravitational constant has been secretly changed. Here are some example observations:
For t = 1.14s, distance = 5.73 m
For t = 4.72s, distance = 98.23 m
For t = 4.64s, distance = 94.93 m
For t = 2.38s, distance = 24.98 m
For t = 2.17s, distance = 20.76 m
Now, determine the falling distance for t = 3.17s given d = 0.5*g*t^2.",44.31
309e5491,"In Alice's Wonderland, the gravitational constant has been secretly changed. Here are some example observations:
For t = 1.65s, distance = 15.64 m
For t = 4.88s, distance = 136.79 m
For t = 3.9s, distance = 87.36 m
For t = 3.2s, distance = 58.82 m
For t = 2.31s, distance = 30.65 m
Now, determine the falling distance for t = 1.01s given d = 0.5*g*t^2.",5.86
30ac5c8e,"In Alice's Wonderland, a secret set of transformation rules is applied to equations. Below are a few examples:
&}-@) = -\@
:/*/} = #/&?
}&*#"" = #&\}
\}*)@ = &&#?
""\+#\ = ::?
Now, determine the result for: @\+}?",)#?
30b94c6b,"In Alice's Wonderland, numbers are secretly converted into a different numeral system. Some examples are given below:
73 -> LXXIII
62 -> LXII
93 -> XCIII
64 -> LXIV
24 -> XXIV
Now, write the number 63 in the Wonderland numeral system.",LXIII
30d70872,"In Alice's Wonderland, the gravitational constant has been secretly changed. Here are some example observations:
For t = 1.83s, distance = 9.43 m
For t = 3.61s, distance = 36.68 m
For t = 3.05s, distance = 26.19 m
For t = 4.46s, distance = 55.99 m
For t = 4.87s, distance = 66.76 m
Now, determine the falling distance for t = 3.59s given d = 0.5*g*t^2.",36.28
30d7ac17,"In Alice's Wonderland, a secret unit conversion is applied to measurements. For example:
25.67 m becomes 45.05
45.54 m becomes 79.92
12.79 m becomes 22.45
44.99 m becomes 78.96
Now, convert the following measurement: 12.66 m",22.22
30e4b199,"In Alice's Wonderland, a secret set of transformation rules is applied to equations. Below are a few examples:
/:*:] = ]
@]*]| = )
):<{$ = ]${&
:'<{/ = |@''
Now, determine the result for: @@\&&",|:|
31028506,"In Alice's Wonderland, a secret set of transformation rules is applied to equations. Below are a few examples:
<`*<? = #)!?
}""+""` = `\%
\}+`# = ##
!<+%\ = `""}
<)*<"" = ""?!)
Now, determine the result for: ?)+``",!\
31051ff2,"In Alice's Wonderland, a secret set of transformation rules is applied to equations. Below are a few examples:
##-%` = -""#
]<*%} = ]<%}
#""+^# = |}
@|-]} = -@<
Now, determine the result for: @`+|`",||
3121895a,"In Alice's Wonderland, numbers are secretly converted into a different numeral system. Some examples are given below:
52 -> LII
31 -> XXXI
94 -> XCIV
73 -> LXXIII
Now, write the number 27 in the Wonderland numeral system.",XXVII
31678582,"In Alice's Wonderland, a secret set of transformation rules is applied to equations. Below are a few examples:
]|@<| = "")
<)@|< = }<
?]@/| = <}
#?@<] = |:
Now, determine the result for: #/&"":",<:)
316f1bd1,"In Alice's Wonderland, numbers are secretly converted into a different numeral system. Some examples are given below:
81 -> LXXXI
48 -> XLVIII
100 -> C
Now, write the number 36 in the Wonderland numeral system.",XXXVI
317266c3,"In Alice's Wonderland, the gravitational constant has been secretly changed. Here are some example observations:
For t = 3.27s, distance = 78.28 m
For t = 3.82s, distance = 106.83 m
For t = 2.89s, distance = 61.15 m
For t = 1.47s, distance = 15.82 m
For t = 2.45s, distance = 43.94 m
Now, determine the falling distance for t = 3.05s given d = 0.5*g*t^2.",68.1
31966698,"In Alice's Wonderland, a secret bit manipulation rule transforms 8-bit binary numbers. The transformation involves operations like bit shifts, rotations, XOR, AND, OR, NOT, and possibly majority or choice functions.

Here are some examples of input -> output:
01001010 -> 11111110
10011111 -> 11011011
00010101 -> 11111011
11101100 -> 11001111
00001011 -> 11111111
11110101 -> 11101001
11101001 -> 11011110
10100111 -> 11110101
00101000 -> 11111111
10000100 -> 11111101

Now, determine the output for: 00100011",11110111
31adea79,"In Alice's Wonderland, a secret unit conversion is applied to measurements. For example:
37.82 m becomes 24.19
41.57 m becomes 26.59
27.38 m becomes 17.51
Now, convert the following measurement: 29.77 m",19.04
31b1d38b,"In Alice's Wonderland, numbers are secretly converted into a different numeral system. Some examples are given below:
12 -> XII
7 -> VII
99 -> XCIX
52 -> LII
Now, write the number 19 in the Wonderland numeral system.",XIX
31b8db52,"In Alice's Wonderland, a secret set of transformation rules is applied to equations. Below are a few examples:
)%-?? = -{:
{'+<: = [%
|)+[% = ([
Now, determine the result for: )(*::",<{|?
31c04c70,"In Alice's Wonderland, the gravitational constant has been secretly changed. Here are some example observations:
For t = 2.03s, distance = 22.81 m
For t = 2.32s, distance = 29.79 m
For t = 1.09s, distance = 6.58 m
Now, determine the falling distance for t = 3.76s given d = 0.5*g*t^2.",78.26
31c682d7,"In Alice's Wonderland, a secret unit conversion is applied to measurements. For example:
36.64 m becomes 51.44
39.57 m becomes 55.55
5.9 m becomes 8.28
31.53 m becomes 44.26
Now, convert the following measurement: 16.21 m",22.76
31d642e9,"In Alice's Wonderland, numbers are secretly converted into a different numeral system. Some examples are given below:
81 -> LXXXI
69 -> LXIX
92 -> XCII
24 -> XXIV
Now, write the number 37 in the Wonderland numeral system.",XXXVII
32082de7,"In Alice's Wonderland, numbers are secretly converted into a different numeral system. Some examples are given below:
37 -> XXXVII
21 -> XXI
92 -> XCII
59 -> LIX
Now, write the number 79 in the Wonderland numeral system.",LXXIX
321ef6ba,"In Alice's Wonderland, a secret set of transformation rules is applied to equations. Below are a few examples:
/&*$( = /$&:
:|-(' = -|&
""|*:"" = $&(
](-|' = -$`
&&-]"" = `:
Now, determine the result for: (&*&&","""""::"
32261adc,"In Alice's Wonderland, numbers are secretly converted into a different numeral system. Some examples are given below:
38 -> XXXVIII
11 -> XI
43 -> XLIII
66 -> LXVI
60 -> LX
Now, write the number 35 in the Wonderland numeral system.",XXXV
322c6169,"In Alice's Wonderland, a secret bit manipulation rule transforms 8-bit binary numbers. The transformation involves operations like bit shifts, rotations, XOR, AND, OR, NOT, and possibly majority or choice functions.

Here are some examples of input -> output:
00101111 -> 10110100
01100000 -> 00000000
01110110 -> 11011001
01010100 -> 00000000
10100110 -> 11010010
00010110 -> 01001000
10010011 -> 01001000

Now, determine the output for: 11000111",01100011
325f705d,"In Alice's Wonderland, the gravitational constant has been secretly changed. Here are some example observations:
For t = 3.39s, distance = 90.48 m
For t = 1.43s, distance = 16.1 m
For t = 1.27s, distance = 12.7 m
For t = 4.6s, distance = 166.6 m
Now, determine the falling distance for t = 1.14s given d = 0.5*g*t^2.",10.23
326446da,"In Alice's Wonderland, a secret unit conversion is applied to measurements. For example:
13.29 m becomes 13.85
26.07 m becomes 27.16
25.74 m becomes 26.82
Now, convert the following measurement: 38.63 m",40.25
327672b1,"In Alice's Wonderland, numbers are secretly converted into a different numeral system. Some examples are given below:
21 -> XXI
34 -> XXXIV
30 -> XXX
Now, write the number 22 in the Wonderland numeral system.",XXII
32bb8ff5,"In Alice's Wonderland, a secret set of transformation rules is applied to equations. Below are a few examples:
>>+:: = ^:#
>&*[> = [#&&
??*># = ?^#:
)`*?? = `?)#
^`+^[ = `&
Now, determine the result for: ??-&:",`&
32c9cfa5,"In Alice's Wonderland, numbers are secretly converted into a different numeral system. Some examples are given below:
11 -> XI
94 -> XCIV
10 -> X
Now, write the number 52 in the Wonderland numeral system.",LII
32e9a308,"In Alice's Wonderland, a secret set of transformation rules is applied to equations. Below are a few examples:
86-22 = 1893
39-29 = 1132
54-54 = 2917
25-67 = 1676
Now, determine the result for: 94`31",124
32eb3da0,"In Alice's Wonderland, numbers are secretly converted into a different numeral system. Some examples are given below:
21 -> XXI
23 -> XXIII
95 -> XCV
Now, write the number 51 in the Wonderland numeral system.",LI
33009b84,"In Alice's Wonderland, numbers are secretly converted into a different numeral system. Some examples are given below:
44 -> XLIV
27 -> XXVII
40 -> XL
Now, write the number 84 in the Wonderland numeral system.",LXXXIV
330362ed,"In Alice's Wonderland, a secret unit conversion is applied to measurements. For example:
11.0 m becomes 14.82
34.41 m becomes 46.37
22.21 m becomes 29.93
34.18 m becomes 46.06
9.2 m becomes 12.40
Now, convert the following measurement: 48.29 m",65.07
33093ed0,"In Alice's Wonderland, a secret set of transformation rules is applied to equations. Below are a few examples:
75+79 = 7975
99*47 = 4799
95*65 = 6595
15-82 = 32
Now, determine the result for: 07-79",-72
330dc435,"In Alice's Wonderland, numbers are secretly converted into a different numeral system. Some examples are given below:
59 -> LIX
11 -> XI
68 -> LXVIII
69 -> LXIX
Now, write the number 18 in the Wonderland numeral system.",XVIII
3313fdbe,"In Alice's Wonderland, the gravitational constant has been secretly changed. Here are some example observations:
For t = 4.1s, distance = 126.76 m
For t = 2.24s, distance = 37.84 m
For t = 4.87s, distance = 178.85 m
For t = 3.84s, distance = 111.19 m
For t = 4.49s, distance = 152.02 m
Now, determine the falling distance for t = 3.23s given d = 0.5*g*t^2.",78.67
33151f4c,"In Alice's Wonderland, numbers are secretly converted into a different numeral system. Some examples are given below:
24 -> XXIV
1 -> I
81 -> LXXXI
62 -> LXII
Now, write the number 31 in the Wonderland numeral system.",XXXI
33205207,"In Alice's Wonderland, the gravitational constant has been secretly changed. Here are some example observations:
For t = 4.93s, distance = 68.31 m
For t = 3.85s, distance = 41.66 m
For t = 1.8s, distance = 9.11 m
For t = 3.6s, distance = 36.43 m
For t = 1.72s, distance = 8.32 m
Now, determine the falling distance for t = 4.74s given d = 0.5*g*t^2.",63.15
33436da3,"In Alice's Wonderland, numbers are secretly converted into a different numeral system. Some examples are given below:
41 -> XLI
96 -> XCVI
21 -> XXI
Now, write the number 55 in the Wonderland numeral system.",LV
335fa8ce,"In Alice's Wonderland, a secret unit conversion is applied to measurements. For example:
44.53 m becomes 76.71
19.02 m becomes 32.77
34.19 m becomes 58.90
44.98 m becomes 77.49
38.48 m becomes 66.29
Now, convert the following measurement: 36.36 m",62.64
336953fa,"In Alice's Wonderland, the gravitational constant has been secretly changed. Here are some example observations:
For t = 4.14s, distance = 100.86 m
For t = 1.8s, distance = 19.07 m
For t = 2.73s, distance = 43.86 m
For t = 3.87s, distance = 88.14 m
For t = 2.44s, distance = 35.04 m
Now, determine the falling distance for t = 4.83s given d = 0.5*g*t^2.",137.28
3370302a,"In Alice's Wonderland, a secret bit manipulation rule transforms 8-bit binary numbers. The transformation involves operations like bit shifts, rotations, XOR, AND, OR, NOT, and possibly majority or choice functions.

Here are some examples of input -> output:
10001011 -> 00011110
11111001 -> 11111101
01110010 -> 11100011
10001001 -> 00011010
11111110 -> 11110011
11001110 -> 10010000
10001010 -> 00011100
11001101 -> 10010110

Now, determine the output for: 10000101",00000010
337e110d,"In Alice's Wonderland, numbers are secretly converted into a different numeral system. Some examples are given below:
91 -> XCI
41 -> XLI
88 -> LXXXVIII
Now, write the number 52 in the Wonderland numeral system.",LII
339c28e1,"In Alice's Wonderland, a secret set of transformation rules is applied to equations. Below are a few examples:
@{->& = -&/
:/+/< = &::
>/+#{ = //
\#+<` = &::
Now, determine the result for: <`+\>",&:&
339f3dfa,"In Alice's Wonderland, numbers are secretly converted into a different numeral system. Some examples are given below:
27 -> XXVII
88 -> LXXXVIII
57 -> LVII
Now, write the number 60 in the Wonderland numeral system.",LX
33c4ff9f,"In Alice's Wonderland, a secret unit conversion is applied to measurements. For example:
44.41 m becomes 36.18
20.22 m becomes 16.47
31.87 m becomes 25.97
Now, convert the following measurement: 45.38 m",36.97
33c7fc95,"In Alice's Wonderland, numbers are secretly converted into a different numeral system. Some examples are given below:
87 -> LXXXVII
78 -> LXXVIII
55 -> LV
19 -> XIX
13 -> XIII
Now, write the number 36 in the Wonderland numeral system.",XXXVI
33cd307c,"In Alice's Wonderland, a secret unit conversion is applied to measurements. For example:
35.27 m becomes 22.91
9.65 m becomes 6.27
5.2 m becomes 3.38
17.63 m becomes 11.45
43.11 m becomes 28.00
Now, convert the following measurement: 32.24 m",20.94
33d171d8,"In Alice's Wonderland, numbers are secretly converted into a different numeral system. Some examples are given below:
4 -> IV
94 -> XCIV
94 -> XCIV
76 -> LXXVI
Now, write the number 78 in the Wonderland numeral system.",LXXVIII
33e4e9ec,"In Alice's Wonderland, a secret bit manipulation rule transforms 8-bit binary numbers. The transformation involves operations like bit shifts, rotations, XOR, AND, OR, NOT, and possibly majority or choice functions.

Here are some examples of input -> output:
00101110 -> 10101111
00010010 -> 10010110
01001111 -> 00100111
11001010 -> 01011011
01100001 -> 01111101
01111000 -> 10011110
01111101 -> 11001011

Now, determine the output for: 10100111",00110001
340321c8,"In Alice's Wonderland, a secret set of transformation rules is applied to equations. Below are a few examples:
&`-}& = ->$
}$-`> = -&!
:>-]% = -$&
Now, determine the result for: !%-$!",-!:
341252e5,"In Alice's Wonderland, the gravitational constant has been secretly changed. Here are some example observations:
For t = 4.15s, distance = 100.26 m
For t = 3.1s, distance = 55.95 m
For t = 3.25s, distance = 61.49 m
For t = 2.5s, distance = 36.39 m
For t = 1.58s, distance = 14.53 m
Now, determine the falling distance for t = 4.52s given d = 0.5*g*t^2.",118.94
3416dfa4,"In Alice's Wonderland, numbers are secretly converted into a different numeral system. Some examples are given below:
77 -> LXXVII
9 -> IX
51 -> LI
96 -> XCVI
44 -> XLIV
Now, write the number 24 in the Wonderland numeral system.",XXIV
3424f037,"In Alice's Wonderland, a secret set of transformation rules is applied to equations. Below are a few examples:
]&*&] = &{@^
|:-&@ = >:
{&->: = {
{$+""$ = :{
>]*^^ = {>&>
Now, determine the result for: {|*""&",{{|:
344e524b,"In Alice's Wonderland, a secret unit conversion is applied to measurements. For example:
49.64 m becomes 66.08
33.69 m becomes 44.85
39.29 m becomes 52.30
35.66 m becomes 47.47
7.67 m becomes 10.21
Now, convert the following measurement: 34.88 m",46.43
3456da40,"In Alice's Wonderland, a secret bit manipulation rule transforms 8-bit binary numbers. The transformation involves operations like bit shifts, rotations, XOR, AND, OR, NOT, and possibly majority or choice functions.

Here are some examples of input -> output:
10100111 -> 00101001
10001111 -> 00100011
01111100 -> 00011111
10110101 -> 00101101
00101100 -> 00001011
10101000 -> 00101010
00011100 -> 00000111

Now, determine the output for: 00111101",00001111
3492bb6e,"In Alice's Wonderland, the gravitational constant has been secretly changed. Here are some example observations:
For t = 1.04s, distance = 3.25 m
For t = 2.15s, distance = 13.89 m
For t = 3.4s, distance = 34.74 m
For t = 3.79s, distance = 43.16 m
Now, determine the falling distance for t = 2.6s given d = 0.5*g*t^2.",20.31
34d1d16f,"In Alice's Wonderland, a secret set of transformation rules is applied to equations. Below are a few examples:
[""+["" = ||:?
?@+@? = @""|?
/[}?: = @|[
Now, determine the result for: '/^?@",^|!
34eae7f9,"In Alice's Wonderland, the gravitational constant has been secretly changed. Here are some example observations:
For t = 1.62s, distance = 23.89 m
For t = 3.29s, distance = 98.53 m
For t = 2.59s, distance = 61.06 m
For t = 3.68s, distance = 123.27 m
For t = 2.99s, distance = 81.38 m
Now, determine the falling distance for t = 2.91s given d = 0.5*g*t^2.",77.08
34f49b7d,"In Alice's Wonderland, the gravitational constant has been secretly changed. Here are some example observations:
For t = 4.23s, distance = 165.32 m
For t = 3.35s, distance = 103.69 m
For t = 3.68s, distance = 125.12 m
Now, determine the falling distance for t = 3.38s given d = 0.5*g*t^2.",105.55
34f985b3,"In Alice's Wonderland, the gravitational constant has been secretly changed. Here are some example observations:
For t = 3.51s, distance = 92.32 m
For t = 3.42s, distance = 87.64 m
For t = 2.46s, distance = 45.35 m
Now, determine the falling distance for t = 4.6s given d = 0.5*g*t^2.",158.56
35350568,"In Alice's Wonderland, the gravitational constant has been secretly changed. Here are some example observations:
For t = 1.79s, distance = 25.37 m
For t = 2.58s, distance = 52.7 m
For t = 2.32s, distance = 42.61 m
For t = 2.63s, distance = 54.76 m
Now, determine the falling distance for t = 4.91s given d = 0.5*g*t^2.",190.87
3555e175,"In Alice's Wonderland, the gravitational constant has been secretly changed. Here are some example observations:
For t = 2.97s, distance = 40.79 m
For t = 1.1s, distance = 5.6 m
For t = 1.69s, distance = 13.21 m
For t = 4.61s, distance = 98.27 m
Now, determine the falling distance for t = 2.91s given d = 0.5*g*t^2.",39.16
3559dfc9,"In Alice's Wonderland, a secret set of transformation rules is applied to equations. Below are a few examples:
#""'>$ = [#|
$#'{[ = >#
#|'&$ = [|/
&/@&[ = &
Now, determine the result for: ""/'#>",[%[
35658269,"In Alice's Wonderland, a secret set of transformation rules is applied to equations. Below are a few examples:
(#|""[ = (#""[
[`|%^ = [`%^
^(:^> = :(
({|>% = ({>%
#$:^` = :#""
Now, determine the result for: [#:>(",":""#"
356e927c,"In Alice's Wonderland, a secret set of transformation rules is applied to equations. Below are a few examples:
18-43 = 4572
46-34 = 2572
49`55 = 93
Now, determine the result for: 24#28",421
35707d77,"In Alice's Wonderland, numbers are secretly converted into a different numeral system. Some examples are given below:
69 -> LXIX
93 -> XCIII
65 -> LXV
Now, write the number 14 in the Wonderland numeral system.",XIV
35a562bd,"In Alice's Wonderland, a secret set of transformation rules is applied to equations. Below are a few examples:
??+%' = ##
'(+?: = (@:
|'*#| = |{%{
:)-'? = {#
Now, determine the result for: #'*('",(%(?
35be20ab,"In Alice's Wonderland, a secret unit conversion is applied to measurements. For example:
28.06 m becomes 23.93
23.18 m becomes 19.77
41.15 m becomes 35.09
20.93 m becomes 17.85
Now, convert the following measurement: 29.32 m",25.00
35db1de9,"In Alice's Wonderland, numbers are secretly converted into a different numeral system. Some examples are given below:
43 -> XLIII
14 -> XIV
78 -> LXXVIII
68 -> LXVIII
Now, write the number 71 in the Wonderland numeral system.",LXXI
35e12b34,"In Alice's Wonderland, a secret set of transformation rules is applied to equations. Below are a few examples:
79+65 = 14
94+43 = 51
45+11 = 34
Now, determine the result for: 65`48",041
3632f6d0,"In Alice's Wonderland, the gravitational constant has been secretly changed. Here are some example observations:
For t = 4.89s, distance = 174.35 m
For t = 2.68s, distance = 52.37 m
For t = 2.78s, distance = 56.35 m
Now, determine the falling distance for t = 4.47s given d = 0.5*g*t^2.",145.68
36557a2e,"In Alice's Wonderland, a secret set of transformation rules is applied to equations. Below are a few examples:
#]*%) = )%}\
)?*!! = %}{
?%*#< = )}!}
Now, determine the result for: ]%*)?",!{}?
3686d8d2,"In Alice's Wonderland, numbers are secretly converted into a different numeral system. Some examples are given below:
34 -> XXXIV
82 -> LXXXII
14 -> XIV
Now, write the number 67 in the Wonderland numeral system.",LXVII
3687bc41,"In Alice's Wonderland, a secret set of transformation rules is applied to equations. Below are a few examples:
81}95 = 14
89|63 = 8963
56|56 = 5656
97|35 = 9735
Now, determine the result for: 08`14",121
368e316c,"In Alice's Wonderland, the gravitational constant has been secretly changed. Here are some example observations:
For t = 2.19s, distance = 15.13 m
For t = 4.24s, distance = 56.71 m
For t = 4.25s, distance = 56.98 m
Now, determine the falling distance for t = 4.22s given d = 0.5*g*t^2.",56.18
3692975d,"In Alice's Wonderland, the gravitational constant has been secretly changed. Here are some example observations:
For t = 2.18s, distance = 12.02 m
For t = 1.5s, distance = 5.69 m
For t = 3.66s, distance = 33.87 m
For t = 3.5s, distance = 30.97 m
For t = 2.46s, distance = 15.3 m
Now, determine the falling distance for t = 3.19s given d = 0.5*g*t^2.",25.73
36a2e83b,"In Alice's Wonderland, a secret unit conversion is applied to measurements. For example:
31.78 m becomes 54.71
11.92 m becomes 20.52
6.54 m becomes 11.26
19.71 m becomes 33.93
Now, convert the following measurement: 5.06 m",8.71
36a33623,"In Alice's Wonderland, a secret bit manipulation rule transforms 8-bit binary numbers. The transformation involves operations like bit shifts, rotations, XOR, AND, OR, NOT, and possibly majority or choice functions.

Here are some examples of input -> output:
11101100 -> 00011001
00000010 -> 00000000
11011110 -> 10111111
11011100 -> 00111011
01000001 -> 00000000
01100010 -> 10001100
11101011 -> 11011110
11001111 -> 10011011
00100110 -> 00001100

Now, determine the output for: 00000001",00000000
36b5df1b,"In Alice's Wonderland, a secret set of transformation rules is applied to equations. Below are a few examples:
|\$)] = ')!
|\-\) = \`\)
))-!) = `!\)
#`-#! = ]###
'#$]! = #/
Now, determine the result for: `'%|!",%\/
36c93216,"In Alice's Wonderland, numbers are secretly converted into a different numeral system. Some examples are given below:
37 -> XXXVII
17 -> XVII
39 -> XXXIX
Now, write the number 77 in the Wonderland numeral system.",LXXVII
36d2d728,"In Alice's Wonderland, a secret set of transformation rules is applied to equations. Below are a few examples:
/>+#$ = />#$
#}*/$ = >/>$
%#*/( = ^#$(
%>-""> = -^(
Now, determine the result for: $""*](","""(]("
36de72e8,"In Alice's Wonderland, numbers are secretly converted into a different numeral system. Some examples are given below:
61 -> LXI
39 -> XXXIX
55 -> LV
Now, write the number 30 in the Wonderland numeral system.",XXX
36eab3e6,"In Alice's Wonderland, numbers are secretly converted into a different numeral system. Some examples are given below:
85 -> LXXXV
27 -> XXVII
9 -> IX
Now, write the number 83 in the Wonderland numeral system.",LXXXIII
371925d7,"In Alice's Wonderland, a secret unit conversion is applied to measurements. For example:
19.28 m becomes 14.15
24.78 m becomes 18.18
13.1 m becomes 9.61
28.92 m becomes 21.22
Now, convert the following measurement: 47.99 m",35.21
37525eec,"In Alice's Wonderland, the gravitational constant has been secretly changed. Here are some example observations:
For t = 4.06s, distance = 119.88 m
For t = 4.6s, distance = 153.89 m
For t = 4.22s, distance = 129.51 m
For t = 4.21s, distance = 128.9 m
For t = 3.4s, distance = 84.07 m
Now, determine the falling distance for t = 1.75s given d = 0.5*g*t^2.",22.27
3784c8c6,"In Alice's Wonderland, a secret bit manipulation rule transforms 8-bit binary numbers. The transformation involves operations like bit shifts, rotations, XOR, AND, OR, NOT, and possibly majority or choice functions.

Here are some examples of input -> output:
11110100 -> 10111111
00101101 -> 11001110
11111111 -> 11111111
00000100 -> 11010111
01001111 -> 00011111
11010000 -> 11011101
01111011 -> 11010111
10000110 -> 11001111
00010000 -> 01011111
10111100 -> 01101011

Now, determine the output for: 00100110",10000010
37a2babf,"In Alice's Wonderland, the gravitational constant has been secretly changed. Here are some example observations:
For t = 3.73s, distance = 130.0 m
For t = 2.52s, distance = 59.34 m
For t = 2.11s, distance = 41.6 m
Now, determine the falling distance for t = 4.43s given d = 0.5*g*t^2.",183.37
37cee546,"In Alice's Wonderland, numbers are secretly converted into a different numeral system. Some examples are given below:
74 -> LXXIV
62 -> LXII
16 -> XVI
Now, write the number 62 in the Wonderland numeral system.",LXII
37d970e6,"In Alice's Wonderland, the gravitational constant has been secretly changed. Here are some example observations:
For t = 4.89s, distance = 143.58 m
For t = 1.81s, distance = 19.67 m
For t = 2.16s, distance = 28.01 m
For t = 1.98s, distance = 23.54 m
Now, determine the falling distance for t = 3.08s given d = 0.5*g*t^2.",56.96
37fec698,"In Alice's Wonderland, the gravitational constant has been secretly changed. Here are some example observations:
For t = 3.42s, distance = 49.46 m
For t = 2.07s, distance = 18.12 m
For t = 2.54s, distance = 27.28 m
For t = 2.73s, distance = 31.51 m
For t = 1.18s, distance = 5.89 m
Now, determine the falling distance for t = 1.06s given d = 0.5*g*t^2.",4.75
380a07ec,"In Alice's Wonderland, a secret unit conversion is applied to measurements. For example:
43.28 m becomes 38.75
46.77 m becomes 41.88
8.77 m becomes 7.85
9.84 m becomes 8.81
Now, convert the following measurement: 36.41 m",32.60
382c6d6d,"In Alice's Wonderland, numbers are secretly converted into a different numeral system. Some examples are given below:
80 -> LXXX
13 -> XIII
16 -> XVI
90 -> XC
Now, write the number 96 in the Wonderland numeral system.",XCVI
382dccdd,"In Alice's Wonderland, the gravitational constant has been secretly changed. Here are some example observations:
For t = 3.86s, distance = 136.88 m
For t = 2.78s, distance = 71.0 m
For t = 2.67s, distance = 65.49 m
For t = 2.31s, distance = 49.02 m
For t = 3.17s, distance = 92.32 m
Now, determine the falling distance for t = 3.68s given d = 0.5*g*t^2.",124.42
38489191,"In Alice's Wonderland, a secret set of transformation rules is applied to equations. Below are a few examples:
46%21 = 67
44%79 = 123
96(33 = 3169
75(40 = 3001
Now, determine the result for: 70/51",/19
386b6d03,"In Alice's Wonderland, a secret set of transformation rules is applied to equations. Below are a few examples:
47[35 = 2293
82-68 = -85
09[97 = 0117
Now, determine the result for: 79'97",671
3878bd8b,"In Alice's Wonderland, numbers are secretly converted into a different numeral system. Some examples are given below:
98 -> XCVIII
33 -> XXXIII
38 -> XXXVIII
71 -> LXXI
64 -> LXIV
Now, write the number 99 in the Wonderland numeral system.",XCIX
3888d45c,"In Alice's Wonderland, a secret bit manipulation rule transforms 8-bit binary numbers. The transformation involves operations like bit shifts, rotations, XOR, AND, OR, NOT, and possibly majority or choice functions.

Here are some examples of input -> output:
11101011 -> 00111010
01101011 -> 00011000
11110010 -> 10011000
10001101 -> 00100010
01110101 -> 10011101
10110001 -> 10001100
11110000 -> 10000000

Now, determine the output for: 01011101",01110101
38a49ff0,"In Alice's Wonderland, a secret set of transformation rules is applied to equations. Below are a few examples:
[^][> = [^[>
^[][! = ^[[!
>&%[} = %}&
Now, determine the result for: &}$\!",&/>?
38c7aca1,"In Alice's Wonderland, a secret set of transformation rules is applied to equations. Below are a few examples:
'{*') = !||{
'#+<) = |]{
&&*|{ = &&{
>>-#' = |]
Now, determine the result for: #{*&>",!!]{
3912aa8f,"In Alice's Wonderland, numbers are secretly converted into a different numeral system. Some examples are given below:
79 -> LXXIX
20 -> XX
35 -> XXXV
67 -> LXVII
28 -> XXVIII
Now, write the number 70 in the Wonderland numeral system.",LXX
39425039,"In Alice's Wonderland, the gravitational constant has been secretly changed. Here are some example observations:
For t = 1.52s, distance = 14.07 m
For t = 1.76s, distance = 18.87 m
For t = 4.34s, distance = 114.72 m
For t = 1.97s, distance = 23.64 m
For t = 3.27s, distance = 65.12 m
Now, determine the falling distance for t = 3.45s given d = 0.5*g*t^2.",72.49
395227e5,"In Alice's Wonderland, numbers are secretly converted into a different numeral system. Some examples are given below:
80 -> LXXX
57 -> LVII
92 -> XCII
53 -> LIII
69 -> LXIX
Now, write the number 12 in the Wonderland numeral system.",XII
39620b21,"In Alice's Wonderland, a secret unit conversion is applied to measurements. For example:
32.88 m becomes 48.60
29.61 m becomes 43.77
26.56 m becomes 39.26
26.41 m becomes 39.04
38.18 m becomes 56.43
Now, convert the following measurement: 11.81 m",17.46
39653fee,"In Alice's Wonderland, a secret unit conversion is applied to measurements. For example:
46.21 m becomes 59.65
49.87 m becomes 64.38
35.08 m becomes 45.29
17.11 m becomes 22.09
34.34 m becomes 44.33
Now, convert the following measurement: 19.87 m",25.65
3982cfc6,"In Alice's Wonderland, a secret bit manipulation rule transforms 8-bit binary numbers. The transformation involves operations like bit shifts, rotations, XOR, AND, OR, NOT, and possibly majority or choice functions.

Here are some examples of input -> output:
10011011 -> 10101101
11001001 -> 11000110
00000101 -> 01001011
11100100 -> 11100011
01100001 -> 01110111
11111100 -> 11101110
01011000 -> 10111100

Now, determine the output for: 00011101",00101110
398478f6,"In Alice's Wonderland, a secret set of transformation rules is applied to equations. Below are a few examples:
[]-@] = -!
][*\[ = @@!\
:)*`@ = `|))
Now, determine the result for: |)+@)",:[
39919779,"In Alice's Wonderland, numbers are secretly converted into a different numeral system. Some examples are given below:
6 -> VI
45 -> XLV
50 -> L
Now, write the number 70 in the Wonderland numeral system.",LXX
39e10935,"In Alice's Wonderland, the gravitational constant has been secretly changed. Here are some example observations:
For t = 2.58s, distance = 49.27 m
For t = 4.91s, distance = 178.44 m
For t = 1.1s, distance = 8.96 m
For t = 4.96s, distance = 182.1 m
For t = 2.11s, distance = 32.95 m
Now, determine the falling distance for t = 1.28s given d = 0.5*g*t^2.",12.13
39fafc6b,"In Alice's Wonderland, the gravitational constant has been secretly changed. Here are some example observations:
For t = 3.44s, distance = 90.4 m
For t = 4.19s, distance = 134.12 m
For t = 2.7s, distance = 55.69 m
For t = 4.74s, distance = 171.64 m
For t = 3.15s, distance = 75.8 m
Now, determine the falling distance for t = 3.06s given d = 0.5*g*t^2.",71.53
39fd934f,"In Alice's Wonderland, a secret set of transformation rules is applied to equations. Below are a few examples:
34+33 = 57
31+13 = 34
25-74 = 5
98+55 = 341
69-42 = 27
Now, determine the result for: 32-23",-9
3a02997b,"In Alice's Wonderland, a secret unit conversion is applied to measurements. For example:
38.58 m becomes 35.43
5.49 m becomes 5.04
6.35 m becomes 5.83
45.51 m becomes 41.79
Now, convert the following measurement: 28.52 m",26.19
3a28fb1e,"In Alice's Wonderland, a secret unit conversion is applied to measurements. For example:
23.72 m becomes 21.84
33.48 m becomes 30.83
18.65 m becomes 17.17
6.27 m becomes 5.77
36.89 m becomes 33.97
Now, convert the following measurement: 46.37 m",42.70
3a6286e9,"In Alice's Wonderland, a secret set of transformation rules is applied to equations. Below are a few examples:
}`*{{ = `#(
}>+#` = (#
|{-(! = (
}{-%( = }
!>-!| = !
Now, determine the result for: !|*||",!{!$
3a6a8eb9,"In Alice's Wonderland, a secret bit manipulation rule transforms 8-bit binary numbers. The transformation involves operations like bit shifts, rotations, XOR, AND, OR, NOT, and possibly majority or choice functions.

Here are some examples of input -> output:
10110100 -> 10000000
01111011 -> 01000001
00011110 -> 11000000
00000011 -> 00000000
10101010 -> 01000000
10100100 -> 00000000
11011100 -> 10000010
00101110 -> 01000000

Now, determine the output for: 10111011",01000000
3a7dd604,"In Alice's Wonderland, a secret bit manipulation rule transforms 8-bit binary numbers. The transformation involves operations like bit shifts, rotations, XOR, AND, OR, NOT, and possibly majority or choice functions.

Here are some examples of input -> output:
00001011 -> 10111010
01110001 -> 00000111
00110011 -> 10100110
10111111 -> 11100001
11110011 -> 11000111
00101100 -> 11101001
00000011 -> 10111110

Now, determine the output for: 01101010",01001010
3a7fe2a6,"In Alice's Wonderland, a secret set of transformation rules is applied to equations. Below are a few examples:
)/^|] = }/
}|^`% = )`]
?)&}] = &%}
%)\%| = %)%|
Now, determine the result for: ))&%|",&)!
3a8f53f6,"In Alice's Wonderland, numbers are secretly converted into a different numeral system. Some examples are given below:
86 -> LXXXVI
56 -> LVI
15 -> XV
Now, write the number 36 in the Wonderland numeral system.",XXXVI
3abae1d9,"In Alice's Wonderland, the gravitational constant has been secretly changed. Here are some example observations:
For t = 4.65s, distance = 172.74 m
For t = 1.89s, distance = 28.54 m
For t = 2.23s, distance = 39.73 m
For t = 1.46s, distance = 17.03 m
For t = 2.84s, distance = 64.43 m
Now, determine the falling distance for t = 4.16s given d = 0.5*g*t^2.",138.25
3abbb73b,"In Alice's Wonderland, the gravitational constant has been secretly changed. Here are some example observations:
For t = 1.5s, distance = 6.52 m
For t = 3.22s, distance = 30.03 m
For t = 3.12s, distance = 28.19 m
For t = 1.02s, distance = 3.01 m
For t = 3.5s, distance = 35.48 m
Now, determine the falling distance for t = 2.01s given d = 0.5*g*t^2.",11.7
3ace787f,"In Alice's Wonderland, a secret bit manipulation rule transforms 8-bit binary numbers. The transformation involves operations like bit shifts, rotations, XOR, AND, OR, NOT, and possibly majority or choice functions.

Here are some examples of input -> output:
11101100 -> 10100111
11011000 -> 00001111
11010101 -> 00100110
00101111 -> 01001101
01011001 -> 01100011
11110101 -> 00101111
11100101 -> 10101111
01100101 -> 10001111

Now, determine the output for: 01111011",11111011
3b001c28,"In Alice's Wonderland, numbers are secretly converted into a different numeral system. Some examples are given below:
54 -> LIV
43 -> XLIII
98 -> XCVIII
56 -> LVI
89 -> LXXXIX
Now, write the number 17 in the Wonderland numeral system.",XVII
3b02c66d,"In Alice's Wonderland, the gravitational constant has been secretly changed. Here are some example observations:
For t = 1.76s, distance = 8.41 m
For t = 1.74s, distance = 8.22 m
For t = 4.33s, distance = 50.89 m
Now, determine the falling distance for t = 1.82s given d = 0.5*g*t^2.",8.99
3b06ed13,"In Alice's Wonderland, numbers are secretly converted into a different numeral system. Some examples are given below:
35 -> XXXV
86 -> LXXXVI
96 -> XCVI
Now, write the number 74 in the Wonderland numeral system.",LXXIV
3b206148,"In Alice's Wonderland, a secret set of transformation rules is applied to equations. Below are a few examples:
\?+#! = %>
(>+>! = \#?
!^-(! = -&#
@\->^ = &^
??+^^ = ^&
Now, determine the result for: #%+&(",!>?
3b411a49,"In Alice's Wonderland, the gravitational constant has been secretly changed. Here are some example observations:
For t = 3.36s, distance = 53.2 m
For t = 4.4s, distance = 91.23 m
For t = 4.32s, distance = 87.94 m
For t = 2.79s, distance = 36.68 m
Now, determine the falling distance for t = 3.1s given d = 0.5*g*t^2.",45.28
3b414f46,"In Alice's Wonderland, a secret unit conversion is applied to measurements. For example:
39.09 m becomes 44.37
45.47 m becomes 51.61
5.63 m becomes 6.39
13.56 m becomes 15.39
44.47 m becomes 50.47
Now, convert the following measurement: 13.03 m",14.79
3b48a251,"In Alice's Wonderland, a secret unit conversion is applied to measurements. For example:
37.09 m becomes 24.00
16.1 m becomes 10.42
38.63 m becomes 25.00
8.39 m becomes 5.43
Now, convert the following measurement: 31.36 m",20.30
3b52fe81,"In Alice's Wonderland, the gravitational constant has been secretly changed. Here are some example observations:
For t = 4.26s, distance = 100.26 m
For t = 4.49s, distance = 111.38 m
For t = 1.48s, distance = 12.1 m
For t = 2.88s, distance = 45.82 m
Now, determine the falling distance for t = 1.2s given d = 0.5*g*t^2.",7.96
3b5e1d94,"In Alice's Wonderland, numbers are secretly converted into a different numeral system. Some examples are given below:
53 -> LIII
26 -> XXVI
93 -> XCIII
46 -> XLVI
89 -> LXXXIX
Now, write the number 47 in the Wonderland numeral system.",XLVII
3b68fc1a,"In Alice's Wonderland, the gravitational constant has been secretly changed. Here are some example observations:
For t = 4.5s, distance = 119.13 m
For t = 3.63s, distance = 77.52 m
For t = 2.24s, distance = 29.52 m
Now, determine the falling distance for t = 1.5s given d = 0.5*g*t^2.",13.24
3b6db97b,"In Alice's Wonderland, a secret unit conversion is applied to measurements. For example:
8.6 m becomes 7.92
16.44 m becomes 15.14
24.68 m becomes 22.73
6.83 m becomes 6.29
Now, convert the following measurement: 26.42 m",24.33
3b7148f6,"In Alice's Wonderland, a secret set of transformation rules is applied to equations. Below are a few examples:
$$-$^ = -^
$)-^$ = -^^
\>-?\ = -})
Now, determine the result for: &)+)\",&&$
3b7ec4a5,"In Alice's Wonderland, numbers are secretly converted into a different numeral system. Some examples are given below:
59 -> LIX
72 -> LXXII
4 -> IV
31 -> XXXI
79 -> LXXIX
Now, write the number 80 in the Wonderland numeral system.",LXXX
3b97e6f6,"In Alice's Wonderland, a secret set of transformation rules is applied to equations. Below are a few examples:
>>+>' = '?(
>'-|' = /(
/<*<! = '$?<
!>*'> = '?|$
Now, determine the result for: >!-/'",<
3bb039f0,"In Alice's Wonderland, numbers are secretly converted into a different numeral system. Some examples are given below:
69 -> LXIX
12 -> XII
22 -> XXII
49 -> XLIX
59 -> LIX
Now, write the number 58 in the Wonderland numeral system.",LVIII
3bf05c35,"In Alice's Wonderland, a secret set of transformation rules is applied to equations. Below are a few examples:
28-36 = 91
51-97 = 46
02-01 = 01
Now, determine the result for: 86+87",641
3c15166f,"In Alice's Wonderland, numbers are secretly converted into a different numeral system. Some examples are given below:
100 -> C
83 -> LXXXIII
24 -> XXIV
57 -> LVII
Now, write the number 27 in the Wonderland numeral system.",XXVII
3c2cdde5,"In Alice's Wonderland, numbers are secretly converted into a different numeral system. Some examples are given below:
81 -> LXXXI
34 -> XXXIV
65 -> LXV
Now, write the number 80 in the Wonderland numeral system.",LXXX
3c67081b,"In Alice's Wonderland, numbers are secretly converted into a different numeral system. Some examples are given below:
67 -> LXVII
34 -> XXXIV
97 -> XCVII
Now, write the number 97 in the Wonderland numeral system.",XCVII
3c8d38bc,"In Alice's Wonderland, a secret unit conversion is applied to measurements. For example:
44.31 m becomes 47.41
43.85 m becomes 46.92
33.06 m becomes 35.37
28.59 m becomes 30.59
21.42 m becomes 22.92
Now, convert the following measurement: 10.18 m",10.89
3cb3fd89,"In Alice's Wonderland, a secret set of transformation rules is applied to equations. Below are a few examples:
@)-@\ = -)
[$*$$ = [|{\
$]+!\ = |$|
$[*$& = &@![
Now, determine the result for: ]$*$)",[[&]
3cbc472a,"In Alice's Wonderland, numbers are secretly converted into a different numeral system. Some examples are given below:
42 -> XLII
28 -> XXVIII
85 -> LXXXV
76 -> LXXVI
100 -> C
Now, write the number 79 in the Wonderland numeral system.",LXXIX
3cc03e36,"In Alice's Wonderland, a secret set of transformation rules is applied to equations. Below are a few examples:
>}-^/ = -<?
\}-#/ = -#?
^<+/> = |\#
Now, determine the result for: #/*|#",}|(#
3cd55960,"In Alice's Wonderland, a secret unit conversion is applied to measurements. For example:
15.09 m becomes 19.08
16.38 m becomes 20.71
26.11 m becomes 33.02
43.05 m becomes 54.44
Now, convert the following measurement: 20.77 m",26.26
3cee428b,"In Alice's Wonderland, the gravitational constant has been secretly changed. Here are some example observations:
For t = 1.57s, distance = 18.12 m
For t = 2.73s, distance = 54.79 m
For t = 2.01s, distance = 29.7 m
For t = 4.8s, distance = 169.39 m
For t = 1.84s, distance = 24.89 m
Now, determine the falling distance for t = 1.32s given d = 0.5*g*t^2.",12.81
3cf0f8cc,"In Alice's Wonderland, a secret set of transformation rules is applied to equations. Below are a few examples:
)%][) = {&
!(^>( = }!
(>^%) = &[
)%^[} = (){
Now, determine the result for: &%]!/",%
3d135d03,"In Alice's Wonderland, the gravitational constant has been secretly changed. Here are some example observations:
For t = 4.92s, distance = 202.74 m
For t = 2.77s, distance = 64.26 m
For t = 3.85s, distance = 124.15 m
For t = 4.33s, distance = 157.03 m
For t = 1.33s, distance = 14.82 m
Now, determine the falling distance for t = 3.37s given d = 0.5*g*t^2.",95.12
3d1fa758,"In Alice's Wonderland, numbers are secretly converted into a different numeral system. Some examples are given below:
53 -> LIII
27 -> XXVII
40 -> XL
75 -> LXXV
Now, write the number 1 in the Wonderland numeral system.",I
3d25d502,"In Alice's Wonderland, a secret unit conversion is applied to measurements. For example:
41.62 m becomes 28.97
46.01 m becomes 32.02
40.64 m becomes 28.28
45.73 m becomes 31.83
Now, convert the following measurement: 35.33 m",24.59
3d2cb38a,"In Alice's Wonderland, a secret set of transformation rules is applied to equations. Below are a few examples:
))+){ = /)
$\*$} = //#<
<{*!\ = //!}
#{*$) = /{$}
Now, determine the result for: <}+#)",}{
3d40a271,"In Alice's Wonderland, a secret set of transformation rules is applied to equations. Below are a few examples:
'@+[: = :@@
:{*`[ = :}'@
""@*>` = '`'@
Now, determine the result for: /:*[{",:/>{
3d49987a,"In Alice's Wonderland, numbers are secretly converted into a different numeral system. Some examples are given below:
72 -> LXXII
79 -> LXXIX
31 -> XXXI
Now, write the number 44 in the Wonderland numeral system.",XLIV
3d7176ac,"In Alice's Wonderland, the gravitational constant has been secretly changed. Here are some example observations:
For t = 1.44s, distance = 10.65 m
For t = 4.58s, distance = 107.75 m
For t = 1.97s, distance = 19.93 m
For t = 2.0s, distance = 20.55 m
Now, determine the falling distance for t = 1.44s given d = 0.5*g*t^2.",10.65
3d80f21e,"In Alice's Wonderland, numbers are secretly converted into a different numeral system. Some examples are given below:
36 -> XXXVI
18 -> XVIII
96 -> XCVI
Now, write the number 7 in the Wonderland numeral system.",VII
3d9b6891,"In Alice's Wonderland, numbers are secretly converted into a different numeral system. Some examples are given below:
30 -> XXX
86 -> LXXXVI
36 -> XXXVI
61 -> LXI
58 -> LVIII
Now, write the number 66 in the Wonderland numeral system.",LXVI
3dcf15e1,"In Alice's Wonderland, the gravitational constant has been secretly changed. Here are some example observations:
For t = 1.32s, distance = 12.54 m
For t = 4.49s, distance = 145.1 m
For t = 2.18s, distance = 34.2 m
Now, determine the falling distance for t = 3.85s given d = 0.5*g*t^2.",106.68
3dd5fcd2,"In Alice's Wonderland, the gravitational constant has been secretly changed. Here are some example observations:
For t = 1.54s, distance = 11.74 m
For t = 2.5s, distance = 30.93 m
For t = 3.91s, distance = 75.66 m
Now, determine the falling distance for t = 3.25s given d = 0.5*g*t^2.",52.28
3e12f583,"In Alice's Wonderland, a secret unit conversion is applied to measurements. For example:
37.46 m becomes 50.99
11.5 m becomes 15.65
24.5 m becomes 33.35
48.8 m becomes 66.43
Now, convert the following measurement: 33.58 m",45.71
3e16fb9f,"In Alice's Wonderland, a secret unit conversion is applied to measurements. For example:
49.31 m becomes 86.33
38.32 m becomes 67.09
11.65 m becomes 20.40
49.0 m becomes 85.79
15.99 m becomes 27.99
Now, convert the following measurement: 23.43 m",41.02
3e4fdced,"In Alice's Wonderland, the gravitational constant has been secretly changed. Here are some example observations:
For t = 1.11s, distance = 9.57 m
For t = 2.95s, distance = 67.6 m
For t = 3.74s, distance = 108.66 m
For t = 1.18s, distance = 10.82 m
For t = 1.79s, distance = 24.89 m
Now, determine the falling distance for t = 3.2s given d = 0.5*g*t^2.",79.55
3e5c7d9b,"In Alice's Wonderland, a secret set of transformation rules is applied to equations. Below are a few examples:
?<*]( = (""(""
]""-?| = -^""
$<-/< = <
]$-|] = |""
[$+$$ = //""
Now, determine the result for: (<-[]",-(|
3e6d976b,"In Alice's Wonderland, numbers are secretly converted into a different numeral system. Some examples are given below:
58 -> LVIII
8 -> VIII
93 -> XCIII
97 -> XCVII
35 -> XXXV
Now, write the number 87 in the Wonderland numeral system.",LXXXVII
3e7e15d4,"In Alice's Wonderland, numbers are secretly converted into a different numeral system. Some examples are given below:
78 -> LXXVIII
77 -> LXXVII
13 -> XIII
47 -> XLVII
15 -> XV
Now, write the number 18 in the Wonderland numeral system.",XVIII
3ebf5ff5,"In Alice's Wonderland, the gravitational constant has been secretly changed. Here are some example observations:
For t = 4.52s, distance = 98.06 m
For t = 4.97s, distance = 118.55 m
For t = 3.81s, distance = 69.67 m
For t = 3.93s, distance = 74.13 m
For t = 4.21s, distance = 85.07 m
Now, determine the falling distance for t = 4.22s given d = 0.5*g*t^2.",85.47
3edf8317,"In Alice's Wonderland, numbers are secretly converted into a different numeral system. Some examples are given below:
88 -> LXXXVIII
86 -> LXXXVI
15 -> XV
23 -> XXIII
72 -> LXXII
Now, write the number 65 in the Wonderland numeral system.",LXV
3ee2b186,"In Alice's Wonderland, the gravitational constant has been secretly changed. Here are some example observations:
For t = 2.51s, distance = 20.93 m
For t = 4.54s, distance = 68.47 m
For t = 2.7s, distance = 24.22 m
For t = 4.4s, distance = 64.31 m
Now, determine the falling distance for t = 2.12s given d = 0.5*g*t^2.",14.93
3ef9ab02,"In Alice's Wonderland, a secret set of transformation rules is applied to equations. Below are a few examples:
{'-""( = -$
&%-({ = -(
\'*(( = (\/%
&\*{' = &""((
&\*/% = &%%%
Now, determine the result for: ({-""%",-%]
3f28c4a1,"In Alice's Wonderland, a secret unit conversion is applied to measurements. For example:
24.61 m becomes 17.68
32.48 m becomes 23.33
24.71 m becomes 17.75
14.76 m becomes 10.60
Now, convert the following measurement: 5.18 m",3.72
3f4c03c0,"In Alice's Wonderland, numbers are secretly converted into a different numeral system. Some examples are given below:
52 -> LII
60 -> LX
22 -> XXII
94 -> XCIV
Now, write the number 69 in the Wonderland numeral system.",LXIX
3f67321d,"In Alice's Wonderland, a secret set of transformation rules is applied to equations. Below are a few examples:
[{!`{ = }^{
:^/(} = ]{:
(}<(( = <}
\[!(} = ]]
`""/\\ = :^}^
Now, determine the result for: ^`/:[","}""[}"
3f8d5299,"In Alice's Wonderland, a secret set of transformation rules is applied to equations. Below are a few examples:
"">#@@ = $<@`
""%{>"" = {^^
""!{>$ = {<
$%#!"" = <\\
Now, determine the result for: >""&!^",^\>
3f9476f0,"In Alice's Wonderland, a secret unit conversion is applied to measurements. For example:
31.75 m becomes 26.30
9.7 m becomes 8.04
46.85 m becomes 38.81
10.67 m becomes 8.84
Now, convert the following measurement: 23.54 m",19.50
3fd7e4d6,"In Alice's Wonderland, numbers are secretly converted into a different numeral system. Some examples are given below:
42 -> XLII
43 -> XLIII
56 -> LVI
Now, write the number 32 in the Wonderland numeral system.",XXXII
3fded912,"In Alice's Wonderland, numbers are secretly converted into a different numeral system. Some examples are given below:
80 -> LXXX
38 -> XXXVIII
64 -> LXIV
Now, write the number 97 in the Wonderland numeral system.",XCVII
3ff1ea92,"In Alice's Wonderland, the gravitational constant has been secretly changed. Here are some example observations:
For t = 4.13s, distance = 136.04 m
For t = 1.99s, distance = 31.58 m
For t = 3.56s, distance = 101.08 m
For t = 2.82s, distance = 63.42 m
For t = 1.97s, distance = 30.95 m
Now, determine the falling distance for t = 3.63s given d = 0.5*g*t^2.",105.09
4001b78e,"In Alice's Wonderland, the gravitational constant has been secretly changed. Here are some example observations:
For t = 3.9s, distance = 70.97 m
For t = 3.64s, distance = 61.83 m
For t = 4.45s, distance = 92.4 m
For t = 4.43s, distance = 91.57 m
For t = 2.38s, distance = 26.43 m
Now, determine the falling distance for t = 3.56s given d = 0.5*g*t^2.",59.14
4012ef57,"In Alice's Wonderland, numbers are secretly converted into a different numeral system. Some examples are given below:
79 -> LXXIX
91 -> XCI
44 -> XLIV
Now, write the number 91 in the Wonderland numeral system.",XCI
4020e3cc,"In Alice's Wonderland, the gravitational constant has been secretly changed. Here are some example observations:
For t = 4.61s, distance = 197.03 m
For t = 3.96s, distance = 145.38 m
For t = 2.75s, distance = 70.11 m
For t = 2.94s, distance = 80.13 m
Now, determine the falling distance for t = 2.84s given d = 0.5*g*t^2.",74.78
4026447b,"In Alice's Wonderland, numbers are secretly converted into a different numeral system. Some examples are given below:
37 -> XXXVII
100 -> C
52 -> LII
48 -> XLVIII
69 -> LXIX
Now, write the number 52 in the Wonderland numeral system.",LII
402ea488,"In Alice's Wonderland, a secret bit manipulation rule transforms 8-bit binary numbers. The transformation involves operations like bit shifts, rotations, XOR, AND, OR, NOT, and possibly majority or choice functions.

Here are some examples of input -> output:
00000100 -> 00000000
11011111 -> 11111001
11111001 -> 00001001
10111111 -> 11110001
10100001 -> 00000000
01001101 -> 00101000
10110010 -> 00010000
11111010 -> 01010001
01010101 -> 10101000

Now, determine the output for: 10001011",01010001
4032cd69,"In Alice's Wonderland, the gravitational constant has been secretly changed. Here are some example observations:
For t = 1.44s, distance = 17.79 m
For t = 4.49s, distance = 172.91 m
For t = 4.71s, distance = 190.27 m
For t = 4.83s, distance = 200.09 m
Now, determine the falling distance for t = 2.41s given d = 0.5*g*t^2.",49.82
40400f33,"In Alice's Wonderland, a secret bit manipulation rule transforms 8-bit binary numbers. The transformation involves operations like bit shifts, rotations, XOR, AND, OR, NOT, and possibly majority or choice functions.

Here are some examples of input -> output:
01110001 -> 10111110
01110000 -> 10111100
01111001 -> 11111110
10111110 -> 01111111
00001101 -> 10001111
11010000 -> 11111001
11110101 -> 11111010
10001111 -> 11011111
10010111 -> 01101111

Now, determine the output for: 10000001",11110001
404cffae,"In Alice's Wonderland, a secret unit conversion is applied to measurements. For example:
7.86 m becomes 9.70
9.9 m becomes 12.21
38.03 m becomes 46.91
27.64 m becomes 34.10
26.16 m becomes 32.27
Now, convert the following measurement: 44.71 m",55.15
40ad5039,"In Alice's Wonderland, the gravitational constant has been secretly changed. Here are some example observations:
For t = 2.75s, distance = 41.92 m
For t = 3.14s, distance = 54.65 m
For t = 4.02s, distance = 89.58 m
For t = 4.23s, distance = 99.18 m
For t = 3.83s, distance = 81.31 m
Now, determine the falling distance for t = 2.63s given d = 0.5*g*t^2.",38.34
40ba1b6f,"In Alice's Wonderland, a secret set of transformation rules is applied to equations. Below are a few examples:
`]+#{ = $$`
'(*{{ = '({{
{(*'# = {('#
`(+)` = $(@
@)*]' = @)]'
Now, determine the result for: @]-$(",$(
40efd15f,"In Alice's Wonderland, a secret unit conversion is applied to measurements. For example:
35.9 m becomes 41.14
13.58 m becomes 15.56
30.89 m becomes 35.40
20.15 m becomes 23.09
29.13 m becomes 33.38
Now, convert the following measurement: 5.56 m",6.37
41155960,"In Alice's Wonderland, numbers are secretly converted into a different numeral system. Some examples are given below:
79 -> LXXIX
77 -> LXXVII
29 -> XXIX
Now, write the number 70 in the Wonderland numeral system.",LXX
41554020,"In Alice's Wonderland, a secret set of transformation rules is applied to equations. Below are a few examples:
|""'"""" = |##}
^^'?? = ""|:
""@'|"" = }""}{
#}-#^ = -|
#|'#} = &&?
Now, determine the result for: |:-}@",?:
415910a5,"In Alice's Wonderland, the gravitational constant has been secretly changed. Here are some example observations:
For t = 1.77s, distance = 8.19 m
For t = 1.37s, distance = 4.91 m
For t = 2.7s, distance = 19.06 m
For t = 4.91s, distance = 63.02 m
For t = 1.98s, distance = 10.25 m
Now, determine the falling distance for t = 4.72s given d = 0.5*g*t^2.",58.24
418aedaf,"In Alice's Wonderland, numbers are secretly converted into a different numeral system. Some examples are given below:
63 -> LXIII
70 -> LXX
26 -> XXVI
Now, write the number 36 in the Wonderland numeral system.",XXXVI
41a0797d,"In Alice's Wonderland, numbers are secretly converted into a different numeral system. Some examples are given below:
22 -> XXII
47 -> XLVII
89 -> LXXXIX
Now, write the number 75 in the Wonderland numeral system.",LXXV
41a344c7,"In Alice's Wonderland, numbers are secretly converted into a different numeral system. Some examples are given below:
32 -> XXXII
100 -> C
21 -> XXI
2 -> II
18 -> XVIII
Now, write the number 11 in the Wonderland numeral system.",XI
41a8a9f0,"In Alice's Wonderland, a secret set of transformation rules is applied to equations. Below are a few examples:
|)*|} = )'}
#'*{` = `#})
{<-<} = ""`
'`*'"" = #<|`
Now, determine the result for: #>*`""","|""`>"
41ac5119,"In Alice's Wonderland, numbers are secretly converted into a different numeral system. Some examples are given below:
26 -> XXVI
20 -> XX
1 -> I
Now, write the number 26 in the Wonderland numeral system.",XXVI
41f134ff,"In Alice's Wonderland, a secret unit conversion is applied to measurements. For example:
43.65 m becomes 40.28
12.3 m becomes 11.35
16.74 m becomes 15.45
44.31 m becomes 40.89
47.5 m becomes 43.83
Now, convert the following measurement: 38.02 m",35.08
41fafef0,"In Alice's Wonderland, numbers are secretly converted into a different numeral system. Some examples are given below:
76 -> LXXVI
52 -> LII
19 -> XIX
17 -> XVII
84 -> LXXXIV
Now, write the number 11 in the Wonderland numeral system.",XI
420648ce,"In Alice's Wonderland, numbers are secretly converted into a different numeral system. Some examples are given below:
98 -> XCVIII
56 -> LVI
81 -> LXXXI
61 -> LXI
58 -> LVIII
Now, write the number 81 in the Wonderland numeral system.",LXXXI
420d5352,"In Alice's Wonderland, a secret set of transformation rules is applied to equations. Below are a few examples:
>'*'] = )])
''`#] = ]#
#>{>( = |)>)
}?{') = >(#>
Now, determine the result for: ]]*?)",&?
42153944,"In Alice's Wonderland, numbers are secretly converted into a different numeral system. Some examples are given below:
21 -> XXI
72 -> LXXII
79 -> LXXIX
Now, write the number 7 in the Wonderland numeral system.",VII
421cb2a3,"In Alice's Wonderland, a secret unit conversion is applied to measurements. For example:
6.28 m becomes 4.45
46.61 m becomes 33.01
33.09 m becomes 23.43
Now, convert the following measurement: 17.51 m",12.40
42299964,"In Alice's Wonderland, a secret unit conversion is applied to measurements. For example:
33.95 m becomes 62.65
25.99 m becomes 47.96
34.62 m becomes 63.89
27.58 m becomes 50.90
Now, convert the following measurement: 45.13 m",83.29
423a75de,"In Alice's Wonderland, numbers are secretly converted into a different numeral system. Some examples are given below:
3 -> III
39 -> XXXIX
60 -> LX
82 -> LXXXII
Now, write the number 73 in the Wonderland numeral system.",LXXIII
424b50d1,"In Alice's Wonderland, a secret set of transformation rules is applied to equations. Below are a few examples:
@|*|& = |{`%
]>+>& = `>|
&%+`> = `{{
`/*|{ = |&{
\/-\\ = -`
Now, determine the result for: %/*@@",/]|&
42716da3,"In Alice's Wonderland, numbers are secretly converted into a different numeral system. Some examples are given below:
18 -> XVIII
42 -> XLII
73 -> LXXIII
51 -> LI
59 -> LIX
Now, write the number 10 in the Wonderland numeral system.",X
4292f351,"In Alice's Wonderland, the gravitational constant has been secretly changed. Here are some example observations:
For t = 2.85s, distance = 58.87 m
For t = 3.28s, distance = 77.97 m
For t = 3.9s, distance = 110.23 m
For t = 2.78s, distance = 56.01 m
For t = 1.96s, distance = 27.84 m
Now, determine the falling distance for t = 2.72s given d = 0.5*g*t^2.",53.62
42a048bd,"In Alice's Wonderland, numbers are secretly converted into a different numeral system. Some examples are given below:
44 -> XLIV
10 -> X
59 -> LIX
Now, write the number 89 in the Wonderland numeral system.",LXXXIX
42abd32f,"In Alice's Wonderland, numbers are secretly converted into a different numeral system. Some examples are given below:
61 -> LXI
3 -> III
94 -> XCIV
78 -> LXXVIII
Now, write the number 100 in the Wonderland numeral system.",C
42bde66c,"In Alice's Wonderland, a secret set of transformation rules is applied to equations. Below are a few examples:
/^*#{ = #{/^
)&-#< = -(^
(^+<{ = {(
Now, determine the result for: #<+#/",>)
42c48e76,"In Alice's Wonderland, numbers are secretly converted into a different numeral system. Some examples are given below:
97 -> XCVII
10 -> X
95 -> XCV
12 -> XII
Now, write the number 49 in the Wonderland numeral system.",XLIX
430c206d,"In Alice's Wonderland, a secret unit conversion is applied to measurements. For example:
5.83 m becomes 8.60
41.62 m becomes 61.38
36.45 m becomes 53.76
44.43 m becomes 65.53
8.17 m becomes 12.05
Now, convert the following measurement: 21.44 m",31.62
431b740e,"In Alice's Wonderland, a secret unit conversion is applied to measurements. For example:
47.16 m becomes 71.57
39.96 m becomes 60.64
44.27 m becomes 67.18
Now, convert the following measurement: 47.46 m",72.02
432b1110,"In Alice's Wonderland, a secret set of transformation rules is applied to equations. Below are a few examples:
]{+/] = ]{/]
/[+%\ = /[%\
@[+{@ = @[{@
%/+]% = %/]%
Now, determine the result for: \{*<?",%[:?
43306a6a,"In Alice's Wonderland, numbers are secretly converted into a different numeral system. Some examples are given below:
25 -> XXV
85 -> LXXXV
88 -> LXXXVIII
28 -> XXVIII
Now, write the number 32 in the Wonderland numeral system.",XXXII
434ca68a,"In Alice's Wonderland, a secret set of transformation rules is applied to equations. Below are a few examples:
[<@<$ = %(<
](|>> = <]}(
:])}% = ][
[%|:> = <<&>
%>):] = )]$
Now, determine the result for: ]%@>%",%&&
4357f006,"In Alice's Wonderland, a secret unit conversion is applied to measurements. For example:
32.17 m becomes 19.75
27.64 m becomes 16.97
14.13 m becomes 8.68
29.41 m becomes 18.06
27.02 m becomes 16.59
Now, convert the following measurement: 33.79 m",20.75
435cf017,"In Alice's Wonderland, the gravitational constant has been secretly changed. Here are some example observations:
For t = 4.32s, distance = 70.52 m
For t = 4.53s, distance = 77.55 m
For t = 1.2s, distance = 5.44 m
For t = 1.03s, distance = 4.01 m
For t = 4.03s, distance = 61.37 m
Now, determine the falling distance for t = 4.05s given d = 0.5*g*t^2.",61.98
43674aea,"In Alice's Wonderland, a secret set of transformation rules is applied to equations. Below are a few examples:
>\+>& = ?!
?%-^! = -#>
^>*$? = $?^>
#!-^% = !
&!+?% = %&>
Now, determine the result for: &#+&$",}#>
437acd17,"In Alice's Wonderland, the gravitational constant has been secretly changed. Here are some example observations:
For t = 2.84s, distance = 32.36 m
For t = 1.42s, distance = 8.09 m
For t = 4.94s, distance = 97.9 m
For t = 4.08s, distance = 66.78 m
Now, determine the falling distance for t = 1.96s given d = 0.5*g*t^2.",15.41
43ac121f,"In Alice's Wonderland, a secret set of transformation rules is applied to equations. Below are a few examples:
)(-|) = -''
]{*'| = ]{'|
]]*(\ = ]](\
)!-'| = -(
!$-|\ = )!
Now, determine the result for: \(-({",-!]
43b6585b,"In Alice's Wonderland, numbers are secretly converted into a different numeral system. Some examples are given below:
49 -> XLIX
17 -> XVII
32 -> XXXII
45 -> XLV
38 -> XXXVIII
Now, write the number 17 in the Wonderland numeral system.",XVII
43e2cb66,"In Alice's Wonderland, numbers are secretly converted into a different numeral system. Some examples are given below:
26 -> XXVI
6 -> VI
74 -> LXXIV
36 -> XXXVI
Now, write the number 93 in the Wonderland numeral system.",XCIII
43f1b0b2,"In Alice's Wonderland, a secret unit conversion is applied to measurements. For example:
45.89 m becomes 58.01
41.94 m becomes 53.02
32.47 m becomes 41.05
33.9 m becomes 42.85
Now, convert the following measurement: 48.69 m",61.55
43f723c2,"In Alice's Wonderland, numbers are secretly converted into a different numeral system. Some examples are given below:
64 -> LXIV
6 -> VI
67 -> LXVII
Now, write the number 78 in the Wonderland numeral system.",LXXVIII
4407deeb,"In Alice's Wonderland, numbers are secretly converted into a different numeral system. Some examples are given below:
84 -> LXXXIV
38 -> XXXVIII
50 -> L
Now, write the number 37 in the Wonderland numeral system.",XXXVII
4417bd1e,"In Alice's Wonderland, numbers are secretly converted into a different numeral system. Some examples are given below:
36 -> XXXVI
64 -> LXIV
40 -> XL
94 -> XCIV
18 -> XVIII
Now, write the number 15 in the Wonderland numeral system.",XV
443adb63,"In Alice's Wonderland, the gravitational constant has been secretly changed. Here are some example observations:
For t = 3.69s, distance = 122.57 m
For t = 1.99s, distance = 35.65 m
For t = 2.36s, distance = 50.14 m
For t = 2.59s, distance = 60.39 m
For t = 3.07s, distance = 84.84 m
Now, determine the falling distance for t = 1.27s given d = 0.5*g*t^2.",14.52
444ca75d,"In Alice's Wonderland, numbers are secretly converted into a different numeral system. Some examples are given below:
1 -> I
47 -> XLVII
12 -> XII
35 -> XXXV
Now, write the number 32 in the Wonderland numeral system.",XXXII
4460d62d,"In Alice's Wonderland, numbers are secretly converted into a different numeral system. Some examples are given below:
68 -> LXVIII
36 -> XXXVI
32 -> XXXII
87 -> LXXXVII
35 -> XXXV
Now, write the number 66 in the Wonderland numeral system.",LXVI
447a2756,"In Alice's Wonderland, numbers are secretly converted into a different numeral system. Some examples are given below:
69 -> LXIX
82 -> LXXXII
39 -> XXXIX
55 -> LV
23 -> XXIII
Now, write the number 21 in the Wonderland numeral system.",XXI
44887d2a,"In Alice's Wonderland, the gravitational constant has been secretly changed. Here are some example observations:
For t = 1.14s, distance = 3.99 m
For t = 2.21s, distance = 15.01 m
For t = 2.23s, distance = 15.28 m
For t = 1.68s, distance = 8.67 m
Now, determine the falling distance for t = 3.31s given d = 0.5*g*t^2.",33.67
448d808e,"In Alice's Wonderland, the gravitational constant has been secretly changed. Here are some example observations:
For t = 4.38s, distance = 131.44 m
For t = 2.52s, distance = 43.51 m
For t = 3.96s, distance = 107.44 m
For t = 3.71s, distance = 94.31 m
Now, determine the falling distance for t = 1.7s given d = 0.5*g*t^2.",19.8
44a43f6c,"In Alice's Wonderland, a secret unit conversion is applied to measurements. For example:
7.95 m becomes 11.25
38.14 m becomes 53.98
25.87 m becomes 36.61
46.92 m becomes 66.40
47.3 m becomes 66.94
Now, convert the following measurement: 24.85 m",35.17
44a57762,"In Alice's Wonderland, a secret set of transformation rules is applied to equations. Below are a few examples:
57|64 = 121
49|62 = 021
77|21 = 98
Now, determine the result for: 56[71",5011
44c12875,"In Alice's Wonderland, the gravitational constant has been secretly changed. Here are some example observations:
For t = 4.78s, distance = 162.7 m
For t = 1.5s, distance = 16.02 m
For t = 2.5s, distance = 44.5 m
Now, determine the falling distance for t = 3.98s given d = 0.5*g*t^2.",112.8
44c71228,"In Alice's Wonderland, the gravitational constant has been secretly changed. Here are some example observations:
For t = 2.04s, distance = 36.05 m
For t = 1.53s, distance = 20.28 m
For t = 1.61s, distance = 22.45 m
For t = 4.75s, distance = 195.45 m
For t = 4.17s, distance = 150.63 m
Now, determine the falling distance for t = 4.11s given d = 0.5*g*t^2.",146.33
44e22bad,"In Alice's Wonderland, numbers are secretly converted into a different numeral system. Some examples are given below:
88 -> LXXXVIII
14 -> XIV
20 -> XX
Now, write the number 88 in the Wonderland numeral system.",LXXXVIII
44e719f9,"In Alice's Wonderland, a secret unit conversion is applied to measurements. For example:
25.29 m becomes 26.82
26.26 m becomes 27.84
35.32 m becomes 37.45
Now, convert the following measurement: 21.36 m",22.65
44f7359a,"In Alice's Wonderland, numbers are secretly converted into a different numeral system. Some examples are given below:
68 -> LXVIII
89 -> LXXXIX
29 -> XXIX
Now, write the number 73 in the Wonderland numeral system.",LXXIII
44fb2f96,"In Alice's Wonderland, a secret bit manipulation rule transforms 8-bit binary numbers. The transformation involves operations like bit shifts, rotations, XOR, AND, OR, NOT, and possibly majority or choice functions.

Here are some examples of input -> output:
11010100 -> 11111101
00010101 -> 01110111
01000000 -> 01110111
10111000 -> 10111110
11101001 -> 00101010
00110010 -> 11011001
11000001 -> 01110101
11100100 -> 10110011
00010000 -> 11011101
01010100 -> 11011101

Now, determine the output for: 00011000",11001110
4510a429,"In Alice's Wonderland, a secret bit manipulation rule transforms 8-bit binary numbers. The transformation involves operations like bit shifts, rotations, XOR, AND, OR, NOT, and possibly majority or choice functions.

Here are some examples of input -> output:
10101110 -> 11111111
11000110 -> 11111111
11100000 -> 11111110
00111111 -> 11111111
10001011 -> 11111111
00001001 -> 11111111
00011011 -> 11111111
10000110 -> 11111111

Now, determine the output for: 00000010",11111111
451a85d7,"In Alice's Wonderland, numbers are secretly converted into a different numeral system. Some examples are given below:
65 -> LXV
90 -> XC
82 -> LXXXII
89 -> LXXXIX
Now, write the number 30 in the Wonderland numeral system.",XXX
45206b76,"In Alice's Wonderland, numbers are secretly converted into a different numeral system. Some examples are given below:
1 -> I
44 -> XLIV
24 -> XXIV
Now, write the number 60 in the Wonderland numeral system.",LX
452ea3df,"In Alice's Wonderland, numbers are secretly converted into a different numeral system. Some examples are given below:
27 -> XXVII
93 -> XCIII
38 -> XXXVIII
Now, write the number 19 in the Wonderland numeral system.",XIX
454976da,"In Alice's Wonderland, a secret unit conversion is applied to measurements. For example:
49.25 m becomes 97.72
44.75 m becomes 88.80
5.12 m becomes 10.16
Now, convert the following measurement: 10.48 m",20.80
45ae41c8,"In Alice's Wonderland, a secret bit manipulation rule transforms 8-bit binary numbers. The transformation involves operations like bit shifts, rotations, XOR, AND, OR, NOT, and possibly majority or choice functions.

Here are some examples of input -> output:
00001100 -> 00111011
01110000 -> 11011111
01101010 -> 01111010
11101111 -> 11001011
01011111 -> 10110111
11110001 -> 00101111
00101101 -> 10111011
00011011 -> 11000110
11100101 -> 01101101
10100100 -> 11101101

Now, determine the output for: 11000110",11011101
45c0e0a1,"In Alice's Wonderland, numbers are secretly converted into a different numeral system. Some examples are given below:
78 -> LXXVIII
38 -> XXXVIII
90 -> XC
66 -> LXVI
Now, write the number 35 in the Wonderland numeral system.",XXXV
45f238f1,"In Alice's Wonderland, a secret unit conversion is applied to measurements. For example:
30.53 m becomes 39.05
40.86 m becomes 52.26
14.14 m becomes 18.08
18.0 m becomes 23.02
Now, convert the following measurement: 28.21 m",36.08
4601649f,"In Alice's Wonderland, the gravitational constant has been secretly changed. Here are some example observations:
For t = 4.29s, distance = 90.1 m
For t = 4.19s, distance = 85.95 m
For t = 1.62s, distance = 12.85 m
For t = 3.72s, distance = 67.75 m
For t = 3.38s, distance = 55.93 m
Now, determine the falling distance for t = 4.38s given d = 0.5*g*t^2.",93.92
4607303c,"In Alice's Wonderland, numbers are secretly converted into a different numeral system. Some examples are given below:
71 -> LXXI
59 -> LIX
66 -> LXVI
Now, write the number 5 in the Wonderland numeral system.",V
4612258e,"In Alice's Wonderland, a secret set of transformation rules is applied to equations. Below are a few examples:
}!*)! = }!)!
>{+:) = {!
>>*@{ = >>@{
@}->/ = -[}
{#*}[ = {#}[
Now, determine the result for: )#-:@",-[!
4619d917,"In Alice's Wonderland, a secret unit conversion is applied to measurements. For example:
8.96 m becomes 11.07
46.14 m becomes 57.03
48.39 m becomes 59.81
Now, convert the following measurement: 7.87 m",9.73
46219232,"In Alice's Wonderland, a secret unit conversion is applied to measurements. For example:
38.52 m becomes 58.36
34.66 m becomes 52.51
21.53 m becomes 32.62
5.13 m becomes 7.77
45.84 m becomes 69.45
Now, convert the following measurement: 9.18 m",13.91
4626d641,"In Alice's Wonderland, a secret set of transformation rules is applied to equations. Below are a few examples:
"")[@? = ?@
$/%&$ = ""@
)>{""! = !&/&
/?[@) = @@@
Now, determine the result for: !/{""?","@>"")"
465a990c,"In Alice's Wonderland, a secret set of transformation rules is applied to equations. Below are a few examples:
))+$% = >\&
$[-)[ = -)
%)*)) = :>&#
Now, determine the result for: ""[-&[",:
46614702,"In Alice's Wonderland, the gravitational constant has been secretly changed. Here are some example observations:
For t = 3.47s, distance = 53.66 m
For t = 1.54s, distance = 10.57 m
For t = 4.69s, distance = 98.02 m
For t = 1.53s, distance = 10.43 m
Now, determine the falling distance for t = 3.31s given d = 0.5*g*t^2.",48.82
46674e34,"In Alice's Wonderland, numbers are secretly converted into a different numeral system. Some examples are given below:
56 -> LVI
42 -> XLII
10 -> X
Now, write the number 40 in the Wonderland numeral system.",XL
466ad340,"In Alice's Wonderland, a secret set of transformation rules is applied to equations. Below are a few examples:
^|+""^ = &/
]$+^} = `#
`#-$` = -#}
|$-|` = -&#
Now, determine the result for: `^-$#",-#$
4684abe0,"In Alice's Wonderland, a secret set of transformation rules is applied to equations. Below are a few examples:
06*88 = 1825
26*35 = 7823
61+53 = 5361
Now, determine the result for: 74-86",-12
4688f0fa,"In Alice's Wonderland, the gravitational constant has been secretly changed. Here are some example observations:
For t = 4.81s, distance = 155.31 m
For t = 4.99s, distance = 167.16 m
For t = 3.53s, distance = 83.65 m
Now, determine the falling distance for t = 2.67s given d = 0.5*g*t^2.",47.86
468bf9fc,"In Alice's Wonderland, a secret set of transformation rules is applied to equations. Below are a few examples:
!!-`? = %\
&&->% = \?
>?-}? = >
:%-|` = &?
Now, determine the result for: !!+:!",>!%
46b12e69,"In Alice's Wonderland, numbers are secretly converted into a different numeral system. Some examples are given below:
45 -> XLV
55 -> LV
51 -> LI
34 -> XXXIV
Now, write the number 26 in the Wonderland numeral system.",XXVI
46b69bca,"In Alice's Wonderland, a secret unit conversion is applied to measurements. For example:
15.93 m becomes 8.72
27.9 m becomes 15.27
35.53 m becomes 19.44
48.69 m becomes 26.65
43.28 m becomes 23.69
Now, convert the following measurement: 48.88 m",26.75
46c0e367,"In Alice's Wonderland, a secret set of transformation rules is applied to equations. Below are a few examples:
#>-#@ = }&
??+}# = }#&
[\*)) = #]@[
#)+?& = #@
Now, determine the result for: )&*[#",##[
46c21917,"In Alice's Wonderland, the gravitational constant has been secretly changed. Here are some example observations:
For t = 3.64s, distance = 105.3 m
For t = 3.96s, distance = 124.63 m
For t = 1.04s, distance = 8.6 m
Now, determine the falling distance for t = 3.31s given d = 0.5*g*t^2.",87.07
46ca6181,"In Alice's Wonderland, the gravitational constant has been secretly changed. Here are some example observations:
For t = 1.41s, distance = 10.45 m
For t = 4.38s, distance = 100.8 m
For t = 1.65s, distance = 14.31 m
For t = 3.48s, distance = 63.63 m
Now, determine the falling distance for t = 3.83s given d = 0.5*g*t^2.",77.08
46fcfa9c,"In Alice's Wonderland, a secret set of transformation rules is applied to equations. Below are a few examples:
!>*$$ = |?|
>&+$( = >&$(
?|-&| = @[
>&+!@ = >&!@
(}-&[ = -(!
Now, determine the result for: >(-&@",-@?
46fee0ee,"In Alice's Wonderland, the gravitational constant has been secretly changed. Here are some example observations:
For t = 2.87s, distance = 66.03 m
For t = 2.63s, distance = 55.44 m
For t = 3.77s, distance = 113.93 m
For t = 1.7s, distance = 23.17 m
For t = 1.1s, distance = 9.7 m
Now, determine the falling distance for t = 3.87s given d = 0.5*g*t^2.",120.05
4704e9e3,"In Alice's Wonderland, a secret unit conversion is applied to measurements. For example:
28.39 m becomes 26.51
22.84 m becomes 21.32
14.8 m becomes 13.82
46.49 m becomes 43.40
Now, convert the following measurement: 10.09 m",9.42
4714458f,"In Alice's Wonderland, numbers are secretly converted into a different numeral system. Some examples are given below:
54 -> LIV
47 -> XLVII
4 -> IV
Now, write the number 94 in the Wonderland numeral system.",XCIV
471dd348,"In Alice's Wonderland, the gravitational constant has been secretly changed. Here are some example observations:
For t = 4.01s, distance = 44.0 m
For t = 4.13s, distance = 46.68 m
For t = 4.34s, distance = 51.54 m
For t = 3.51s, distance = 33.71 m
For t = 1.03s, distance = 2.9 m
Now, determine the falling distance for t = 1.46s given d = 0.5*g*t^2.",5.83
4724b23b,"In Alice's Wonderland, the gravitational constant has been secretly changed. Here are some example observations:
For t = 2.96s, distance = 44.91 m
For t = 3.51s, distance = 63.15 m
For t = 1.27s, distance = 8.27 m
For t = 1.35s, distance = 9.34 m
Now, determine the falling distance for t = 1.23s given d = 0.5*g*t^2.",7.75
4732c53f,"In Alice's Wonderland, a secret bit manipulation rule transforms 8-bit binary numbers. The transformation involves operations like bit shifts, rotations, XOR, AND, OR, NOT, and possibly majority or choice functions.

Here are some examples of input -> output:
01101110 -> 00001001
11010100 -> 00010111
00101000 -> 11101011
01110011 -> 00100111
10100110 -> 01101110
10010100 -> 00110111
10100111 -> 11001110
01000101 -> 11111101
00100001 -> 01001111
00111010 -> 10100010

Now, determine the output for: 10101011",01001010
473d9dc5,"In Alice's Wonderland, numbers are secretly converted into a different numeral system. Some examples are given below:
11 -> XI
24 -> XXIV
14 -> XIV
99 -> XCIX
55 -> LV
Now, write the number 19 in the Wonderland numeral system.",XIX
474b7f22,"In Alice's Wonderland, a secret unit conversion is applied to measurements. For example:
37.12 m becomes 55.61
11.54 m becomes 17.29
15.17 m becomes 22.73
Now, convert the following measurement: 40.46 m",60.61
47503c66,"In Alice's Wonderland, the gravitational constant has been secretly changed. Here are some example observations:
For t = 4.14s, distance = 100.35 m
For t = 1.12s, distance = 7.34 m
For t = 1.98s, distance = 22.95 m
Now, determine the falling distance for t = 3.64s given d = 0.5*g*t^2.",77.57
47524987,"In Alice's Wonderland, a secret set of transformation rules is applied to equations. Below are a few examples:
<{-]/ = -|?
?}-{( = -/|
/?+<< = |]
|}+<] = ]/:
Now, determine the result for: </+|{",]?:
476f0bb7,"In Alice's Wonderland, numbers are secretly converted into a different numeral system. Some examples are given below:
48 -> XLVIII
86 -> LXXXVI
36 -> XXXVI
51 -> LI
Now, write the number 76 in the Wonderland numeral system.",LXXVI
47a5c5a1,"In Alice's Wonderland, a secret unit conversion is applied to measurements. For example:
30.77 m becomes 48.08
28.76 m becomes 44.94
44.94 m becomes 70.22
Now, convert the following measurement: 44.24 m",69.13
47bf2d74,"In Alice's Wonderland, numbers are secretly converted into a different numeral system. Some examples are given below:
83 -> LXXXIII
84 -> LXXXIV
49 -> XLIX
Now, write the number 90 in the Wonderland numeral system.",XC
47c1d8f5,"In Alice's Wonderland, a secret set of transformation rules is applied to equations. Below are a few examples:
{/*@] = {(
@%#]] = ]^
]^#]` = {@]
>(*^} = *}]
Now, determine the result for: /`#%`",]%]
47dc6570,"In Alice's Wonderland, a secret set of transformation rules is applied to equations. Below are a few examples:
79+05 = 1584
59+03 = 1582
87+37 = 5965
67+65 = 7524
51#03 = #51
Now, determine the result for: 48#26",22
47eeca75,"In Alice's Wonderland, the gravitational constant has been secretly changed. Here are some example observations:
For t = 3.92s, distance = 38.79 m
For t = 2.89s, distance = 21.09 m
For t = 4.25s, distance = 45.6 m
For t = 3.95s, distance = 39.39 m
Now, determine the falling distance for t = 3.25s given d = 0.5*g*t^2.",26.67
47faec12,"In Alice's Wonderland, numbers are secretly converted into a different numeral system. Some examples are given below:
17 -> XVII
79 -> LXXIX
78 -> LXXVIII
96 -> XCVI
89 -> LXXXIX
Now, write the number 18 in the Wonderland numeral system.",XVIII
480997bb,"In Alice's Wonderland, a secret unit conversion is applied to measurements. For example:
31.58 m becomes 46.42
11.2 m becomes 16.46
39.68 m becomes 58.33
Now, convert the following measurement: 49.23 m",72.37
4814bbd2,"In Alice's Wonderland, the gravitational constant has been secretly changed. Here are some example observations:
For t = 3.07s, distance = 23.72 m
For t = 3.02s, distance = 22.95 m
For t = 4.39s, distance = 48.5 m
For t = 1.06s, distance = 2.83 m
For t = 2.31s, distance = 13.43 m
Now, determine the falling distance for t = 2.6s given d = 0.5*g*t^2.",17.01
48194d70,"In Alice's Wonderland, a secret set of transformation rules is applied to equations. Below are a few examples:
[:*""' = [@[
:\/{^ = ^[|@
^[/@{ = :^[[
[\/'[ = '[^
Now, determine the result for: ^@/[:",^[#|
4833ba87,"In Alice's Wonderland, the gravitational constant has been secretly changed. Here are some example observations:
For t = 1.86s, distance = 26.86 m
For t = 2.92s, distance = 66.21 m
For t = 4.0s, distance = 124.24 m
Now, determine the falling distance for t = 1.12s given d = 0.5*g*t^2.",9.74
486b3c3f,"In Alice's Wonderland, the gravitational constant has been secretly changed. Here are some example observations:
For t = 4.07s, distance = 134.05 m
For t = 4.21s, distance = 143.43 m
For t = 2.27s, distance = 41.7 m
For t = 2.34s, distance = 44.31 m
For t = 1.21s, distance = 11.85 m
Now, determine the falling distance for t = 3.25s given d = 0.5*g*t^2.",85.48
487528d5,"In Alice's Wonderland, numbers are secretly converted into a different numeral system. Some examples are given below:
100 -> C
40 -> XL
42 -> XLII
Now, write the number 58 in the Wonderland numeral system.",LVIII
48817fa0,"In Alice's Wonderland, a secret set of transformation rules is applied to equations. Below are a few examples:
\#]\\ = :[
@[]#& = !#
@%-%} = }\
&}]\[ = %[]
Now, determine the result for: }[?!""",##:%
48ae115d,"In Alice's Wonderland, a secret set of transformation rules is applied to equations. Below are a few examples:
[^-\\ = (::
[`)\> = `]
>\'|` = (>@`
(:'>@ = @^:
\>)`\ = |]
Now, determine the result for: ]>']|",\[@`
48c25e0e,"In Alice's Wonderland, a secret set of transformation rules is applied to equations. Below are a few examples:
82-18 = 1476
93^50 = ^43
26-61 = 1586
Now, determine the result for: 43&11",53
48ca9a81,"In Alice's Wonderland, numbers are secretly converted into a different numeral system. Some examples are given below:
82 -> LXXXII
48 -> XLVIII
91 -> XCI
100 -> C
32 -> XXXII
Now, write the number 7 in the Wonderland numeral system.",VII
48ded5e8,"In Alice's Wonderland, a secret bit manipulation rule transforms 8-bit binary numbers. The transformation involves operations like bit shifts, rotations, XOR, AND, OR, NOT, and possibly majority or choice functions.

Here are some examples of input -> output:
11100001 -> 10010111
10010111 -> 01001110
00111001 -> 01110100
11111011 -> 01111111
00011110 -> 00011000
11011011 -> 01101111
00000110 -> 00011000

Now, determine the output for: 01010101",00000101
48eb12dd,"In Alice's Wonderland, the gravitational constant has been secretly changed. Here are some example observations:
For t = 2.74s, distance = 48.42 m
For t = 2.99s, distance = 57.66 m
For t = 1.15s, distance = 8.53 m
Now, determine the falling distance for t = 4.63s given d = 0.5*g*t^2.",138.26
48ef22ca,"In Alice's Wonderland, the gravitational constant has been secretly changed. Here are some example observations:
For t = 2.04s, distance = 22.06 m
For t = 3.53s, distance = 66.05 m
For t = 3.65s, distance = 70.62 m
Now, determine the falling distance for t = 4.42s given d = 0.5*g*t^2.",103.56
4902d607,"In Alice's Wonderland, numbers are secretly converted into a different numeral system. Some examples are given below:
2 -> II
63 -> LXIII
18 -> XVIII
66 -> LXVI
Now, write the number 31 in the Wonderland numeral system.",XXXI
49109864,"In Alice's Wonderland, numbers are secretly converted into a different numeral system. Some examples are given below:
31 -> XXXI
91 -> XCI
52 -> LII
44 -> XLIV
Now, write the number 6 in the Wonderland numeral system.",VI
491b8ea5,"In Alice's Wonderland, a secret set of transformation rules is applied to equations. Below are a few examples:
!^+){ = |}
]/*|| = ]/||
]@-|] = !)
Now, determine the result for: @|-]!",)!
492bef35,"In Alice's Wonderland, numbers are secretly converted into a different numeral system. Some examples are given below:
15 -> XV
86 -> LXXXVI
84 -> LXXXIV
Now, write the number 72 in the Wonderland numeral system.",LXXII
4931f8f6,"In Alice's Wonderland, numbers are secretly converted into a different numeral system. Some examples are given below:
74 -> LXXIV
40 -> XL
43 -> XLIII
Now, write the number 21 in the Wonderland numeral system.",XXI
49322650,"In Alice's Wonderland, numbers are secretly converted into a different numeral system. Some examples are given below:
28 -> XXVIII
82 -> LXXXII
81 -> LXXXI
Now, write the number 18 in the Wonderland numeral system.",XVIII
493b0817,"In Alice's Wonderland, a secret bit manipulation rule transforms 8-bit binary numbers. The transformation involves operations like bit shifts, rotations, XOR, AND, OR, NOT, and possibly majority or choice functions.

Here are some examples of input -> output:
11111000 -> 10000011
00111001 -> 00011110
01011011 -> 11111101
00001100 -> 00100111
10100011 -> 10000011
01101101 -> 11110011
00000001 -> 11101101

Now, determine the output for: 10000101",10101111
4943b661,"In Alice's Wonderland, a secret unit conversion is applied to measurements. For example:
17.98 m becomes 9.11
12.16 m becomes 6.16
49.2 m becomes 24.94
Now, convert the following measurement: 49.62 m",25.15
4946ba02,"In Alice's Wonderland, a secret unit conversion is applied to measurements. For example:
12.88 m becomes 14.45
16.55 m becomes 18.57
18.61 m becomes 20.88
Now, convert the following measurement: 19.63 m",22.03
494f4331,"In Alice's Wonderland, numbers are secretly converted into a different numeral system. Some examples are given below:
74 -> LXXIV
15 -> XV
35 -> XXXV
Now, write the number 49 in the Wonderland numeral system.",XLIX
498083ff,"In Alice's Wonderland, a secret bit manipulation rule transforms 8-bit binary numbers. The transformation involves operations like bit shifts, rotations, XOR, AND, OR, NOT, and possibly majority or choice functions.

Here are some examples of input -> output:
00000001 -> 10111011
01000110 -> 01110111
10010110 -> 01001011
11010111 -> 01111111
10100011 -> 11011011
01100000 -> 01110111
01101010 -> 11111101
00000111 -> 00100011
01100110 -> 11111111

Now, determine the output for: 11010110",01111011
49991cf5,"In Alice's Wonderland, a secret unit conversion is applied to measurements. For example:
7.82 m becomes 11.10
13.34 m becomes 18.94
36.35 m becomes 51.60
Now, convert the following measurement: 29.93 m",42.49
49d98ccc,"In Alice's Wonderland, numbers are secretly converted into a different numeral system. Some examples are given below:
66 -> LXVI
96 -> XCVI
12 -> XII
Now, write the number 31 in the Wonderland numeral system.",XXXI
49f6ba46,"In Alice's Wonderland, a secret set of transformation rules is applied to equations. Below are a few examples:
#{&'\ = )!{
`)&)) = )\{
`)@[{ = `)[{
Now, determine the result for: )>&'!",``
4a02017f,"In Alice's Wonderland, a secret set of transformation rules is applied to equations. Below are a few examples:
""""-[: = ?
[/-&[ = -@""
/[-&"" = [/
Now, determine the result for: #?+'""",'&}
4a3cf7be,"In Alice's Wonderland, a secret unit conversion is applied to measurements. For example:
38.37 m becomes 25.99
35.56 m becomes 24.09
22.14 m becomes 15.00
41.11 m becomes 27.85
29.11 m becomes 19.72
Now, convert the following measurement: 12.03 m",8.15
4a54b3b4,"In Alice's Wonderland, a secret unit conversion is applied to measurements. For example:
31.52 m becomes 28.29
29.05 m becomes 26.07
13.28 m becomes 11.92
37.12 m becomes 33.31
43.89 m becomes 39.39
Now, convert the following measurement: 14.69 m",13.18
4a7f0ede,"In Alice's Wonderland, numbers are secretly converted into a different numeral system. Some examples are given below:
60 -> LX
57 -> LVII
12 -> XII
Now, write the number 68 in the Wonderland numeral system.",LXVIII
4aa596ae,"In Alice's Wonderland, numbers are secretly converted into a different numeral system. Some examples are given below:
10 -> X
34 -> XXXIV
15 -> XV
68 -> LXVIII
Now, write the number 61 in the Wonderland numeral system.",LXI
4ac66b18,"In Alice's Wonderland, a secret unit conversion is applied to measurements. For example:
48.2 m becomes 67.21
36.72 m becomes 51.20
29.67 m becomes 41.37
8.12 m becomes 11.32
Now, convert the following measurement: 9.24 m",12.88
4adb673f,"In Alice's Wonderland, a secret unit conversion is applied to measurements. For example:
33.93 m becomes 17.62
38.46 m becomes 19.98
8.59 m becomes 4.46
Now, convert the following measurement: 35.87 m",18.63
4b5860cc,"In Alice's Wonderland, numbers are secretly converted into a different numeral system. Some examples are given below:
100 -> C
66 -> LXVI
43 -> XLIII
96 -> XCVI
15 -> XV
Now, write the number 3 in the Wonderland numeral system.",III
4b5d1af0,"In Alice's Wonderland, a secret unit conversion is applied to measurements. For example:
42.89 m becomes 41.40
42.92 m becomes 41.43
33.76 m becomes 32.59
26.26 m becomes 25.35
15.64 m becomes 15.10
Now, convert the following measurement: 35.43 m",34.20
4b6f13bc,"In Alice's Wonderland, numbers are secretly converted into a different numeral system. Some examples are given below:
65 -> LXV
10 -> X
12 -> XII
16 -> XVI
Now, write the number 60 in the Wonderland numeral system.",LX
4b7c076e,"In Alice's Wonderland, a secret set of transformation rules is applied to equations. Below are a few examples:
`/)$@ = #&$
$]^&` = &/`""
&`*]# = *#$
#])$` = @""$
Now, determine the result for: #]){$",#{$
4b9500ec,"In Alice's Wonderland, a secret unit conversion is applied to measurements. For example:
5.7 m becomes 9.77
49.81 m becomes 85.41
34.62 m becomes 59.36
Now, convert the following measurement: 21.07 m",36.13
4b97377e,"In Alice's Wonderland, the gravitational constant has been secretly changed. Here are some example observations:
For t = 1.98s, distance = 21.39 m
For t = 4.93s, distance = 132.61 m
For t = 1.96s, distance = 20.96 m
For t = 4.66s, distance = 118.48 m
For t = 4.01s, distance = 87.74 m
Now, determine the falling distance for t = 3.81s given d = 0.5*g*t^2.",79.2
4bb8c6cd,"In Alice's Wonderland, a secret set of transformation rules is applied to equations. Below are a few examples:
`!-|: = -]!
]/-]: = `
'`-\' = -`/
]`+\| = ]`\|
]^-|/ = -`|
Now, determine the result for: ]}*\!",]}\!
4bc9f43a,"In Alice's Wonderland, numbers are secretly converted into a different numeral system. Some examples are given below:
78 -> LXXVIII
84 -> LXXXIV
24 -> XXIV
99 -> XCIX
8 -> VIII
Now, write the number 62 in the Wonderland numeral system.",LXII
4bdba7e1,"In Alice's Wonderland, a secret unit conversion is applied to measurements. For example:
21.32 m becomes 37.78
16.06 m becomes 28.46
44.11 m becomes 78.17
Now, convert the following measurement: 45.43 m",80.51
4bfd095a,"In Alice's Wonderland, a secret set of transformation rules is applied to equations. Below are a few examples:
{%*)) = )){
)/*/"" = [^^{
)""-\[ = -\\
{)*[{ = \\@
Now, determine the result for: @/*[@",{<<<
4bff6780,"In Alice's Wonderland, a secret bit manipulation rule transforms 8-bit binary numbers. The transformation involves operations like bit shifts, rotations, XOR, AND, OR, NOT, and possibly majority or choice functions.

Here are some examples of input -> output:
00001100 -> 00110000
10011010 -> 01101011
00100100 -> 10010010
11001111 -> 00111111
01001010 -> 00101101
00111010 -> 11101011
00110101 -> 11010111
00110011 -> 11001111

Now, determine the output for: 11110000",11001111
4c16bdc0,"In Alice's Wonderland, numbers are secretly converted into a different numeral system. Some examples are given below:
68 -> LXVIII
74 -> LXXIV
30 -> XXX
Now, write the number 48 in the Wonderland numeral system.",XLVIII
4c21b471,"In Alice's Wonderland, a secret unit conversion is applied to measurements. For example:
26.99 m becomes 53.40
6.28 m becomes 12.43
46.96 m becomes 92.91
Now, convert the following measurement: 41.96 m",83.02
4c301197,"In Alice's Wonderland, numbers are secretly converted into a different numeral system. Some examples are given below:
26 -> XXVI
69 -> LXIX
62 -> LXII
4 -> IV
5 -> V
Now, write the number 14 in the Wonderland numeral system.",XIV
4c304942,"In Alice's Wonderland, the gravitational constant has been secretly changed. Here are some example observations:
For t = 4.93s, distance = 169.32 m
For t = 2.47s, distance = 42.5 m
For t = 1.41s, distance = 13.85 m
Now, determine the falling distance for t = 4.58s given d = 0.5*g*t^2.",146.13
4c327b55,"In Alice's Wonderland, a secret bit manipulation rule transforms 8-bit binary numbers. The transformation involves operations like bit shifts, rotations, XOR, AND, OR, NOT, and possibly majority or choice functions.

Here are some examples of input -> output:
10001000 -> 00011000
10100110 -> 01000110
00101110 -> 01011110
10011010 -> 00111101
10100001 -> 01001000
00000000 -> 00000000
10101110 -> 01010110
11010010 -> 10101001

Now, determine the output for: 01101101",11011100
4c34cc0a,"In Alice's Wonderland, the gravitational constant has been secretly changed. Here are some example observations:
For t = 3.76s, distance = 44.54 m
For t = 3.85s, distance = 46.7 m
For t = 4.37s, distance = 60.17 m
Now, determine the falling distance for t = 1.64s given d = 0.5*g*t^2.",8.47
4c8fbdda,"In Alice's Wonderland, numbers are secretly converted into a different numeral system. Some examples are given below:
70 -> LXX
60 -> LX
17 -> XVII
Now, write the number 62 in the Wonderland numeral system.",LXII
4cb5e927,"In Alice's Wonderland, a secret set of transformation rules is applied to equations. Below are a few examples:
37/18 = 665
88:71 = 159
25-97 = -72
Now, determine the result for: 69-49",-20
4cd390ad,"In Alice's Wonderland, numbers are secretly converted into a different numeral system. Some examples are given below:
99 -> XCIX
70 -> LXX
46 -> XLVI
74 -> LXXIV
36 -> XXXVI
Now, write the number 56 in the Wonderland numeral system.",LVI
4cdb6666,"In Alice's Wonderland, numbers are secretly converted into a different numeral system. Some examples are given below:
66 -> LXVI
23 -> XXIII
40 -> XL
81 -> LXXXI
Now, write the number 90 in the Wonderland numeral system.",XC
4ce53a68,"In Alice's Wonderland, numbers are secretly converted into a different numeral system. Some examples are given below:
56 -> LVI
33 -> XXXIII
25 -> XXV
97 -> XCVII
3 -> III
Now, write the number 29 in the Wonderland numeral system.",XXIX
4cea23b9,"In Alice's Wonderland, numbers are secretly converted into a different numeral system. Some examples are given below:
14 -> XIV
48 -> XLVIII
18 -> XVIII
Now, write the number 95 in the Wonderland numeral system.",XCV
4d04ce0c,"In Alice's Wonderland, a secret set of transformation rules is applied to equations. Below are a few examples:
`[>`\ = (}#}
:#&?' = ]'
(]>\\ = (##(
\#>?' = ?#'#
Now, determine the result for: ?(&[}",&:?
4d25c40e,"In Alice's Wonderland, a secret unit conversion is applied to measurements. For example:
12.95 m becomes 22.92
42.92 m becomes 75.97
8.01 m becomes 14.18
Now, convert the following measurement: 18.49 m",32.73
4d391f8a,"In Alice's Wonderland, the gravitational constant has been secretly changed. Here are some example observations:
For t = 4.06s, distance = 138.5 m
For t = 2.71s, distance = 61.71 m
For t = 4.35s, distance = 159.0 m
Now, determine the falling distance for t = 2.04s given d = 0.5*g*t^2.",34.97
4d4ff951,"In Alice's Wonderland, numbers are secretly converted into a different numeral system. Some examples are given below:
56 -> LVI
98 -> XCVIII
90 -> XC
Now, write the number 14 in the Wonderland numeral system.",XIV
4d52d243,"In Alice's Wonderland, numbers are secretly converted into a different numeral system. Some examples are given below:
87 -> LXXXVII
22 -> XXII
53 -> LIII
26 -> XXVI
Now, write the number 25 in the Wonderland numeral system.",XXV
4d8df95b,"In Alice's Wonderland, a secret set of transformation rules is applied to equations. Below are a few examples:
/:-%( = -""^
(?-^/ = -/""
^/*@! = ^)(/
Now, determine the result for: ??-??",)
4dcd1b40,"In Alice's Wonderland, a secret set of transformation rules is applied to equations. Below are a few examples:
@{`#@ = ]#
!{<{"" = ##@
}@\}} = }^)@
""""\!: = }#]#
}}`)! = `{@
Now, determine the result for: }:`]""",`:{
4de466bf,"In Alice's Wonderland, a secret set of transformation rules is applied to equations. Below are a few examples:
<$&^> = @@<
<^|<@ = @$$^
/[&:/ = @::
Now, determine the result for: @>&</",^[
4ded2d5e,"In Alice's Wonderland, a secret unit conversion is applied to measurements. For example:
19.89 m becomes 21.87
11.15 m becomes 12.26
13.15 m becomes 14.46
Now, convert the following measurement: 23.54 m",25.88
4dfe46a4,"In Alice's Wonderland, the gravitational constant has been secretly changed. Here are some example observations:
For t = 4.11s, distance = 52.19 m
For t = 4.63s, distance = 66.23 m
For t = 2.0s, distance = 12.36 m
For t = 2.84s, distance = 24.92 m
Now, determine the falling distance for t = 1.39s given d = 0.5*g*t^2.",5.97
4e00d99b,"In Alice's Wonderland, the gravitational constant has been secretly changed. Here are some example observations:
For t = 4.53s, distance = 198.83 m
For t = 1.76s, distance = 30.01 m
For t = 1.94s, distance = 36.47 m
For t = 1.91s, distance = 35.35 m
For t = 1.92s, distance = 35.72 m
Now, determine the falling distance for t = 2.57s given d = 0.5*g*t^2.",63.99
4e0c6eef,"In Alice's Wonderland, a secret unit conversion is applied to measurements. For example:
10.3 m becomes 10.40
12.54 m becomes 12.66
5.85 m becomes 5.91
Now, convert the following measurement: 11.01 m",11.11
4e22cb8f,"In Alice's Wonderland, numbers are secretly converted into a different numeral system. Some examples are given below:
50 -> L
81 -> LXXXI
50 -> L
Now, write the number 94 in the Wonderland numeral system.",XCIV
4e27b6d2,"In Alice's Wonderland, the gravitational constant has been secretly changed. Here are some example observations:
For t = 2.45s, distance = 33.47 m
For t = 1.33s, distance = 9.86 m
For t = 4.43s, distance = 109.42 m
Now, determine the falling distance for t = 2.97s given d = 0.5*g*t^2.",49.18
4e28b132,"In Alice's Wonderland, a secret set of transformation rules is applied to equations. Below are a few examples:
>@%): = /#>
/]?)# = :)}
/)&#@ = }
'#&)> = ''
Now, determine the result for: //%>:",:}
4e2a7ef6,"In Alice's Wonderland, the gravitational constant has been secretly changed. Here are some example observations:
For t = 4.81s, distance = 132.75 m
For t = 1.6s, distance = 14.69 m
For t = 4.46s, distance = 114.14 m
For t = 4.21s, distance = 101.7 m
Now, determine the falling distance for t = 4.84s given d = 0.5*g*t^2.",134.41
4e3d1b8f,"In Alice's Wonderland, a secret unit conversion is applied to measurements. For example:
12.93 m becomes 19.11
39.59 m becomes 58.50
7.25 m becomes 10.71
20.34 m becomes 30.06
11.87 m becomes 17.54
Now, convert the following measurement: 10.3 m",15.22
4e4424d5,"In Alice's Wonderland, a secret bit manipulation rule transforms 8-bit binary numbers. The transformation involves operations like bit shifts, rotations, XOR, AND, OR, NOT, and possibly majority or choice functions.

Here are some examples of input -> output:
10100111 -> 11101011
01011010 -> 10010111
01000000 -> 11111110
01011011 -> 00010111
11100011 -> 11111110
11101000 -> 01011110
00000000 -> 11111111

Now, determine the output for: 00110100",00101111
4e67b066,"In Alice's Wonderland, a secret set of transformation rules is applied to equations. Below are a few examples:
&""*{! = <))!
(&-`^ = ""(
)<-)( = )(
&""+""` = @`{
Now, determine the result for: `^-@(",-{^
4e756f32,"In Alice's Wonderland, the gravitational constant has been secretly changed. Here are some example observations:
For t = 1.51s, distance = 18.75 m
For t = 3.72s, distance = 113.78 m
For t = 2.46s, distance = 49.75 m
For t = 2.26s, distance = 41.99 m
For t = 2.83s, distance = 65.85 m
Now, determine the falling distance for t = 4.76s given d = 0.5*g*t^2.",186.29
4e7d1773,"In Alice's Wonderland, a secret set of transformation rules is applied to equations. Below are a few examples:
^|+'"" = \{:
?:<^\ = $""
\^%@: = %|@
@^+{^ = ?:""$
'?+@? = '|'?
Now, determine the result for: ^\+$:",^:?:
4e7e64a2,"In Alice's Wonderland, a secret set of transformation rules is applied to equations. Below are a few examples:
?%)%< = |%
>')?$ = $%
>|)!$ = ?>&
''""'$ = $$?
&`)|$ = ?'?
Now, determine the result for: ?>""!>",?&?%
4e8982d6,"In Alice's Wonderland, a secret set of transformation rules is applied to equations. Below are a few examples:
|@+/@ = ""|
:\*/? = /|:?
:\-@/ = -::
?@-@/ = -/]
Now, determine the result for: ]]+?]",/@:
4ecacf23,"In Alice's Wonderland, a secret unit conversion is applied to measurements. For example:
15.47 m becomes 11.23
28.21 m becomes 20.49
32.91 m becomes 23.90
36.52 m becomes 26.52
Now, convert the following measurement: 32.79 m",23.81
4ed6b56f,"In Alice's Wonderland, a secret set of transformation rules is applied to equations. Below are a few examples:
`'+:' = (`]
]:*}> = !""(/
:}*:' = :/(/
>]-(( = '!
Now, determine the result for: !:*`(","(""/"""
4ed8b06a,"In Alice's Wonderland, the gravitational constant has been secretly changed. Here are some example observations:
For t = 1.74s, distance = 19.38 m
For t = 2.48s, distance = 39.38 m
For t = 1.25s, distance = 10.0 m
For t = 4.95s, distance = 156.88 m
For t = 4.78s, distance = 146.29 m
Now, determine the falling distance for t = 4.78s given d = 0.5*g*t^2.",146.29
4ef4c666,"In Alice's Wonderland, numbers are secretly converted into a different numeral system. Some examples are given below:
86 -> LXXXVI
82 -> LXXXII
53 -> LIII
Now, write the number 58 in the Wonderland numeral system.",LVIII
4ef565f3,"In Alice's Wonderland, numbers are secretly converted into a different numeral system. Some examples are given below:
93 -> XCIII
66 -> LXVI
34 -> XXXIV
Now, write the number 35 in the Wonderland numeral system.",XXXV
4ef88f92,"In Alice's Wonderland, a secret bit manipulation rule transforms 8-bit binary numbers. The transformation involves operations like bit shifts, rotations, XOR, AND, OR, NOT, and possibly majority or choice functions.

Here are some examples of input -> output:
01101101 -> 10010111
01000001 -> 01111101
11001110 -> 01011110
10011110 -> 10111011
01111010 -> 11100111
01110101 -> 11000111
00110100 -> 01000111
01101100 -> 10010111
10010101 -> 10001001
11011000 -> 00101111

Now, determine the output for: 00110011",01010111
4efe5c16,"In Alice's Wonderland, a secret unit conversion is applied to measurements. For example:
38.97 m becomes 23.13
47.4 m becomes 28.14
38.23 m becomes 22.69
34.51 m becomes 20.48
Now, convert the following measurement: 33.38 m",19.81
4f01e7b4,"In Alice's Wonderland, a secret unit conversion is applied to measurements. For example:
17.81 m becomes 20.10
49.37 m becomes 55.72
12.56 m becomes 14.18
19.47 m becomes 21.97
14.41 m becomes 16.26
Now, convert the following measurement: 7.76 m",8.76
4f06e1c0,"In Alice's Wonderland, a secret set of transformation rules is applied to equations. Below are a few examples:
79*29 = 2979
12*65 = 6512
47*03 = 0347
Now, determine the result for: 07+38",351
4f2351e5,"In Alice's Wonderland, a secret set of transformation rules is applied to equations. Below are a few examples:
<@""<' = )|[`
&<""&< = &^|[
|`""&@ = |<&}
&&{|[ = `<
Now, determine the result for: [[\})",<`
4f8d87f5,"In Alice's Wonderland, numbers are secretly converted into a different numeral system. Some examples are given below:
99 -> XCIX
81 -> LXXXI
29 -> XXIX
74 -> LXXIV
Now, write the number 13 in the Wonderland numeral system.",XIII
4fb6838e,"In Alice's Wonderland, a secret bit manipulation rule transforms 8-bit binary numbers. The transformation involves operations like bit shifts, rotations, XOR, AND, OR, NOT, and possibly majority or choice functions.

Here are some examples of input -> output:
11100100 -> 00000111
01010100 -> 00000010
01001010 -> 00000010
00101100 -> 00000001
01101010 -> 00000011
01011011 -> 10000010
01001100 -> 00000010

Now, determine the output for: 10101011",10000101
4fb6e382,"In Alice's Wonderland, a secret bit manipulation rule transforms 8-bit binary numbers. The transformation involves operations like bit shifts, rotations, XOR, AND, OR, NOT, and possibly majority or choice functions.

Here are some examples of input -> output:
10001101 -> 00100001
01110001 -> 10111101
10100101 -> 01101111
00110001 -> 00001101
11111100 -> 01000111
01001001 -> 11011011
10010011 -> 00110100
11011111 -> 10011001

Now, determine the output for: 11100001",11111101
4fd29059,"In Alice's Wonderland, a secret set of transformation rules is applied to equations. Below are a few examples:
[[+'% = [{
%%-'% = -%
}:-!{ = -(%
{(-:] = -%(
Now, determine the result for: :[*':",'%%[
4fed9e38,"In Alice's Wonderland, a secret unit conversion is applied to measurements. For example:
36.74 m becomes 50.85
33.8 m becomes 46.78
29.78 m becomes 41.22
Now, convert the following measurement: 44.66 m",61.82
501cec83,"In Alice's Wonderland, the gravitational constant has been secretly changed. Here are some example observations:
For t = 2.17s, distance = 43.71 m
For t = 3.39s, distance = 106.68 m
For t = 2.11s, distance = 41.33 m
For t = 4.77s, distance = 211.22 m
Now, determine the falling distance for t = 2.44s given d = 0.5*g*t^2.",55.27
501e6f4f,"In Alice's Wonderland, the gravitational constant has been secretly changed. Here are some example observations:
For t = 2.47s, distance = 47.06 m
For t = 3.81s, distance = 111.98 m
For t = 2.22s, distance = 38.02 m
For t = 2.68s, distance = 55.41 m
Now, determine the falling distance for t = 4.39s given d = 0.5*g*t^2.",148.67
5039d1a0,"In Alice's Wonderland, a secret set of transformation rules is applied to equations. Below are a few examples:
64*44 = 3202
21*84 = 575
64*69 = 5144
28-18 = 1
Now, determine the result for: 06+08",041
50454e74,"In Alice's Wonderland, numbers are secretly converted into a different numeral system. Some examples are given below:
2 -> II
50 -> L
40 -> XL
98 -> XCVIII
Now, write the number 10 in the Wonderland numeral system.",X
50630ad8,"In Alice's Wonderland, a secret set of transformation rules is applied to equations. Below are a few examples:
49`94 = 9449
67`98 = 9867
03$01 = 02
37+35 = 621
59`76 = 7659
Now, determine the result for: 51$37",$85
507c634f,"In Alice's Wonderland, the gravitational constant has been secretly changed. Here are some example observations:
For t = 1.86s, distance = 25.25 m
For t = 3.24s, distance = 76.63 m
For t = 1.7s, distance = 21.1 m
Now, determine the falling distance for t = 4.49s given d = 0.5*g*t^2.",147.16
50a694de,"In Alice's Wonderland, a secret set of transformation rules is applied to equations. Below are a few examples:
""#{""[ = !`!
%#)[[ = `[
[})""% = !""
["")!# = ""'
`'(["" = %[
Now, determine the result for: ]`(!!",%]
50adfd54,"In Alice's Wonderland, a secret set of transformation rules is applied to equations. Below are a few examples:
12*23 = 176
52-61 = 9
88*89 = 3268
Now, determine the result for: 42-18",-75
50b5296a,"In Alice's Wonderland, numbers are secretly converted into a different numeral system. Some examples are given below:
66 -> LXVI
57 -> LVII
24 -> XXIV
41 -> XLI
39 -> XXXIX
Now, write the number 92 in the Wonderland numeral system.",XCII
50ba5396,"In Alice's Wonderland, a secret set of transformation rules is applied to equations. Below are a few examples:
\/*:"" = >/:
:""*?@ = >]>
//*&@ = }]
@\{/: = >/
\\(?? = """"@@
Now, determine the result for: }&(\""",\]]@
50e57462,"In Alice's Wonderland, a secret bit manipulation rule transforms 8-bit binary numbers. The transformation involves operations like bit shifts, rotations, XOR, AND, OR, NOT, and possibly majority or choice functions.

Here are some examples of input -> output:
11001110 -> 01111100
10010010 -> 10011001
01111011 -> 11011111
00011011 -> 11011001
00100101 -> 00101010
01010101 -> 10101101
00011001 -> 11001001

Now, determine the output for: 01111100",11100111
51007339,"In Alice's Wonderland, a secret bit manipulation rule transforms 8-bit binary numbers. The transformation involves operations like bit shifts, rotations, XOR, AND, OR, NOT, and possibly majority or choice functions.

Here are some examples of input -> output:
00001001 -> 01001000
01101110 -> 01011011
00010000 -> 10000000
11101111 -> 01111011
10000000 -> 00000100
10100100 -> 00100101
11110101 -> 00111111
00011100 -> 10000000
01100010 -> 00011011

Now, determine the output for: 11010001",10001110
5110365e,"In Alice's Wonderland, numbers are secretly converted into a different numeral system. Some examples are given below:
79 -> LXXIX
27 -> XXVII
53 -> LIII
61 -> LXI
5 -> V
Now, write the number 94 in the Wonderland numeral system.",XCIV
51125e5e,"In Alice's Wonderland, numbers are secretly converted into a different numeral system. Some examples are given below:
100 -> C
44 -> XLIV
85 -> LXXXV
Now, write the number 13 in the Wonderland numeral system.",XIII
511560ac,"In Alice's Wonderland, the gravitational constant has been secretly changed. Here are some example observations:
For t = 2.85s, distance = 63.79 m
For t = 2.54s, distance = 50.66 m
For t = 3.84s, distance = 115.8 m
Now, determine the falling distance for t = 2.62s given d = 0.5*g*t^2.",53.91
51174a9d,"In Alice's Wonderland, a secret set of transformation rules is applied to equations. Below are a few examples:
$')|$ = )'\
'[)[/ = [`
||^/$ = ||/$
Now, determine the result for: $|}||",[/<
51181706,"In Alice's Wonderland, a secret set of transformation rules is applied to equations. Below are a few examples:
[|*|) = ?'[[
?\->' = ??
[$*>| = >?/\
Now, determine the result for: /\*//",'[)\
511eba58,"In Alice's Wonderland, the gravitational constant has been secretly changed. Here are some example observations:
For t = 4.27s, distance = 134.17 m
For t = 1.51s, distance = 16.78 m
For t = 1.52s, distance = 17.0 m
Now, determine the falling distance for t = 2.51s given d = 0.5*g*t^2.",46.36
5128831c,"In Alice's Wonderland, a secret set of transformation rules is applied to equations. Below are a few examples:
^&*$( = ^\\[
$(*\' = \^^|
'\-^& = [$
{^-^' = $&
Now, determine the result for: [^+{&",&[$
51352792,"In Alice's Wonderland, a secret set of transformation rules is applied to equations. Below are a few examples:
)#-|( = -""#
#""+/` = <(
?`-`) = -#/
!(-?( = `
!`-""< = -(#
Now, determine the result for: ""/*|""","`""<`"
5144897d,"In Alice's Wonderland, a secret set of transformation rules is applied to equations. Below are a few examples:
99-66 = 6533
13:92 = 1
49|31 = 80
76|65 = 141
Now, determine the result for: 90:15",0
5154e8c4,"In Alice's Wonderland, numbers are secretly converted into a different numeral system. Some examples are given below:
23 -> XXIII
46 -> XLVI
36 -> XXXVI
77 -> LXXVII
60 -> LX
Now, write the number 17 in the Wonderland numeral system.",XVII
51720f99,"In Alice's Wonderland, numbers are secretly converted into a different numeral system. Some examples are given below:
99 -> XCIX
86 -> LXXXVI
54 -> LIV
1 -> I
8 -> VIII
Now, write the number 92 in the Wonderland numeral system.",XCII
5186f2d7,"In Alice's Wonderland, a secret set of transformation rules is applied to equations. Below are a few examples:
!?-?' = -""
?>)?} = !}$}
\')\' = \\'<
?>)>"" = !!$""
Now, determine the result for: }>)\?",\?!$
518b5063,"In Alice's Wonderland, numbers are secretly converted into a different numeral system. Some examples are given below:
36 -> XXXVI
68 -> LXVIII
44 -> XLIV
87 -> LXXXVII
Now, write the number 37 in the Wonderland numeral system.",XXXVII
518deb39,"In Alice's Wonderland, a secret set of transformation rules is applied to equations. Below are a few examples:
<'+<"" = (>
""'-$< = '<
(""*(< = <<!!
!$*<> = !^\
Now, determine the result for: $$-<>",$
519b702d,"In Alice's Wonderland, a secret unit conversion is applied to measurements. For example:
8.09 m becomes 5.30
25.56 m becomes 16.74
44.12 m becomes 28.90
Now, convert the following measurement: 46.46 m",30.43
51a22965,"In Alice's Wonderland, a secret unit conversion is applied to measurements. For example:
14.05 m becomes 12.76
14.17 m becomes 12.87
25.57 m becomes 23.22
Now, convert the following measurement: 8.38 m",7.61
51a8fdd8,"In Alice's Wonderland, numbers are secretly converted into a different numeral system. Some examples are given below:
37 -> XXXVII
70 -> LXX
63 -> LXIII
50 -> L
Now, write the number 25 in the Wonderland numeral system.",XXV
51da0ee1,"In Alice's Wonderland, a secret set of transformation rules is applied to equations. Below are a few examples:
:!+^! = {!
:&-""^ = :}
'`*]` = '}^'
Now, determine the result for: ]]+]""",:]:
51ff6cdb,"In Alice's Wonderland, the gravitational constant has been secretly changed. Here are some example observations:
For t = 3.92s, distance = 137.72 m
For t = 2.25s, distance = 45.37 m
For t = 3.49s, distance = 109.16 m
For t = 2.91s, distance = 75.9 m
For t = 4.45s, distance = 177.48 m
Now, determine the falling distance for t = 3.73s given d = 0.5*g*t^2.",124.69
5201041d,"In Alice's Wonderland, numbers are secretly converted into a different numeral system. Some examples are given below:
39 -> XXXIX
55 -> LV
90 -> XC
25 -> XXV
Now, write the number 7 in the Wonderland numeral system.",VII
522058b9,"In Alice's Wonderland, a secret bit manipulation rule transforms 8-bit binary numbers. The transformation involves operations like bit shifts, rotations, XOR, AND, OR, NOT, and possibly majority or choice functions.

Here are some examples of input -> output:
11010010 -> 10010001
11101010 -> 01010001
00001101 -> 01101000
10110010 -> 10010001
01111110 -> 11110000
10000011 -> 00011001
11000011 -> 00011001

Now, determine the output for: 01011010",11010000
52381a0f,"In Alice's Wonderland, numbers are secretly converted into a different numeral system. Some examples are given below:
44 -> XLIV
6 -> VI
8 -> VIII
Now, write the number 100 in the Wonderland numeral system.",C
52395e9a,"In Alice's Wonderland, a secret set of transformation rules is applied to equations. Below are a few examples:
$){#% = #'
\'|<! = !$})
'/|<\ = #/)%
Now, determine the result for: '#|</",#!%\
524fb211,"In Alice's Wonderland, numbers are secretly converted into a different numeral system. Some examples are given below:
69 -> LXIX
5 -> V
32 -> XXXII
22 -> XXII
Now, write the number 72 in the Wonderland numeral system.",LXXII
52545905,"In Alice's Wonderland, a secret unit conversion is applied to measurements. For example:
33.06 m becomes 51.48
36.35 m becomes 56.60
48.15 m becomes 74.98
Now, convert the following measurement: 8.44 m",13.14
52762108,"In Alice's Wonderland, a secret unit conversion is applied to measurements. For example:
11.26 m becomes 21.15
32.14 m becomes 60.36
49.43 m becomes 92.83
Now, convert the following measurement: 14.39 m",27.02
528b694b,"In Alice's Wonderland, a secret set of transformation rules is applied to equations. Below are a few examples:
@>+^\ = @@^>
]@<@\ = <')
'>+^$ = @]{)
@'<)> = "")
Now, determine the result for: >]<])","""'"
528d915e,"In Alice's Wonderland, the gravitational constant has been secretly changed. Here are some example observations:
For t = 3.96s, distance = 96.42 m
For t = 1.34s, distance = 11.04 m
For t = 1.82s, distance = 20.37 m
For t = 4.14s, distance = 105.38 m
For t = 2.98s, distance = 54.6 m
Now, determine the falling distance for t = 2.16s given d = 0.5*g*t^2.",28.69
528ec0d8,"In Alice's Wonderland, a secret set of transformation rules is applied to equations. Below are a few examples:
38(96 = 3648
13(43 = 559
42#38 = 81
41(94 = 3854
Now, determine the result for: 11-50",-39
52be4988,"In Alice's Wonderland, a secret set of transformation rules is applied to equations. Below are a few examples:
[&+/` = '!
<\-<\ = \
`|-'' = -<|
/&*?\ = &/|
//-?? = -``
Now, determine the result for: &&+&`",'!
52cffa77,"In Alice's Wonderland, numbers are secretly converted into a different numeral system. Some examples are given below:
70 -> LXX
73 -> LXXIII
1 -> I
56 -> LVI
Now, write the number 94 in the Wonderland numeral system.",XCIV
52f499f4,"In Alice's Wonderland, a secret set of transformation rules is applied to equations. Below are a few examples:
%/&'^ = &^'
$}>'@ = [^/'
@!+$[ = %!/
Now, determine the result for: /(>}@",$[^%
52f83b1c,"In Alice's Wonderland, the gravitational constant has been secretly changed. Here are some example observations:
For t = 3.57s, distance = 96.83 m
For t = 4.94s, distance = 185.4 m
For t = 1.52s, distance = 17.55 m
Now, determine the falling distance for t = 3.32s given d = 0.5*g*t^2.",83.74
5300b2d9,"In Alice's Wonderland, the gravitational constant has been secretly changed. Here are some example observations:
For t = 3.68s, distance = 40.06 m
For t = 1.34s, distance = 5.31 m
For t = 4.26s, distance = 53.69 m
For t = 1.99s, distance = 11.72 m
For t = 3.86s, distance = 44.08 m
Now, determine the falling distance for t = 3.84s given d = 0.5*g*t^2.",43.62
531f3777,"In Alice's Wonderland, a secret unit conversion is applied to measurements. For example:
47.65 m becomes 59.69
14.48 m becomes 18.14
7.53 m becomes 9.43
31.37 m becomes 39.30
Now, convert the following measurement: 7.08 m",8.87
5331e206,"In Alice's Wonderland, numbers are secretly converted into a different numeral system. Some examples are given below:
37 -> XXXVII
45 -> XLV
78 -> LXXVIII
76 -> LXXVI
73 -> LXXIII
Now, write the number 25 in the Wonderland numeral system.",XXV
533b136e,"In Alice's Wonderland, numbers are secretly converted into a different numeral system. Some examples are given below:
28 -> XXVIII
50 -> L
24 -> XXIV
73 -> LXXIII
92 -> XCII
Now, write the number 61 in the Wonderland numeral system.",LXI
536d9cca,"In Alice's Wonderland, a secret set of transformation rules is applied to equations. Below are a few examples:
)|*""< = ""]|}
]:-)[ = )}
<|*}] = <))[
&&-}: = )[
<<+<| = ]}}
Now, determine the result for: <|-]<",&'
538ec4cc,"In Alice's Wonderland, numbers are secretly converted into a different numeral system. Some examples are given below:
4 -> IV
89 -> LXXXIX
73 -> LXXIII
22 -> XXII
Now, write the number 47 in the Wonderland numeral system.",XLVII
53988f17,"In Alice's Wonderland, numbers are secretly converted into a different numeral system. Some examples are given below:
34 -> XXXIV
91 -> XCI
78 -> LXXVIII
52 -> LII
Now, write the number 99 in the Wonderland numeral system.",XCIX
539bea51,"In Alice's Wonderland, a secret unit conversion is applied to measurements. For example:
31.5 m becomes 30.52
41.1 m becomes 39.82
46.31 m becomes 44.86
Now, convert the following measurement: 41.92 m",40.61
53a8a139,"In Alice's Wonderland, numbers are secretly converted into a different numeral system. Some examples are given below:
20 -> XX
74 -> LXXIV
52 -> LII
45 -> XLV
Now, write the number 91 in the Wonderland numeral system.",XCI
53bcb446,"In Alice's Wonderland, the gravitational constant has been secretly changed. Here are some example observations:
For t = 4.44s, distance = 161.46 m
For t = 4.5s, distance = 165.85 m
For t = 4.09s, distance = 137.01 m
Now, determine the falling distance for t = 3.36s given d = 0.5*g*t^2.",92.46
53c0218c,"In Alice's Wonderland, a secret unit conversion is applied to measurements. For example:
16.34 m becomes 18.80
48.07 m becomes 55.29
20.15 m becomes 23.18
Now, convert the following measurement: 23.2 m",26.69
53d09e5a,"In Alice's Wonderland, a secret bit manipulation rule transforms 8-bit binary numbers. The transformation involves operations like bit shifts, rotations, XOR, AND, OR, NOT, and possibly majority or choice functions.

Here are some examples of input -> output:
11100010 -> 11111011
11100011 -> 11111001
11101110 -> 11110111
11010101 -> 01111110
11000101 -> 01110110
00011100 -> 11001111
11011110 -> 11101111
00010010 -> 01011011
11011010 -> 11101111

Now, determine the output for: 00110001",11011101
53d23bc8,"In Alice's Wonderland, numbers are secretly converted into a different numeral system. Some examples are given below:
78 -> LXXVIII
74 -> LXXIV
99 -> XCIX
25 -> XXV
Now, write the number 40 in the Wonderland numeral system.",XL
53df550e,"In Alice's Wonderland, numbers are secretly converted into a different numeral system. Some examples are given below:
24 -> XXIV
86 -> LXXXVI
73 -> LXXIII
Now, write the number 25 in the Wonderland numeral system.",XXV
53e1fca0,"In Alice's Wonderland, a secret unit conversion is applied to measurements. For example:
15.81 m becomes 15.63
40.02 m becomes 39.57
11.07 m becomes 10.95
32.15 m becomes 31.79
Now, convert the following measurement: 14.73 m",14.57
5415cc20,"In Alice's Wonderland, the gravitational constant has been secretly changed. Here are some example observations:
For t = 2.54s, distance = 41.5 m
For t = 1.81s, distance = 21.08 m
For t = 2.92s, distance = 54.85 m
For t = 3.27s, distance = 68.79 m
Now, determine the falling distance for t = 2.94s given d = 0.5*g*t^2.",55.61
542cf03a,"In Alice's Wonderland, numbers are secretly converted into a different numeral system. Some examples are given below:
14 -> XIV
28 -> XXVIII
9 -> IX
12 -> XII
Now, write the number 79 in the Wonderland numeral system.",LXXIX
542f0793,"In Alice's Wonderland, the gravitational constant has been secretly changed. Here are some example observations:
For t = 3.95s, distance = 79.76 m
For t = 2.73s, distance = 38.1 m
For t = 4.04s, distance = 83.44 m
Now, determine the falling distance for t = 3.35s given d = 0.5*g*t^2.",57.37
5434ef33,"In Alice's Wonderland, numbers are secretly converted into a different numeral system. Some examples are given below:
78 -> LXXVIII
50 -> L
9 -> IX
Now, write the number 95 in the Wonderland numeral system.",XCV
543af90d,"In Alice's Wonderland, the gravitational constant has been secretly changed. Here are some example observations:
For t = 4.58s, distance = 162.46 m
For t = 4.86s, distance = 182.93 m
For t = 1.29s, distance = 12.89 m
For t = 4.05s, distance = 127.04 m
For t = 4.56s, distance = 161.05 m
Now, determine the falling distance for t = 3.15s given d = 0.5*g*t^2.",76.85
5443cf8e,"In Alice's Wonderland, numbers are secretly converted into a different numeral system. Some examples are given below:
47 -> XLVII
53 -> LIII
91 -> XCI
Now, write the number 19 in the Wonderland numeral system.",XIX
544f0433,"In Alice's Wonderland, a secret set of transformation rules is applied to equations. Below are a few examples:
')`\! = %!?!
%/`|) = %/&!
%\*'> = ''
/\`\? = !/|?
Now, determine the result for: |'`//",/>)&
54589e31,"In Alice's Wonderland, numbers are secretly converted into a different numeral system. Some examples are given below:
56 -> LVI
96 -> XCVI
20 -> XX
77 -> LXXVII
Now, write the number 19 in the Wonderland numeral system.",XIX
546c83f4,"In Alice's Wonderland, a secret unit conversion is applied to measurements. For example:
42.69 m becomes 21.56
37.67 m becomes 19.02
11.89 m becomes 6.00
Now, convert the following measurement: 17.49 m",8.83
5479f05a,"In Alice's Wonderland, the gravitational constant has been secretly changed. Here are some example observations:
For t = 1.57s, distance = 21.87 m
For t = 2.14s, distance = 40.63 m
For t = 1.25s, distance = 13.86 m
Now, determine the falling distance for t = 4.14s given d = 0.5*g*t^2.",152.07
54818142,"In Alice's Wonderland, a secret set of transformation rules is applied to equations. Below are a few examples:
`""-@: = -""}
}^+@@ = `%%
}@+"": = ]^
>""+@} = `}:
@:-}"" = -}}
Now, determine the result for: >^->@",-<
549f5220,"In Alice's Wonderland, a secret set of transformation rules is applied to equations. Below are a few examples:
12+01 = 13
77+25 = 921
94-82 = 12
85+13 = 98
32-15 = 82
Now, determine the result for: 48*55",5548
54a20616,"In Alice's Wonderland, the gravitational constant has been secretly changed. Here are some example observations:
For t = 1.93s, distance = 12.65 m
For t = 4.91s, distance = 81.87 m
For t = 1.52s, distance = 7.85 m
For t = 3.66s, distance = 45.49 m
Now, determine the falling distance for t = 1.15s given d = 0.5*g*t^2.",4.49
54a2a4d3,"In Alice's Wonderland, a secret unit conversion is applied to measurements. For example:
30.6 m becomes 23.30
10.04 m becomes 7.64
7.49 m becomes 5.70
16.87 m becomes 12.84
Now, convert the following measurement: 34.01 m",25.89
54a9a1d3,"In Alice's Wonderland, the gravitational constant has been secretly changed. Here are some example observations:
For t = 4.93s, distance = 137.4 m
For t = 4.47s, distance = 112.96 m
For t = 3.45s, distance = 67.29 m
For t = 3.48s, distance = 68.46 m
Now, determine the falling distance for t = 2.87s given d = 0.5*g*t^2.",46.57
54dbab41,"In Alice's Wonderland, a secret set of transformation rules is applied to equations. Below are a few examples:
$)-|` = -[$
})+)' = [}'
}]*[{ = }][{
!]-$| = '
!]*{{ = !]{{
Now, determine the result for: `$+')",|$
54e8c553,"In Alice's Wonderland, a secret set of transformation rules is applied to equations. Below are a few examples:
$\#^' = #<$
'\#[< = #[]
]`*`^ = $\]
`<*\< = $[]
$""#]$ = #\<
Now, determine the result for: """"|""]",$$<<
54fa42b9,"In Alice's Wonderland, numbers are secretly converted into a different numeral system. Some examples are given below:
35 -> XXXV
39 -> XXXIX
64 -> LXIV
61 -> LXI
47 -> XLVII
Now, write the number 64 in the Wonderland numeral system.",LXIV
5501c054,"In Alice's Wonderland, a secret set of transformation rules is applied to equations. Below are a few examples:
'){^' = #[
""!{#^ = ^>
[#}\"" = #>
!&}"""" = ^[""
#)}'\ = ^!>
Now, determine the result for: !#$#^",[#>#
5541d35c,"In Alice's Wonderland, a secret set of transformation rules is applied to equations. Below are a few examples:
33-12 = -21
37+87 = 151
32-34 = -02
Now, determine the result for: 97*93",2803
5561481f,"In Alice's Wonderland, the gravitational constant has been secretly changed. Here are some example observations:
For t = 1.07s, distance = 6.04 m
For t = 3.56s, distance = 66.87 m
For t = 3.86s, distance = 78.61 m
For t = 3.55s, distance = 66.49 m
Now, determine the falling distance for t = 1.59s given d = 0.5*g*t^2.",13.34
556fddce,"In Alice's Wonderland, numbers are secretly converted into a different numeral system. Some examples are given below:
79 -> LXXIX
91 -> XCI
40 -> XL
89 -> LXXXIX
Now, write the number 56 in the Wonderland numeral system.",LVI
5575692e,"In Alice's Wonderland, numbers are secretly converted into a different numeral system. Some examples are given below:
27 -> XXVII
42 -> XLII
12 -> XII
11 -> XI
11 -> XI
Now, write the number 17 in the Wonderland numeral system.",XVII
55863883,"In Alice's Wonderland, a secret unit conversion is applied to measurements. For example:
7.27 m becomes 13.65
32.17 m becomes 60.38
42.86 m becomes 80.45
27.65 m becomes 51.90
Now, convert the following measurement: 10.87 m",20.40
55bc449c,"In Alice's Wonderland, a secret set of transformation rules is applied to equations. Below are a few examples:
[<(}& = &{:
[:(!! = &&[
)}?)& = :&&}
<)-!: = -&}
Now, determine the result for: !`(&:",:<
55d834d1,"In Alice's Wonderland, a secret bit manipulation rule transforms 8-bit binary numbers. The transformation involves operations like bit shifts, rotations, XOR, AND, OR, NOT, and possibly majority or choice functions.

Here are some examples of input -> output:
10100000 -> 11110101
11110011 -> 01011110
11011111 -> 10011011
00110001 -> 01101110
10001100 -> 00110111
01000010 -> 11011011
01100000 -> 11111101

Now, determine the output for: 00011100",00111111
55dd52a9,"In Alice's Wonderland, the gravitational constant has been secretly changed. Here are some example observations:
For t = 1.76s, distance = 8.88 m
For t = 2.72s, distance = 21.22 m
For t = 4.11s, distance = 48.45 m
Now, determine the falling distance for t = 4.04s given d = 0.5*g*t^2.",46.81
55dda56c,"In Alice's Wonderland, a secret unit conversion is applied to measurements. For example:
23.34 m becomes 11.94
43.62 m becomes 22.31
37.34 m becomes 19.10
Now, convert the following measurement: 17.12 m",8.76
55e5d36e,"In Alice's Wonderland, numbers are secretly converted into a different numeral system. Some examples are given below:
45 -> XLV
46 -> XLVI
47 -> XLVII
8 -> VIII
91 -> XCI
Now, write the number 69 in the Wonderland numeral system.",LXIX
55f19327,"In Alice's Wonderland, a secret set of transformation rules is applied to equations. Below are a few examples:
47-84 = 131
72\97 = 6983
72-20 = 92
20:20 = 0
44\21 = 923
Now, determine the result for: 77:38",1
563bf8f9,"In Alice's Wonderland, a secret set of transformation rules is applied to equations. Below are a few examples:
"":*<% = %"":$
/!+!` = %!
!/+%"" = {`:
$`*<$ = /!<:
Now, determine the result for: ""!-//",-'/
56465998,"In Alice's Wonderland, numbers are secretly converted into a different numeral system. Some examples are given below:
81 -> LXXXI
81 -> LXXXI
80 -> LXXX
21 -> XXI
33 -> XXXIII
Now, write the number 32 in the Wonderland numeral system.",XXXII
564916b5,"In Alice's Wonderland, a secret set of transformation rules is applied to equations. Below are a few examples:
!&-""$ = <
""{*<! = ""<""!
{!-""& = /
<{*$< = ""<`$
/$->| = |>
Now, determine the result for: ""!-$$",$
5657b059,"In Alice's Wonderland, the gravitational constant has been secretly changed. Here are some example observations:
For t = 3.46s, distance = 105.57 m
For t = 3.09s, distance = 84.2 m
For t = 1.15s, distance = 11.66 m
For t = 5.0s, distance = 220.46 m
For t = 2.91s, distance = 74.68 m
Now, determine the falling distance for t = 2.58s given d = 0.5*g*t^2.",58.7
56637233,"In Alice's Wonderland, numbers are secretly converted into a different numeral system. Some examples are given below:
26 -> XXVI
50 -> L
22 -> XXII
Now, write the number 79 in the Wonderland numeral system.",LXXIX
56672c27,"In Alice's Wonderland, a secret bit manipulation rule transforms 8-bit binary numbers. The transformation involves operations like bit shifts, rotations, XOR, AND, OR, NOT, and possibly majority or choice functions.

Here are some examples of input -> output:
00001011 -> 10111101
01101010 -> 01101101
00101110 -> 01110101
11111101 -> 00011111
01000111 -> 10101110
11010000 -> 11011011
11011000 -> 11011011
10111010 -> 01010111

Now, determine the output for: 01001010",01101101
56693c1b,"In Alice's Wonderland, a secret unit conversion is applied to measurements. For example:
29.65 m becomes 50.00
48.21 m becomes 81.30
8.87 m becomes 14.96
31.95 m becomes 53.88
26.45 m becomes 44.61
Now, convert the following measurement: 46.61 m",78.61
5674eb77,"In Alice's Wonderland, the gravitational constant has been secretly changed. Here are some example observations:
For t = 2.94s, distance = 82.59 m
For t = 1.64s, distance = 25.7 m
For t = 2.03s, distance = 39.37 m
For t = 4.65s, distance = 206.6 m
For t = 2.46s, distance = 57.82 m
Now, determine the falling distance for t = 2.62s given d = 0.5*g*t^2.",65.59
567e3da4,"In Alice's Wonderland, a secret bit manipulation rule transforms 8-bit binary numbers. The transformation involves operations like bit shifts, rotations, XOR, AND, OR, NOT, and possibly majority or choice functions.

Here are some examples of input -> output:
00110001 -> 00010011
00001001 -> 00010000
01010110 -> 01100101
01010001 -> 00010101
01110100 -> 01000111
10100110 -> 01101010
10111000 -> 10001011
01100100 -> 01000110
01011011 -> 00110101

Now, determine the output for: 01001000",10000100
568c01a4,"In Alice's Wonderland, numbers are secretly converted into a different numeral system. Some examples are given below:
49 -> XLIX
33 -> XXXIII
28 -> XXVIII
Now, write the number 46 in the Wonderland numeral system.",XLVI
5690981d,"In Alice's Wonderland, a secret set of transformation rules is applied to equations. Below are a few examples:
$(-<( = -(
`$-(% = ||
!|+($ = |((
&|+&< = `|(
^]*|] = ($&|
Now, determine the result for: (`-&%",-](
569144e0,"In Alice's Wonderland, numbers are secretly converted into a different numeral system. Some examples are given below:
43 -> XLIII
39 -> XXXIX
2 -> II
Now, write the number 62 in the Wonderland numeral system.",LXII
56ac76c6,"In Alice's Wonderland, a secret set of transformation rules is applied to equations. Below are a few examples:
?$+`$ = >^{
/^*/` = /`/^
$`-/\ = $\
&&-!$ = -$\
Now, determine the result for: $^+^`",>&{
56acd7ad,"In Alice's Wonderland, a secret unit conversion is applied to measurements. For example:
44.09 m becomes 47.02
15.79 m becomes 16.84
21.26 m becomes 22.67
34.57 m becomes 36.87
Now, convert the following measurement: 28.31 m",30.19
56b1e037,"In Alice's Wonderland, the gravitational constant has been secretly changed. Here are some example observations:
For t = 1.82s, distance = 12.81 m
For t = 3.34s, distance = 43.15 m
For t = 3.55s, distance = 48.75 m
For t = 4.66s, distance = 84.0 m
For t = 1.22s, distance = 5.76 m
Now, determine the falling distance for t = 1.66s given d = 0.5*g*t^2.",10.66
56c59dfd,"In Alice's Wonderland, a secret set of transformation rules is applied to equations. Below are a few examples:
15+43 = 1543
34-87 = -53
28!85 = 112
14+75 = 1475
94+77 = 9477
Now, determine the result for: 96-74",22
56efc838,"In Alice's Wonderland, a secret set of transformation rules is applied to equations. Below are a few examples:
>}'$( = $\'
()'$( = #|'
>(*?\ = >}#
}(""}) = (#
>&""&( = &||
Now, determine the result for: ()*?}",}$?(
57284f49,"In Alice's Wonderland, numbers are secretly converted into a different numeral system. Some examples are given below:
95 -> XCV
1 -> I
48 -> XLVIII
6 -> VI
Now, write the number 92 in the Wonderland numeral system.",XCII
575b2f5d,"In Alice's Wonderland, a secret unit conversion is applied to measurements. For example:
14.99 m becomes 13.90
36.11 m becomes 33.48
27.01 m becomes 25.04
Now, convert the following measurement: 26.55 m",24.62
575c848f,"In Alice's Wonderland, numbers are secretly converted into a different numeral system. Some examples are given below:
68 -> LXVIII
44 -> XLIV
88 -> LXXXVIII
Now, write the number 98 in the Wonderland numeral system.",XCVIII
5765a947,"In Alice's Wonderland, numbers are secretly converted into a different numeral system. Some examples are given below:
85 -> LXXXV
99 -> XCIX
15 -> XV
71 -> LXXI
Now, write the number 34 in the Wonderland numeral system.",XXXIV
57712d01,"In Alice's Wonderland, a secret set of transformation rules is applied to equations. Below are a few examples:
$'+`` = ""`(
{<*/( = """"/(
!<-`` = -?
{""-'< = -{{
'<+""' = /?
Now, determine the result for: $/-'{",-/<
5791e7c4,"In Alice's Wonderland, a secret bit manipulation rule transforms 8-bit binary numbers. The transformation involves operations like bit shifts, rotations, XOR, AND, OR, NOT, and possibly majority or choice functions.

Here are some examples of input -> output:
00000000 -> 00000000
01100110 -> 00000000
11100010 -> 00000010
10100010 -> 00000010
10111100 -> 00000010
01111001 -> 00000001
10110000 -> 00000010

Now, determine the output for: 01110111",01000001
57c845a6,"In Alice's Wonderland, a secret set of transformation rules is applied to equations. Below are a few examples:
@?[&> = |&
>][`? = `%\
:?'@| = ?:@]
`%'`% = `%%
?>-@> = &%
Now, determine the result for: >>-@`",]|
57e45624,"In Alice's Wonderland, numbers are secretly converted into a different numeral system. Some examples are given below:
12 -> XII
45 -> XLV
97 -> XCVII
67 -> LXVII
2 -> II
Now, write the number 5 in the Wonderland numeral system.",V
57f6878e,"In Alice's Wonderland, a secret set of transformation rules is applied to equations. Below are a few examples:
/%<@{ = %(
$@&^) = /$
{@&|/ = @$
$:<:@ = ()
%:&@@ = /|&
Now, determine the result for: |@<:(",%{{
5824f8f0,"In Alice's Wonderland, numbers are secretly converted into a different numeral system. Some examples are given below:
3 -> III
29 -> XXIX
79 -> LXXIX
Now, write the number 43 in the Wonderland numeral system.",XLIII
58608a50,"In Alice's Wonderland, the gravitational constant has been secretly changed. Here are some example observations:
For t = 4.74s, distance = 101.0 m
For t = 1.69s, distance = 12.84 m
For t = 4.31s, distance = 83.5 m
For t = 2.37s, distance = 25.25 m
Now, determine the falling distance for t = 2.18s given d = 0.5*g*t^2.",21.36
588a4ce8,"In Alice's Wonderland, numbers are secretly converted into a different numeral system. Some examples are given below:
95 -> XCV
56 -> LVI
78 -> LXXVIII
71 -> LXXI
89 -> LXXXIX
Now, write the number 97 in the Wonderland numeral system.",XCVII
58c099d2,"In Alice's Wonderland, a secret set of transformation rules is applied to equations. Below are a few examples:
`|+\& = &]
`]+|^ = &|
#&-]& = -)!
Now, determine the result for: ^!-#\",-)\
58dc4bc1,"In Alice's Wonderland, a secret bit manipulation rule transforms 8-bit binary numbers. The transformation involves operations like bit shifts, rotations, XOR, AND, OR, NOT, and possibly majority or choice functions.

Here are some examples of input -> output:
01001111 -> 00011110
10101101 -> 00001011
10000001 -> 00000011
01110001 -> 11110010
11001001 -> 00010011
00111010 -> 01010100
01001000 -> 00010000

Now, determine the output for: 11111011",01110111
58e63752,"In Alice's Wonderland, the gravitational constant has been secretly changed. Here are some example observations:
For t = 1.23s, distance = 6.15 m
For t = 3.86s, distance = 60.59 m
For t = 2.9s, distance = 34.2 m
Now, determine the falling distance for t = 2.97s given d = 0.5*g*t^2.",35.87
58eadc55,"In Alice's Wonderland, a secret set of transformation rules is applied to equations. Below are a few examples:
)`]\@ = )!$@
\#|@# = )@`
#{|`! = )!!
Now, determine the result for: @@|@`",!#
58fed63a,"In Alice's Wonderland, a secret set of transformation rules is applied to equations. Below are a few examples:
68*91 = 9168
06-65 = 4
86-72 = 41
Now, determine the result for: 11-39",5
58ff34ce,"In Alice's Wonderland, a secret unit conversion is applied to measurements. For example:
40.09 m becomes 76.46
11.59 m becomes 22.11
40.66 m becomes 77.55
21.43 m becomes 40.87
5.1 m becomes 9.73
Now, convert the following measurement: 45.51 m",86.80
5902a5f8,"In Alice's Wonderland, the gravitational constant has been secretly changed. Here are some example observations:
For t = 2.61s, distance = 66.52 m
For t = 2.4s, distance = 56.25 m
For t = 3.42s, distance = 114.22 m
For t = 2.65s, distance = 68.57 m
For t = 4.27s, distance = 178.04 m
Now, determine the falling distance for t = 3.31s given d = 0.5*g*t^2.",106.99
592107c3,"In Alice's Wonderland, a secret set of transformation rules is applied to equations. Below are a few examples:
70<36 = 2520
21+95 = 2195
69<15 = 1035
Now, determine the result for: 75/62",/13
59231084,"In Alice's Wonderland, the gravitational constant has been secretly changed. Here are some example observations:
For t = 2.6s, distance = 58.0 m
For t = 2.69s, distance = 62.08 m
For t = 1.4s, distance = 16.82 m
Now, determine the falling distance for t = 1.91s given d = 0.5*g*t^2.",31.3
59298dec,"In Alice's Wonderland, a secret unit conversion is applied to measurements. For example:
11.08 m becomes 10.18
25.78 m becomes 23.67
14.81 m becomes 13.60
Now, convert the following measurement: 42.79 m",39.30
5940e438,"In Alice's Wonderland, numbers are secretly converted into a different numeral system. Some examples are given below:
95 -> XCV
1 -> I
82 -> LXXXII
78 -> LXXVIII
Now, write the number 31 in the Wonderland numeral system.",XXXI
5968bf6c,"In Alice's Wonderland, a secret set of transformation rules is applied to equations. Below are a few examples:
:(*\| = \^}/
\/+\"" = &}
&}-:| = (:
""""+&^ = |""
!\*&| = &""&""
Now, determine the result for: (!*:""","(""/^"
59733f94,"In Alice's Wonderland, a secret set of transformation rules is applied to equations. Below are a few examples:
>#*{^ = {?#$
[?-^# = -#[
:>-/$ = -}>
[>*#[ = #$/
$[-#^ = ->#
Now, determine the result for: $/->/",/
5980dc48,"In Alice's Wonderland, a secret unit conversion is applied to measurements. For example:
34.61 m becomes 49.01
34.78 m becomes 49.25
16.11 m becomes 22.81
Now, convert the following measurement: 27.97 m",39.61
598af975,"In Alice's Wonderland, a secret unit conversion is applied to measurements. For example:
32.95 m becomes 32.68
32.78 m becomes 32.51
42.57 m becomes 42.22
25.63 m becomes 25.42
32.32 m becomes 32.05
Now, convert the following measurement: 25.59 m",25.38
5998ac05,"In Alice's Wonderland, a secret set of transformation rules is applied to equations. Below are a few examples:
]@}]< = [\:$
]:/\\ = @?
:\/:! = \($
[?}(! = \$@(
([}]\ = \(\[
Now, determine the result for: ]<""@:","""<"
599d3d6a,"In Alice's Wonderland, a secret unit conversion is applied to measurements. For example:
32.3 m becomes 53.74
13.88 m becomes 23.10
23.9 m becomes 39.77
14.54 m becomes 24.19
Now, convert the following measurement: 30.47 m",50.70
599e922a,"In Alice's Wonderland, a secret set of transformation rules is applied to equations. Below are a few examples:
$>+@? = #@
>'*@< = >'@<
<'*$> = <'$>
Now, determine the result for: @<+:{",>@
599f7c4f,"In Alice's Wonderland, numbers are secretly converted into a different numeral system. Some examples are given below:
58 -> LVIII
72 -> LXXII
69 -> LXIX
64 -> LXIV
31 -> XXXI
Now, write the number 45 in the Wonderland numeral system.",XLV
59aa67c2,"In Alice's Wonderland, the gravitational constant has been secretly changed. Here are some example observations:
For t = 4.89s, distance = 121.31 m
For t = 4.19s, distance = 89.06 m
For t = 2.13s, distance = 23.02 m
Now, determine the falling distance for t = 4.14s given d = 0.5*g*t^2.",86.95
59b42cc4,"In Alice's Wonderland, a secret unit conversion is applied to measurements. For example:
12.96 m becomes 22.86
33.7 m becomes 59.45
49.91 m becomes 88.04
41.69 m becomes 73.54
Now, convert the following measurement: 46.06 m",81.25
59e94547,"In Alice's Wonderland, a secret unit conversion is applied to measurements. For example:
11.56 m becomes 14.28
44.9 m becomes 55.46
29.07 m becomes 35.91
22.0 m becomes 27.18
Now, convert the following measurement: 22.08 m",27.28
59ee7180,"In Alice's Wonderland, the gravitational constant has been secretly changed. Here are some example observations:
For t = 3.39s, distance = 28.77 m
For t = 1.16s, distance = 3.37 m
For t = 4.26s, distance = 45.43 m
Now, determine the falling distance for t = 1.7s given d = 0.5*g*t^2.",7.23
59ee8d92,"In Alice's Wonderland, numbers are secretly converted into a different numeral system. Some examples are given below:
98 -> XCVIII
67 -> LXVII
30 -> XXX
Now, write the number 2 in the Wonderland numeral system.",II
5a0a10b9,"In Alice's Wonderland, a secret unit conversion is applied to measurements. For example:
17.23 m becomes 17.31
45.34 m becomes 45.56
38.28 m becomes 38.46
47.09 m becomes 47.32
46.61 m becomes 46.83
Now, convert the following measurement: 13.86 m",13.93
5a0d5d2a,"In Alice's Wonderland, a secret set of transformation rules is applied to equations. Below are a few examples:
27-65 = 61
47*42 = 7771
81-09 = -27
Now, determine the result for: 39+94",341
5a0d95e2,"In Alice's Wonderland, a secret set of transformation rules is applied to equations. Below are a few examples:
{{-(( = &&
((-## = -{{
[@+|& = [@|&
|)*[{ = /&""[
[#+#"" = [##""
Now, determine the result for: {@*|{",/(#)
5a1179ee,"In Alice's Wonderland, a secret bit manipulation rule transforms 8-bit binary numbers. The transformation involves operations like bit shifts, rotations, XOR, AND, OR, NOT, and possibly majority or choice functions.

Here are some examples of input -> output:
00000011 -> 10000000
11111010 -> 00000111
00110011 -> 10000001
11111110 -> 00000111
11000011 -> 10000110
01110110 -> 00000011
00011100 -> 00000000
00110010 -> 00000001

Now, determine the output for: 10111001",10000101
5a35e698,"In Alice's Wonderland, a secret set of transformation rules is applied to equations. Below are a few examples:
}(-}( = ^
?\+\? = [|""
(|+%^ = [""(
}^*|[ = [?}^
[\*%) = [(|""
Now, determine the result for: \\+%|",[\)
5a3eaf6f,"In Alice's Wonderland, a secret set of transformation rules is applied to equations. Below are a few examples:
\^)^^ = )${
\^)\' = )$
(?<}? = }""(?
#}%\( = $""?
^"")\? = )?
Now, determine the result for: (?<\""","\{}"""
5a6dd286,"In Alice's Wonderland, a secret bit manipulation rule transforms 8-bit binary numbers. The transformation involves operations like bit shifts, rotations, XOR, AND, OR, NOT, and possibly majority or choice functions.

Here are some examples of input -> output:
11101100 -> 11111111
11101110 -> 11111111
00001000 -> 01010000
01011111 -> 11111110
00000000 -> 00000000
00111110 -> 11111101
11111011 -> 11111111
11101000 -> 11010111
00101101 -> 01111011

Now, determine the output for: 10010110",10111100
5a752e51,"In Alice's Wonderland, numbers are secretly converted into a different numeral system. Some examples are given below:
91 -> XCI
13 -> XIII
72 -> LXXII
Now, write the number 37 in the Wonderland numeral system.",XXXVII
5a9fcf68,"In Alice's Wonderland, a secret set of transformation rules is applied to equations. Below are a few examples:
36?55 = 8?
97?14 = 83?
23?74 = 51?
Now, determine the result for: 24@28",4443
5ad26838,"In Alice's Wonderland, a secret set of transformation rules is applied to equations. Below are a few examples:
/|*`: = `|/(
`(-(/ = -{
:|*]( = >`:(
:`*:` = {/>$
Now, determine the result for: /|-/{",-{
5ae2d160,"In Alice's Wonderland, a secret unit conversion is applied to measurements. For example:
40.24 m becomes 71.51
36.54 m becomes 64.94
46.44 m becomes 82.53
16.04 m becomes 28.50
13.12 m becomes 23.32
Now, convert the following measurement: 11.99 m",21.31
5b055587,"In Alice's Wonderland, numbers are secretly converted into a different numeral system. Some examples are given below:
2 -> II
35 -> XXXV
98 -> XCVIII
91 -> XCI
Now, write the number 38 in the Wonderland numeral system.",XXXVIII
5b2523e6,"In Alice's Wonderland, a secret set of transformation rules is applied to equations. Below are a few examples:
?>+') = :<
!&*$< = &'\:
&\+\& = ><
?$+:! = ><
Now, determine the result for: ><-\$",&&
5b3f9342,"In Alice's Wonderland, numbers are secretly converted into a different numeral system. Some examples are given below:
76 -> LXXVI
63 -> LXIII
32 -> XXXII
Now, write the number 73 in the Wonderland numeral system.",LXXIII
5b673564,"In Alice's Wonderland, a secret set of transformation rules is applied to equations. Below are a few examples:
$?'?[ = \[?
]}':"" = \""]
\%/]] = \:
$}`\$ = ""\$
}%`$\ = \:[%
Now, determine the result for: ?)/%}",]
5b779397,"In Alice's Wonderland, numbers are secretly converted into a different numeral system. Some examples are given below:
28 -> XXVIII
35 -> XXXV
22 -> XXII
38 -> XXXVIII
49 -> XLIX
Now, write the number 20 in the Wonderland numeral system.",XX
5ba26f21,"In Alice's Wonderland, a secret bit manipulation rule transforms 8-bit binary numbers. The transformation involves operations like bit shifts, rotations, XOR, AND, OR, NOT, and possibly majority or choice functions.

Here are some examples of input -> output:
00110011 -> 00010001
01010011 -> 00110001
00001101 -> 11000010
10000010 -> 00101000
01011101 -> 01101111
11000010 -> 00101000
01010100 -> 01101101
10110010 -> 01001011

Now, determine the output for: 11101001",01011100
5bcb572e,"In Alice's Wonderland, a secret set of transformation rules is applied to equations. Below are a few examples:
)!*]( = /{!!
""(+""{ = ){{
])-([ = ({
Now, determine the result for: ""{-{!",-!#
5be1e8e0,"In Alice's Wonderland, numbers are secretly converted into a different numeral system. Some examples are given below:
88 -> LXXXVIII
83 -> LXXXIII
75 -> LXXV
86 -> LXXXVI
Now, write the number 7 in the Wonderland numeral system.",VII
5be6a3c1,"In Alice's Wonderland, a secret set of transformation rules is applied to equations. Below are a few examples:
@:!?& = @:?&
&[{?} = '@&[
@[*@[ = %
[@{?} = ':[@
Now, determine the result for: [:{}@",}}?)
5bf1cf73,"In Alice's Wonderland, numbers are secretly converted into a different numeral system. Some examples are given below:
8 -> VIII
77 -> LXXVII
88 -> LXXXVIII
Now, write the number 52 in the Wonderland numeral system.",LII
5c2ef0ae,"In Alice's Wonderland, a secret set of transformation rules is applied to equations. Below are a few examples:
]#*`( = *?(
(&<]@ = ']
`(^@` = `#/\
/@^`( = '&@`
Now, determine the result for: /&*\?",'@
5c33b53a,"In Alice's Wonderland, a secret unit conversion is applied to measurements. For example:
17.21 m becomes 12.62
27.92 m becomes 20.48
24.93 m becomes 18.28
49.05 m becomes 35.97
Now, convert the following measurement: 38.34 m",28.12
5c66563b,"In Alice's Wonderland, the gravitational constant has been secretly changed. Here are some example observations:
For t = 3.97s, distance = 143.17 m
For t = 4.11s, distance = 153.45 m
For t = 1.57s, distance = 22.39 m
Now, determine the falling distance for t = 2.88s given d = 0.5*g*t^2.",75.35
5c7d8aed,"In Alice's Wonderland, the gravitational constant has been secretly changed. Here are some example observations:
For t = 2.88s, distance = 65.07 m
For t = 3.9s, distance = 119.32 m
For t = 4.07s, distance = 129.94 m
For t = 1.18s, distance = 10.92 m
For t = 1.91s, distance = 28.62 m
Now, determine the falling distance for t = 1.95s given d = 0.5*g*t^2.",29.83
5c815d2c,"In Alice's Wonderland, numbers are secretly converted into a different numeral system. Some examples are given below:
21 -> XXI
55 -> LV
66 -> LXVI
Now, write the number 92 in the Wonderland numeral system.",XCII
5c919729,"In Alice's Wonderland, numbers are secretly converted into a different numeral system. Some examples are given below:
75 -> LXXV
50 -> L
40 -> XL
7 -> VII
Now, write the number 90 in the Wonderland numeral system.",XC
5c9f274a,"In Alice's Wonderland, a secret set of transformation rules is applied to equations. Below are a few examples:
:>+<[ = '}
:?*!' = {!:'
:}-'` = >:
Now, determine the result for: }:*?:",:[``
5ca7d798,"In Alice's Wonderland, numbers are secretly converted into a different numeral system. Some examples are given below:
94 -> XCIV
81 -> LXXXI
63 -> LXIII
3 -> III
Now, write the number 56 in the Wonderland numeral system.",LVI
5cdfde62,"In Alice's Wonderland, numbers are secretly converted into a different numeral system. Some examples are given below:
40 -> XL
29 -> XXIX
87 -> LXXXVII
23 -> XXIII
Now, write the number 24 in the Wonderland numeral system.",XXIV
5ce7c6b4,"In Alice's Wonderland, a secret set of transformation rules is applied to equations. Below are a few examples:
\{@^> = '&^
[&:[{ = ^'`{
^^|\\ = |&&
<>@`' = '{>
Now, determine the result for: \\@>>",'>&
5d055504,"In Alice's Wonderland, a secret set of transformation rules is applied to equations. Below are a few examples:
51>09 = 0531
94>17 = 9743
41>57 = 0501
Now, determine the result for: 76!23",99
5d20cef7,"In Alice's Wonderland, numbers are secretly converted into a different numeral system. Some examples are given below:
99 -> XCIX
95 -> XCV
64 -> LXIV
42 -> XLII
Now, write the number 25 in the Wonderland numeral system.",XXV
5d35ee2e,"In Alice's Wonderland, a secret set of transformation rules is applied to equations. Below are a few examples:
&)*"") = &)"")
}/-"") = -\{
)}-}& = -[/
[[-&: = -\/
Now, determine the result for: [&+[[",&/{
5d4ae892,"In Alice's Wonderland, numbers are secretly converted into a different numeral system. Some examples are given below:
22 -> XXII
75 -> LXXV
49 -> XLIX
Now, write the number 52 in the Wonderland numeral system.",LII
5d4da508,"In Alice's Wonderland, numbers are secretly converted into a different numeral system. Some examples are given below:
35 -> XXXV
72 -> LXXII
39 -> XXXIX
Now, write the number 12 in the Wonderland numeral system.",XII
5d501023,"In Alice's Wonderland, numbers are secretly converted into a different numeral system. Some examples are given below:
40 -> XL
62 -> LXII
47 -> XLVII
Now, write the number 96 in the Wonderland numeral system.",XCVI
5d786524,"In Alice's Wonderland, a secret set of transformation rules is applied to equations. Below are a few examples:
/:-(' = -([
[`+(% = /(
:?*?[ = (:?`
Now, determine the result for: [@*`%",[{%'
5d8cf665,"In Alice's Wonderland, numbers are secretly converted into a different numeral system. Some examples are given below:
68 -> LXVIII
91 -> XCI
77 -> LXXVII
51 -> LI
Now, write the number 51 in the Wonderland numeral system.",LI
5d8dddf0,"In Alice's Wonderland, numbers are secretly converted into a different numeral system. Some examples are given below:
23 -> XXIII
88 -> LXXXVIII
1 -> I
Now, write the number 50 in the Wonderland numeral system.",L
5dab4d83,"In Alice's Wonderland, a secret unit conversion is applied to measurements. For example:
26.29 m becomes 46.37
16.52 m becomes 29.14
39.29 m becomes 69.29
42.02 m becomes 74.11
Now, convert the following measurement: 28.69 m",50.60
5dadd7e7,"In Alice's Wonderland, numbers are secretly converted into a different numeral system. Some examples are given below:
38 -> XXXVIII
77 -> LXXVII
15 -> XV
Now, write the number 87 in the Wonderland numeral system.",LXXXVII
5db3cc44,"In Alice's Wonderland, numbers are secretly converted into a different numeral system. Some examples are given below:
78 -> LXXVIII
30 -> XXX
25 -> XXV
42 -> XLII
49 -> XLIX
Now, write the number 26 in the Wonderland numeral system.",XXVI
5e0c542f,"In Alice's Wonderland, a secret set of transformation rules is applied to equations. Below are a few examples:
^([?' = }:}
/?['^ = }@}
/?{?/ = <@!:
:![^@ = /!
Now, determine the result for: }:#}(",/
5e2581b6,"In Alice's Wonderland, a secret set of transformation rules is applied to equations. Below are a few examples:
[%->? = -(%
['*>] = @#?\
'[*\[ = \%%(
%?+'' = ['
Now, determine the result for: '\+\[",]#
5e286999,"In Alice's Wonderland, a secret unit conversion is applied to measurements. For example:
10.32 m becomes 15.55
13.28 m becomes 20.01
10.36 m becomes 15.61
39.5 m becomes 59.50
Now, convert the following measurement: 11.72 m",17.66
5e4393fc,"In Alice's Wonderland, a secret set of transformation rules is applied to equations. Below are a few examples:
::^>$ = ^|:
:&<\/ = #\
/?[$\ = #//$
Now, determine the result for: :|[\""","?"">"""
5e4d1f32,"In Alice's Wonderland, numbers are secretly converted into a different numeral system. Some examples are given below:
30 -> XXX
11 -> XI
9 -> IX
61 -> LXI
8 -> VIII
Now, write the number 24 in the Wonderland numeral system.",XXIV
5e502d98,"In Alice's Wonderland, a secret unit conversion is applied to measurements. For example:
8.4 m becomes 5.60
22.55 m becomes 15.05
41.21 m becomes 27.50
17.82 m becomes 11.89
Now, convert the following measurement: 12.46 m",8.31
5e5182f0,"In Alice's Wonderland, a secret unit conversion is applied to measurements. For example:
24.14 m becomes 17.06
41.5 m becomes 29.33
37.09 m becomes 26.21
40.91 m becomes 28.91
Now, convert the following measurement: 14.33 m",10.13
5e710448,"In Alice's Wonderland, a secret unit conversion is applied to measurements. For example:
5.27 m becomes 5.65
44.14 m becomes 47.33
8.15 m becomes 8.74
13.66 m becomes 14.65
33.55 m becomes 35.97
Now, convert the following measurement: 13.26 m",14.22
5e75615e,"In Alice's Wonderland, a secret unit conversion is applied to measurements. For example:
35.57 m becomes 51.90
25.94 m becomes 37.85
37.86 m becomes 55.24
23.76 m becomes 34.67
Now, convert the following measurement: 10.92 m",15.93
5e95a417,"In Alice's Wonderland, a secret set of transformation rules is applied to equations. Below are a few examples:
||:]? = ]$?&
|?<{| = (|
?(`&/ = ]]{
Now, determine the result for: $]:]$",](>?
5e989cc5,"In Alice's Wonderland, a secret set of transformation rules is applied to equations. Below are a few examples:
/{-:$ = -<
:^*): = {))^
:$*/< = :${$
Now, determine the result for: >{+$^",$$
5ea6d59c,"In Alice's Wonderland, the gravitational constant has been secretly changed. Here are some example observations:
For t = 1.05s, distance = 10.69 m
For t = 2.75s, distance = 73.31 m
For t = 3.92s, distance = 148.97 m
Now, determine the falling distance for t = 1.17s given d = 0.5*g*t^2.",13.27
5ec07eeb,"In Alice's Wonderland, the gravitational constant has been secretly changed. Here are some example observations:
For t = 4.61s, distance = 53.81 m
For t = 2.41s, distance = 14.71 m
For t = 3.66s, distance = 33.92 m
For t = 1.22s, distance = 3.77 m
For t = 1.18s, distance = 3.53 m
Now, determine the falling distance for t = 2.75s given d = 0.5*g*t^2.",19.15
5ee3b148,"In Alice's Wonderland, the gravitational constant has been secretly changed. Here are some example observations:
For t = 3.27s, distance = 78.74 m
For t = 4.0s, distance = 117.83 m
For t = 3.99s, distance = 117.24 m
For t = 2.41s, distance = 42.77 m
Now, determine the falling distance for t = 4.61s given d = 0.5*g*t^2.",156.51
5ee5d302,"In Alice's Wonderland, the gravitational constant has been secretly changed. Here are some example observations:
For t = 3.31s, distance = 75.94 m
For t = 4.55s, distance = 143.5 m
For t = 1.09s, distance = 8.24 m
For t = 4.18s, distance = 121.11 m
Now, determine the falling distance for t = 4.78s given d = 0.5*g*t^2.",158.38
5ef0cc1c,"In Alice's Wonderland, the gravitational constant has been secretly changed. Here are some example observations:
For t = 4.01s, distance = 108.75 m
For t = 4.02s, distance = 109.29 m
For t = 3.48s, distance = 81.9 m
Now, determine the falling distance for t = 3.88s given d = 0.5*g*t^2.",101.81
5f06f595,"In Alice's Wonderland, the gravitational constant has been secretly changed. Here are some example observations:
For t = 2.17s, distance = 19.58 m
For t = 4.72s, distance = 92.63 m
For t = 4.96s, distance = 102.29 m
Now, determine the falling distance for t = 1.37s given d = 0.5*g*t^2.",7.8
5f4b89b7,"In Alice's Wonderland, a secret set of transformation rules is applied to equations. Below are a few examples:
'>-&$ = $$
(\-(> = /
(|*'# = |(''
>>*>/ = '\'
Now, determine the result for: ']->$",>\
5f5227b5,"In Alice's Wonderland, a secret set of transformation rules is applied to equations. Below are a few examples:
53^32 = 608
02%69 = 611
64%86 = 411
81%56 = 38
Now, determine the result for: 06@52",53@
5f5803c5,"In Alice's Wonderland, the gravitational constant has been secretly changed. Here are some example observations:
For t = 3.16s, distance = 54.58 m
For t = 1.37s, distance = 10.26 m
For t = 3.87s, distance = 81.87 m
For t = 3.19s, distance = 55.63 m
Now, determine the falling distance for t = 3.65s given d = 0.5*g*t^2.",72.82
5f6798e1,"In Alice's Wonderland, a secret set of transformation rules is applied to equations. Below are a few examples:
04-49 = -45
21-74 = -53
83*05 = 0583
Now, determine the result for: 06-71",34
5f6b6ea3,"In Alice's Wonderland, a secret set of transformation rules is applied to equations. Below are a few examples:
34+19 = 3193
55+45 = 0792
63+52 = 009
Now, determine the result for: 51(63",6
5f9f0ed7,"In Alice's Wonderland, a secret set of transformation rules is applied to equations. Below are a few examples:
@/*`/ = }`]`
@]+}/ = }|
/]-[| = ->>
}!*@` = }`@]
[>*[] = @`!}
Now, determine the result for: |!*@[",}/!}
5fcd7fe4,"In Alice's Wonderland, numbers are secretly converted into a different numeral system. Some examples are given below:
86 -> LXXXVI
65 -> LXV
81 -> LXXXI
96 -> XCVI
73 -> LXXIII
Now, write the number 98 in the Wonderland numeral system.",XCVIII
5ff76302,"In Alice's Wonderland, a secret unit conversion is applied to measurements. For example:
14.75 m becomes 28.50
29.05 m becomes 56.13
20.18 m becomes 38.99
18.89 m becomes 36.50
12.54 m becomes 24.23
Now, convert the following measurement: 39.32 m",75.97
600922ca,"In Alice's Wonderland, numbers are secretly converted into a different numeral system. Some examples are given below:
97 -> XCVII
76 -> LXXVI
17 -> XVII
34 -> XXXIV
Now, write the number 99 in the Wonderland numeral system.",XCIX
603ad93b,"In Alice's Wonderland, a secret set of transformation rules is applied to equations. Below are a few examples:
38+05 = 231
17-64 = 52
97+37 = 151
65-29 = -63
83+43 = 17
Now, determine the result for: 32*05",9411
6046d372,"In Alice's Wonderland, a secret set of transformation rules is applied to equations. Below are a few examples:
|(+|[ = `|`
`[-)$ = [`
`""-\"" = -/
/""-/` = &(
Now, determine the result for: )|-[\",[/
60681fa4,"In Alice's Wonderland, a secret unit conversion is applied to measurements. For example:
43.52 m becomes 68.38
43.75 m becomes 68.75
12.42 m becomes 19.52
Now, convert the following measurement: 27.55 m",43.29
606b92c0,"In Alice's Wonderland, the gravitational constant has been secretly changed. Here are some example observations:
For t = 4.66s, distance = 164.88 m
For t = 2.57s, distance = 50.15 m
For t = 1.43s, distance = 15.53 m
Now, determine the falling distance for t = 4.3s given d = 0.5*g*t^2.",140.39
606fd14d,"In Alice's Wonderland, numbers are secretly converted into a different numeral system. Some examples are given below:
14 -> XIV
56 -> LVI
51 -> LI
46 -> XLVI
86 -> LXXXVI
Now, write the number 7 in the Wonderland numeral system.",VII
607c2f7b,"In Alice's Wonderland, numbers are secretly converted into a different numeral system. Some examples are given below:
34 -> XXXIV
72 -> LXXII
34 -> XXXIV
83 -> LXXXIII
Now, write the number 53 in the Wonderland numeral system.",LIII
608f45d3,"In Alice's Wonderland, numbers are secretly converted into a different numeral system. Some examples are given below:
97 -> XCVII
6 -> VI
80 -> LXXX
Now, write the number 9 in the Wonderland numeral system.",IX
609c49bc,"In Alice's Wonderland, a secret bit manipulation rule transforms 8-bit binary numbers. The transformation involves operations like bit shifts, rotations, XOR, AND, OR, NOT, and possibly majority or choice functions.

Here are some examples of input -> output:
00111101 -> 10101111
11000111 -> 00111000
10110010 -> 00010100
10110011 -> 00111100
01101100 -> 00001001
10010001 -> 00100000
10010000 -> 00000000

Now, determine the output for: 10101001",00101000
60a08b82,"In Alice's Wonderland, numbers are secretly converted into a different numeral system. Some examples are given below:
81 -> LXXXI
78 -> LXXVIII
31 -> XXXI
Now, write the number 16 in the Wonderland numeral system.",XVI
60be7db6,"In Alice's Wonderland, the gravitational constant has been secretly changed. Here are some example observations:
For t = 3.04s, distance = 88.94 m
For t = 4.64s, distance = 207.19 m
For t = 4.64s, distance = 207.19 m
For t = 3.33s, distance = 106.71 m
Now, determine the falling distance for t = 3.64s given d = 0.5*g*t^2.",127.51
60d19850,"In Alice's Wonderland, the gravitational constant has been secretly changed. Here are some example observations:
For t = 4.88s, distance = 182.66 m
For t = 1.93s, distance = 28.57 m
For t = 1.76s, distance = 23.76 m
Now, determine the falling distance for t = 2.74s given d = 0.5*g*t^2.",57.58
60d928d0,"In Alice's Wonderland, a secret set of transformation rules is applied to equations. Below are a few examples:
[%-}"" = [[[""
""""-#"" = }<@
<""-[% = <^^'
""[-^% = }''[
Now, determine the result for: }^$%?",@}'
60f55291,"In Alice's Wonderland, a secret set of transformation rules is applied to equations. Below are a few examples:
|""-!{ = ?]
{!*{| = ]!]]
""!*\[ = \[]/
/:-{: = |!""
Now, determine the result for: |/*/!",/\|?
60fba75b,"In Alice's Wonderland, the gravitational constant has been secretly changed. Here are some example observations:
For t = 1.2s, distance = 11.77 m
For t = 2.54s, distance = 52.73 m
For t = 4.94s, distance = 199.46 m
Now, determine the falling distance for t = 2.74s given d = 0.5*g*t^2.",61.36
610bf536,"In Alice's Wonderland, a secret set of transformation rules is applied to equations. Below are a few examples:
\^+|| = &|)
^\+&# = ""&
&}-&& = &
^%+\@ = &@\
|%+\@ = &^\
Now, determine the result for: #}-#^",^
612a2966,"In Alice's Wonderland, numbers are secretly converted into a different numeral system. Some examples are given below:
30 -> XXX
31 -> XXXI
75 -> LXXV
Now, write the number 54 in the Wonderland numeral system.",LIV
613cbfc1,"In Alice's Wonderland, a secret unit conversion is applied to measurements. For example:
32.71 m becomes 65.18
24.65 m becomes 49.12
36.9 m becomes 73.53
Now, convert the following measurement: 38.06 m",75.84
61557701,"In Alice's Wonderland, a secret set of transformation rules is applied to equations. Below are a few examples:
((+|: = ::
$'+&| = ((&
'}+'& = ):
($-{| = -'""
Now, determine the result for: '{+{)",|&
615a02e6,"In Alice's Wonderland, a secret bit manipulation rule transforms 8-bit binary numbers. The transformation involves operations like bit shifts, rotations, XOR, AND, OR, NOT, and possibly majority or choice functions.

Here are some examples of input -> output:
00111110 -> 00000111
11010010 -> 00101001
11101001 -> 01010100
10111100 -> 00011110
00000001 -> 10000000
00111111 -> 00000111
10000000 -> 01000000
00011100 -> 00001110
00011001 -> 10001000

Now, determine the output for: 01100000",00110000
61620766,"In Alice's Wonderland, numbers are secretly converted into a different numeral system. Some examples are given below:
44 -> XLIV
72 -> LXXII
76 -> LXXVI
16 -> XVI
27 -> XXVII
Now, write the number 53 in the Wonderland numeral system.",LIII
616299f2,"In Alice's Wonderland, a secret unit conversion is applied to measurements. For example:
11.21 m becomes 5.83
45.53 m becomes 23.69
32.93 m becomes 17.13
17.9 m becomes 9.31
Now, convert the following measurement: 26.51 m",13.79
6183bab7,"In Alice's Wonderland, a secret set of transformation rules is applied to equations. Below are a few examples:
/^+^[ = :/%
^]-/] = []
/^+""@ = [/
Now, determine the result for: ""{-:/",@@
61cd9581,"In Alice's Wonderland, a secret unit conversion is applied to measurements. For example:
33.34 m becomes 50.85
10.74 m becomes 16.38
35.27 m becomes 53.79
Now, convert the following measurement: 26.78 m",40.84
61ea9f30,"In Alice's Wonderland, numbers are secretly converted into a different numeral system. Some examples are given below:
34 -> XXXIV
88 -> LXXXVIII
78 -> LXXVIII
8 -> VIII
Now, write the number 65 in the Wonderland numeral system.",LXV
6211adb2,"In Alice's Wonderland, a secret unit conversion is applied to measurements. For example:
7.22 m becomes 12.66
43.01 m becomes 75.39
12.98 m becomes 22.75
39.56 m becomes 69.35
Now, convert the following measurement: 17.27 m",30.27
621f3d90,"In Alice's Wonderland, numbers are secretly converted into a different numeral system. Some examples are given below:
30 -> XXX
15 -> XV
63 -> LXIII
63 -> LXIII
Now, write the number 41 in the Wonderland numeral system.",XLI
625b7e5d,"In Alice's Wonderland, the gravitational constant has been secretly changed. Here are some example observations:
For t = 1.96s, distance = 20.17 m
For t = 2.42s, distance = 30.75 m
For t = 4.06s, distance = 86.56 m
For t = 2.89s, distance = 43.86 m
For t = 2.9s, distance = 44.16 m
Now, determine the falling distance for t = 4.7s given d = 0.5*g*t^2.",116.0
626ef8c1,"In Alice's Wonderland, a secret unit conversion is applied to measurements. For example:
20.1 m becomes 19.72
46.15 m becomes 45.28
23.11 m becomes 22.67
7.3 m becomes 7.16
Now, convert the following measurement: 6.46 m",6.34
62896e95,"In Alice's Wonderland, a secret set of transformation rules is applied to equations. Below are a few examples:
}&*]] = #>#
&><]] = [%
""}*[# = }%
||<""> = %|
]|<&& = <[/
Now, determine the result for: &&`}/",]]%&
6296c317,"In Alice's Wonderland, a secret set of transformation rules is applied to equations. Below are a few examples:
@>:@@ = :<
[>:[\ = #
]"":"""" = :#{
\>}>"" = #{[
@[}|< = #"">
Now, determine the result for: ##:[\",:#<
62bbb19e,"In Alice's Wonderland, numbers are secretly converted into a different numeral system. Some examples are given below:
68 -> LXVIII
81 -> LXXXI
75 -> LXXV
Now, write the number 84 in the Wonderland numeral system.",LXXXIV
62def62f,"In Alice's Wonderland, the gravitational constant has been secretly changed. Here are some example observations:
For t = 4.33s, distance = 118.95 m
For t = 3.89s, distance = 96.0 m
For t = 4.96s, distance = 156.08 m
For t = 2.19s, distance = 30.43 m
For t = 4.33s, distance = 118.95 m
Now, determine the falling distance for t = 2.77s given d = 0.5*g*t^2.",48.68
62fc7798,"In Alice's Wonderland, a secret set of transformation rules is applied to equations. Below are a few examples:
>(+`& = }`
>>+}? = `]:
''+#} = '::
``+#' = `(:
Now, determine the result for: ((-&}",}&
634ebedf,"In Alice's Wonderland, the gravitational constant has been secretly changed. Here are some example observations:
For t = 2.68s, distance = 28.66 m
For t = 1.07s, distance = 4.57 m
For t = 1.2s, distance = 5.75 m
For t = 2.25s, distance = 20.2 m
For t = 1.12s, distance = 5.0 m
Now, determine the falling distance for t = 3.69s given d = 0.5*g*t^2.",54.32
63588047,"In Alice's Wonderland, the gravitational constant has been secretly changed. Here are some example observations:
For t = 1.61s, distance = 8.6 m
For t = 1.28s, distance = 5.44 m
For t = 3.22s, distance = 34.42 m
Now, determine the falling distance for t = 4.71s given d = 0.5*g*t^2.",73.63
635eb65b,"In Alice's Wonderland, numbers are secretly converted into a different numeral system. Some examples are given below:
73 -> LXXIII
1 -> I
29 -> XXIX
51 -> LI
Now, write the number 79 in the Wonderland numeral system.",LXXIX
63603ee7,"In Alice's Wonderland, a secret set of transformation rules is applied to equations. Below are a few examples:
$`+`: = $``:
&""-&[ = `
""$*^: = `""`&
Now, determine the result for: ^[-[^",-$
6385674a,"In Alice's Wonderland, a secret set of transformation rules is applied to equations. Below are a few examples:
24-87 = -63
98-25 = -73
61*43 = 345
27*33 = 5732
94*24 = 7502
Now, determine the result for: 41+28",69
638f93ca,"In Alice's Wonderland, a secret set of transformation rules is applied to equations. Below are a few examples:
#>*?? = /<@
$<*<' = ?<?'
$$*]` = ?]<?
$]-<@ = ?#
Now, determine the result for: $<-]$",@
63b63698,"In Alice's Wonderland, a secret unit conversion is applied to measurements. For example:
48.87 m becomes 92.28
6.4 m becomes 12.08
14.9 m becomes 28.13
Now, convert the following measurement: 9.62 m",18.16
63b72611,"In Alice's Wonderland, a secret unit conversion is applied to measurements. For example:
18.5 m becomes 32.31
5.17 m becomes 9.03
28.09 m becomes 49.06
31.75 m becomes 55.45
Now, convert the following measurement: 38.83 m",67.81
63c4c118,"In Alice's Wonderland, numbers are secretly converted into a different numeral system. Some examples are given below:
76 -> LXXVI
13 -> XIII
3 -> III
77 -> LXXVII
Now, write the number 100 in the Wonderland numeral system.",C
63e3ce8a,"In Alice's Wonderland, a secret unit conversion is applied to measurements. For example:
16.82 m becomes 27.68
33.11 m becomes 54.48
13.83 m becomes 22.76
Now, convert the following measurement: 10.84 m",17.84
63ec749f,"In Alice's Wonderland, a secret unit conversion is applied to measurements. For example:
44.3 m becomes 33.28
41.04 m becomes 30.83
17.69 m becomes 13.29
Now, convert the following measurement: 15.83 m",11.89
640acd9c,"In Alice's Wonderland, the gravitational constant has been secretly changed. Here are some example observations:
For t = 4.97s, distance = 120.89 m
For t = 3.45s, distance = 58.25 m
For t = 3.45s, distance = 58.25 m
For t = 2.74s, distance = 36.74 m
For t = 4.8s, distance = 112.76 m
Now, determine the falling distance for t = 3.12s given d = 0.5*g*t^2.",47.64
642c84f0,"In Alice's Wonderland, a secret set of transformation rules is applied to equations. Below are a few examples:
|(-{/ = $
({*|| = ""$%@
/}*{{ = |/@
""`+(` = /{%
Now, determine the result for: `}*|}",{(}%
64553a64,"In Alice's Wonderland, a secret set of transformation rules is applied to equations. Below are a few examples:
']:]# = :}'
`^""[] = }^`
}]|`@ = }@#'
Now, determine the result for: !@""`/",}#'
646ec09f,"In Alice's Wonderland, a secret unit conversion is applied to measurements. For example:
30.84 m becomes 35.95
11.33 m becomes 13.21
14.01 m becomes 16.33
Now, convert the following measurement: 27.3 m",31.82
647e3c1b,"In Alice's Wonderland, the gravitational constant has been secretly changed. Here are some example observations:
For t = 3.4s, distance = 70.9 m
For t = 2.98s, distance = 54.47 m
For t = 1.98s, distance = 24.05 m
For t = 3.75s, distance = 86.25 m
Now, determine the falling distance for t = 3.76s given d = 0.5*g*t^2.",86.71
6488eec9,"In Alice's Wonderland, the gravitational constant has been secretly changed. Here are some example observations:
For t = 4.66s, distance = 82.9 m
For t = 1.17s, distance = 5.23 m
For t = 2.19s, distance = 18.31 m
For t = 1.28s, distance = 6.25 m
Now, determine the falling distance for t = 4.9s given d = 0.5*g*t^2.",91.66
648e2da2,"In Alice's Wonderland, a secret set of transformation rules is applied to equations. Below are a few examples:
84-33 = 51
67*35 = 8204
02*81 = 063
Now, determine the result for: 34+88",031
64a72fd3,"In Alice's Wonderland, a secret bit manipulation rule transforms 8-bit binary numbers. The transformation involves operations like bit shifts, rotations, XOR, AND, OR, NOT, and possibly majority or choice functions.

Here are some examples of input -> output:
00010111 -> 00101001
00110100 -> 00110111
10010001 -> 01111011
10100101 -> 10111011
10011010 -> 11011011
11110100 -> 01011111
10000001 -> 00111011
01101000 -> 01101111

Now, determine the output for: 01010000",10010111
64b2cbb6,"In Alice's Wonderland, a secret set of transformation rules is applied to equations. Below are a few examples:
:@&(( = ?<#(
:<""}# = :?
@(*@$ = }^
?|*}^ = ?(
#^""}< = #:
Now, determine the result for: ((*|<",*^#
64bbf892,"In Alice's Wonderland, the gravitational constant has been secretly changed. Here are some example observations:
For t = 2.7s, distance = 29.04 m
For t = 3.18s, distance = 40.28 m
For t = 2.15s, distance = 18.41 m
Now, determine the falling distance for t = 4.18s given d = 0.5*g*t^2.",69.6
64c53621,"In Alice's Wonderland, a secret set of transformation rules is applied to equations. Below are a few examples:
[[-&` = -<>
>#+`| = `$>
|#*|` = |<&#
<#+<' = `>>
Now, determine the result for: `$*##",&>'$
64eea166,"In Alice's Wonderland, a secret unit conversion is applied to measurements. For example:
29.53 m becomes 25.42
39.52 m becomes 34.01
24.36 m becomes 20.97
Now, convert the following measurement: 47.28 m",40.69
64fe405e,"In Alice's Wonderland, a secret set of transformation rules is applied to equations. Below are a few examples:
69<51 = 18
56\81 = 4535
44%71 = 115
58\29 = 1681
Now, determine the result for: 32<33",1
6501cf6b,"In Alice's Wonderland, a secret unit conversion is applied to measurements. For example:
33.51 m becomes 19.90
36.18 m becomes 21.49
31.86 m becomes 18.92
15.27 m becomes 9.07
18.76 m becomes 11.14
Now, convert the following measurement: 48.66 m",28.90
650243b1,"In Alice's Wonderland, a secret unit conversion is applied to measurements. For example:
18.34 m becomes 34.07
32.51 m becomes 60.39
31.73 m becomes 58.94
Now, convert the following measurement: 18.09 m",33.60
652cb4aa,"In Alice's Wonderland, numbers are secretly converted into a different numeral system. Some examples are given below:
38 -> XXXVIII
5 -> V
20 -> XX
89 -> LXXXIX
73 -> LXXIII
Now, write the number 72 in the Wonderland numeral system.",LXXII
65470a41,"In Alice's Wonderland, a secret unit conversion is applied to measurements. For example:
16.01 m becomes 22.09
9.41 m becomes 12.98
11.86 m becomes 16.36
17.38 m becomes 23.98
Now, convert the following measurement: 14.82 m",20.45
6548d382,"In Alice's Wonderland, a secret set of transformation rules is applied to equations. Below are a few examples:
(""[^( = (""^(
^:'("" = >\\
\:[>: = \:>:
Now, determine the result for: \@'((",/\
656cfb5f,"In Alice's Wonderland, a secret set of transformation rules is applied to equations. Below are a few examples:
83*09 = 1243
26-52 = -73
73-39 = -65
Now, determine the result for: 72+44",17
656e4cb0,"In Alice's Wonderland, a secret unit conversion is applied to measurements. For example:
13.29 m becomes 10.12
27.8 m becomes 21.18
24.81 m becomes 18.90
Now, convert the following measurement: 10.15 m",7.73
657bcae9,"In Alice's Wonderland, a secret set of transformation rules is applied to equations. Below are a few examples:
[(#]( = '""&
($^""} = >}$
}}^&| = (>|}
'|#[' = &$
>(#([ = '$>
Now, determine the result for: >|#>}",'}[
65a61279,"In Alice's Wonderland, a secret set of transformation rules is applied to equations. Below are a few examples:
]^*^] = $<%/
}/*^^ = %%//
?""-""< = {$
""""+^} = ??
Now, determine the result for: ]/*<]",?]$/
65add53a,"In Alice's Wonderland, a secret set of transformation rules is applied to equations. Below are a few examples:
[?*?\ = !\!]
]%+&& = %[]
%}+}& = [?
Now, determine the result for: }^*%]",]}%
65b13ba2,"In Alice's Wonderland, a secret set of transformation rules is applied to equations. Below are a few examples:
/%{@] = ]%#%
@""+]@ = |'
#|\]' = |@
^/\#^ = \^]
Now, determine the result for: #@{]""","]/""}"
65b2c4c4,"In Alice's Wonderland, numbers are secretly converted into a different numeral system. Some examples are given below:
92 -> XCII
99 -> XCIX
57 -> LVII
Now, write the number 47 in the Wonderland numeral system.",XLVII
65eb1c08,"In Alice's Wonderland, numbers are secretly converted into a different numeral system. Some examples are given below:
83 -> LXXXIII
44 -> XLIV
3 -> III
73 -> LXXIII
Now, write the number 79 in the Wonderland numeral system.",LXXIX
65ef4c2a,"In Alice's Wonderland, a secret unit conversion is applied to measurements. For example:
17.46 m becomes 30.92
44.92 m becomes 79.56
32.54 m becomes 57.63
Now, convert the following measurement: 46.02 m",81.51
65f356f9,"In Alice's Wonderland, a secret unit conversion is applied to measurements. For example:
19.82 m becomes 37.49
19.54 m becomes 36.96
16.73 m becomes 31.64
Now, convert the following measurement: 26.48 m",50.09
6601aa77,"In Alice's Wonderland, a secret unit conversion is applied to measurements. For example:
38.81 m becomes 25.82
42.79 m becomes 28.47
20.87 m becomes 13.89
44.66 m becomes 29.72
13.39 m becomes 8.91
Now, convert the following measurement: 27.57 m",18.34
660fc103,"In Alice's Wonderland, the gravitational constant has been secretly changed. Here are some example observations:
For t = 2.17s, distance = 36.89 m
For t = 2.37s, distance = 44.0 m
For t = 2.81s, distance = 61.86 m
Now, determine the falling distance for t = 4.45s given d = 0.5*g*t^2.",155.13
662ea669,"In Alice's Wonderland, numbers are secretly converted into a different numeral system. Some examples are given below:
1 -> I
81 -> LXXXI
20 -> XX
Now, write the number 24 in the Wonderland numeral system.",XXIV
664ba0bf,"In Alice's Wonderland, a secret unit conversion is applied to measurements. For example:
27.24 m becomes 26.62
42.03 m becomes 41.08
27.35 m becomes 26.73
Now, convert the following measurement: 30.14 m",29.46
66617764,"In Alice's Wonderland, the gravitational constant has been secretly changed. Here are some example observations:
For t = 2.55s, distance = 44.89 m
For t = 4.13s, distance = 117.76 m
For t = 3.55s, distance = 87.0 m
For t = 2.54s, distance = 44.54 m
Now, determine the falling distance for t = 3.92s given d = 0.5*g*t^2.",106.09
667e6f1a,"In Alice's Wonderland, the gravitational constant has been secretly changed. Here are some example observations:
For t = 3.32s, distance = 40.32 m
For t = 4.85s, distance = 86.05 m
For t = 4.95s, distance = 89.63 m
For t = 3.02s, distance = 33.36 m
For t = 1.46s, distance = 7.8 m
Now, determine the falling distance for t = 4.99s given d = 0.5*g*t^2.",91.08
668c240b,"In Alice's Wonderland, a secret unit conversion is applied to measurements. For example:
30.15 m becomes 52.53
46.93 m becomes 81.76
15.97 m becomes 27.82
21.21 m becomes 36.95
Now, convert the following measurement: 10.71 m",18.66
66ae2b46,"In Alice's Wonderland, the gravitational constant has been secretly changed. Here are some example observations:
For t = 3.84s, distance = 102.01 m
For t = 2.74s, distance = 51.94 m
For t = 2.86s, distance = 56.58 m
Now, determine the falling distance for t = 1.89s given d = 0.5*g*t^2.",24.71
66b1cf74,"In Alice's Wonderland, the gravitational constant has been secretly changed. Here are some example observations:
For t = 1.14s, distance = 3.37 m
For t = 2.54s, distance = 16.73 m
For t = 2.71s, distance = 19.05 m
Now, determine the falling distance for t = 2.65s given d = 0.5*g*t^2.",18.21
66b5002b,"In Alice's Wonderland, numbers are secretly converted into a different numeral system. Some examples are given below:
33 -> XXXIII
87 -> LXXXVII
10 -> X
88 -> LXXXVIII
15 -> XV
Now, write the number 88 in the Wonderland numeral system.",LXXXVIII
66bd639f,"In Alice's Wonderland, a secret bit manipulation rule transforms 8-bit binary numbers. The transformation involves operations like bit shifts, rotations, XOR, AND, OR, NOT, and possibly majority or choice functions.

Here are some examples of input -> output:
10000110 -> 01100000
01011011 -> 00000011
00110110 -> 00000111
10011000 -> 10011001
01100101 -> 00011100
01001110 -> 01101000
10111111 -> 10010111

Now, determine the output for: 01010010",00000001
66c64e8f,"In Alice's Wonderland, a secret unit conversion is applied to measurements. For example:
39.16 m becomes 34.73
42.69 m becomes 37.86
13.74 m becomes 12.19
43.18 m becomes 38.30
Now, convert the following measurement: 21.77 m",19.31
66df03f5,"In Alice's Wonderland, the gravitational constant has been secretly changed. Here are some example observations:
For t = 2.82s, distance = 39.2 m
For t = 3.69s, distance = 67.12 m
For t = 2.95s, distance = 42.9 m
For t = 3.42s, distance = 57.66 m
For t = 2.69s, distance = 35.67 m
Now, determine the falling distance for t = 1.13s given d = 0.5*g*t^2.",6.29
66e5eb55,"In Alice's Wonderland, a secret bit manipulation rule transforms 8-bit binary numbers. The transformation involves operations like bit shifts, rotations, XOR, AND, OR, NOT, and possibly majority or choice functions.

Here are some examples of input -> output:
11110110 -> 11111010
00010100 -> 10000010
11011010 -> 01011001
10101011 -> 01010101
00110110 -> 10010010
00100001 -> 00000000
00110101 -> 10101010
11001001 -> 01101000

Now, determine the output for: 00111101",10101110
66e8ea1d,"In Alice's Wonderland, the gravitational constant has been secretly changed. Here are some example observations:
For t = 3.81s, distance = 36.79 m
For t = 4.23s, distance = 45.35 m
For t = 4.23s, distance = 45.35 m
For t = 4.25s, distance = 45.78 m
For t = 1.55s, distance = 6.09 m
Now, determine the falling distance for t = 4.07s given d = 0.5*g*t^2.",41.98
66f26118,"In Alice's Wonderland, the gravitational constant has been secretly changed. Here are some example observations:
For t = 1.99s, distance = 30.9 m
For t = 1.39s, distance = 15.08 m
For t = 1.05s, distance = 8.6 m
For t = 4.68s, distance = 170.93 m
For t = 1.59s, distance = 19.73 m
Now, determine the falling distance for t = 1.32s given d = 0.5*g*t^2.",13.6
672029b2,"In Alice's Wonderland, a secret set of transformation rules is applied to equations. Below are a few examples:
27*77 = 4455
18*84 = 8883
78*99 = 3168
Now, determine the result for: 98-83",31
6735003f,"In Alice's Wonderland, the gravitational constant has been secretly changed. Here are some example observations:
For t = 1.69s, distance = 25.71 m
For t = 4.78s, distance = 205.68 m
For t = 2.31s, distance = 48.04 m
Now, determine the falling distance for t = 3.22s given d = 0.5*g*t^2.",93.34
67408563,"In Alice's Wonderland, numbers are secretly converted into a different numeral system. Some examples are given below:
28 -> XXVIII
28 -> XXVIII
69 -> LXIX
Now, write the number 95 in the Wonderland numeral system.",XCV
679094db,"In Alice's Wonderland, numbers are secretly converted into a different numeral system. Some examples are given below:
98 -> XCVIII
12 -> XII
51 -> LI
36 -> XXXVI
Now, write the number 35 in the Wonderland numeral system.",XXXV
67988b7f,"In Alice's Wonderland, the gravitational constant has been secretly changed. Here are some example observations:
For t = 1.84s, distance = 21.0 m
For t = 2.51s, distance = 39.07 m
For t = 2.95s, distance = 53.97 m
For t = 2.65s, distance = 43.55 m
For t = 1.77s, distance = 19.43 m
Now, determine the falling distance for t = 3.88s given d = 0.5*g*t^2.",93.36
67995540,"In Alice's Wonderland, a secret set of transformation rules is applied to equations. Below are a few examples:
/""^/% = ""'
(/|]@ = |""'
(/:@"" = ))]/
Now, determine the result for: ""&|@'",|%@
67d9c7d1,"In Alice's Wonderland, the gravitational constant has been secretly changed. Here are some example observations:
For t = 5.0s, distance = 161.72 m
For t = 3.48s, distance = 78.34 m
For t = 4.07s, distance = 107.15 m
Now, determine the falling distance for t = 2.03s given d = 0.5*g*t^2.",26.66
680b66f2,"In Alice's Wonderland, a secret set of transformation rules is applied to equations. Below are a few examples:
<{*^& = ^&<{
^|-[$ = ^<
[}*|< = |<[}
Now, determine the result for: !<+<\",}$
680b97a2,"In Alice's Wonderland, the gravitational constant has been secretly changed. Here are some example observations:
For t = 2.27s, distance = 43.86 m
For t = 1.6s, distance = 21.79 m
For t = 2.89s, distance = 71.1 m
For t = 2.58s, distance = 56.66 m
Now, determine the falling distance for t = 3.87s given d = 0.5*g*t^2.",127.49
680d1973,"In Alice's Wonderland, numbers are secretly converted into a different numeral system. Some examples are given below:
15 -> XV
21 -> XXI
63 -> LXIII
Now, write the number 82 in the Wonderland numeral system.",LXXXII
681a0c75,"In Alice's Wonderland, a secret unit conversion is applied to measurements. For example:
47.4 m becomes 61.56
42.77 m becomes 55.54
35.05 m becomes 45.52
Now, convert the following measurement: 48.51 m",63.00
68450646,"In Alice's Wonderland, the gravitational constant has been secretly changed. Here are some example observations:
For t = 3.27s, distance = 41.75 m
For t = 2.5s, distance = 24.4 m
For t = 2.75s, distance = 29.53 m
Now, determine the falling distance for t = 1.97s given d = 0.5*g*t^2.",15.15
6848a4e8,"In Alice's Wonderland, a secret set of transformation rules is applied to equations. Below are a few examples:
\^*\[ = '<%<
<%*%% = ""$\'
""%*""\ = """"^|
|\+<$ = $['
Now, determine the result for: %|+<<",\$
684de068,"In Alice's Wonderland, a secret set of transformation rules is applied to equations. Below are a few examples:
)""*}! = )}$}
?$-{"" = !
$}+!& = &)
"")*#^ = """"""^
?)*$) = ?$$&
Now, determine the result for: {""-)&","^"""
685be3a7,"In Alice's Wonderland, a secret set of transformation rules is applied to equations. Below are a few examples:
|?*|& = [$?
`&*<| = `>`$
`<*`| = $|&!
Now, determine the result for: !?+`:",>$$
6876804c,"In Alice's Wonderland, the gravitational constant has been secretly changed. Here are some example observations:
For t = 3.42s, distance = 47.64 m
For t = 2.87s, distance = 33.55 m
For t = 4.36s, distance = 77.42 m
For t = 2.58s, distance = 27.11 m
For t = 1.87s, distance = 14.24 m
Now, determine the falling distance for t = 2.84s given d = 0.5*g*t^2.",32.85
688c807b,"In Alice's Wonderland, a secret set of transformation rules is applied to equations. Below are a few examples:
76&34 = &42
49<39 = 88
50&40 = &10
64&35 = &29
Now, determine the result for: 28\64",1793
68903918,"In Alice's Wonderland, a secret set of transformation rules is applied to equations. Below are a few examples:
54/69 = 15
92/78 = 14
23+20 = 43
Now, determine the result for: 59-69",4072
68c5c2a5,"In Alice's Wonderland, the gravitational constant has been secretly changed. Here are some example observations:
For t = 4.69s, distance = 167.23 m
For t = 3.85s, distance = 112.69 m
For t = 3.82s, distance = 110.94 m
For t = 3.26s, distance = 80.8 m
For t = 4.49s, distance = 153.27 m
Now, determine the falling distance for t = 1.19s given d = 0.5*g*t^2.",10.77
68d0085c,"In Alice's Wonderland, a secret unit conversion is applied to measurements. For example:
10.99 m becomes 14.59
15.09 m becomes 20.04
45.46 m becomes 60.37
11.85 m becomes 15.74
29.2 m becomes 38.77
Now, convert the following measurement: 15.08 m",20.02
68d2beaf,"In Alice's Wonderland, a secret unit conversion is applied to measurements. For example:
22.19 m becomes 30.09
40.67 m becomes 55.15
16.47 m becomes 22.33
Now, convert the following measurement: 12.41 m",16.83
68dc4794,"In Alice's Wonderland, a secret unit conversion is applied to measurements. For example:
34.47 m becomes 68.73
44.85 m becomes 89.43
18.92 m becomes 37.73
Now, convert the following measurement: 32.81 m",65.42
6904934e,"In Alice's Wonderland, the gravitational constant has been secretly changed. Here are some example observations:
For t = 4.55s, distance = 101.37 m
For t = 4.51s, distance = 99.6 m
For t = 3.38s, distance = 55.94 m
For t = 2.03s, distance = 20.18 m
For t = 3.68s, distance = 66.31 m
Now, determine the falling distance for t = 1.17s given d = 0.5*g*t^2.",6.7
6929eb93,"In Alice's Wonderland, numbers are secretly converted into a different numeral system. Some examples are given below:
27 -> XXVII
18 -> XVIII
67 -> LXVII
Now, write the number 36 in the Wonderland numeral system.",XXXVI
693432da,"In Alice's Wonderland, a secret set of transformation rules is applied to equations. Below are a few examples:
^?*[? = \${|
[(-[? = -|
(>*[$ = \|$$
{[+(\ = |^$
Now, determine the result for: ?(+>^",|>[
693bb27c,"In Alice's Wonderland, a secret bit manipulation rule transforms 8-bit binary numbers. The transformation involves operations like bit shifts, rotations, XOR, AND, OR, NOT, and possibly majority or choice functions.

Here are some examples of input -> output:
11111111 -> 11001111
11100111 -> 10001001
01000101 -> 10010101
11111101 -> 11111111
11111001 -> 10111110
01001101 -> 01010111
11100101 -> 10111001

Now, determine the output for: 00110101",00001111
695c9a75,"In Alice's Wonderland, numbers are secretly converted into a different numeral system. Some examples are given below:
94 -> XCIV
56 -> LVI
100 -> C
47 -> XLVII
Now, write the number 91 in the Wonderland numeral system.",XCI
696f0641,"In Alice's Wonderland, a secret unit conversion is applied to measurements. For example:
35.55 m becomes 18.16
44.68 m becomes 22.82
12.82 m becomes 6.55
19.02 m becomes 9.72
Now, convert the following measurement: 35.25 m",18.01
69771374,"In Alice's Wonderland, a secret set of transformation rules is applied to equations. Below are a few examples:
'(*(} = ']]
)}*([ = )<>}
[[*#) = )}})
>(*>( = ##(
Now, determine the result for: <'+)#",#}(
69b34a6d,"In Alice's Wonderland, a secret unit conversion is applied to measurements. For example:
49.69 m becomes 97.01
14.56 m becomes 28.43
29.03 m becomes 56.68
32.56 m becomes 63.57
Now, convert the following measurement: 21.74 m",42.44
69cbffdf,"In Alice's Wonderland, a secret bit manipulation rule transforms 8-bit binary numbers. The transformation involves operations like bit shifts, rotations, XOR, AND, OR, NOT, and possibly majority or choice functions.

Here are some examples of input -> output:
11000100 -> 00000010
00111101 -> 00000000
00011000 -> 00000000
00100101 -> 00000000
10010110 -> 00000000
00110101 -> 00000000
01010100 -> 00000000
00100000 -> 00000000
10000001 -> 00000100

Now, determine the output for: 11011000",00000010
69ec0fb1,"In Alice's Wonderland, numbers are secretly converted into a different numeral system. Some examples are given below:
11 -> XI
39 -> XXXIX
16 -> XVI
70 -> LXX
89 -> LXXXIX
Now, write the number 30 in the Wonderland numeral system.",XXX
69eccfa5,"In Alice's Wonderland, a secret set of transformation rules is applied to equations. Below are a few examples:
^^+!) = #[
"")-$! = -""
\|+\! = |$
|)*|) = |!!
Now, determine the result for: $$-)|",\^
69f6e542,"In Alice's Wonderland, numbers are secretly converted into a different numeral system. Some examples are given below:
91 -> XCI
50 -> L
82 -> LXXXII
14 -> XIV
74 -> LXXIV
Now, write the number 3 in the Wonderland numeral system.",III
6a41d37b,"In Alice's Wonderland, a secret bit manipulation rule transforms 8-bit binary numbers. The transformation involves operations like bit shifts, rotations, XOR, AND, OR, NOT, and possibly majority or choice functions.

Here are some examples of input -> output:
10100011 -> 10100111
10010001 -> 11000110
00001100 -> 10111111
10010000 -> 11110110
11100000 -> 11110011
10011101 -> 10000110
01100010 -> 10011001

Now, determine the output for: 01011011",00101011
6a5cd9ec,"In Alice's Wonderland, a secret set of transformation rules is applied to equations. Below are a few examples:
!!%(( = $$
<$%(| = $!
$$-|$ = -/[
(?%|? = //(
|/#?| = !![^
Now, determine the result for: <$#|?",<[<\
6a635e3e,"In Alice's Wonderland, a secret bit manipulation rule transforms 8-bit binary numbers. The transformation involves operations like bit shifts, rotations, XOR, AND, OR, NOT, and possibly majority or choice functions.

Here are some examples of input -> output:
10100100 -> 11011010
01101101 -> 11010110
10100001 -> 10111010
01011100 -> 00011101
01111100 -> 00011111
11100010 -> 01101110
01100100 -> 11011110
00100010 -> 01101110

Now, determine the output for: 11110111",10001111
6aaf6d43,"In Alice's Wonderland, numbers are secretly converted into a different numeral system. Some examples are given below:
93 -> XCIII
81 -> LXXXI
56 -> LVI
68 -> LXVIII
Now, write the number 33 in the Wonderland numeral system.",XXXIII
6abc8047,"In Alice's Wonderland, a secret bit manipulation rule transforms 8-bit binary numbers. The transformation involves operations like bit shifts, rotations, XOR, AND, OR, NOT, and possibly majority or choice functions.

Here are some examples of input -> output:
01111110 -> 00111111
11110010 -> 01111001
10100000 -> 01010000
10000110 -> 01000011
10011010 -> 01001101
01100010 -> 00110001
11100000 -> 01110000
10101111 -> 11010111

Now, determine the output for: 01010011",00101001
6ac4d8c2,"In Alice's Wonderland, a secret set of transformation rules is applied to equations. Below are a few examples:
08-29 = -21
78*63 = 3313
86*23 = 7712
Now, determine the result for: 17+76",831
6ad90163,"In Alice's Wonderland, the gravitational constant has been secretly changed. Here are some example observations:
For t = 2.69s, distance = 45.81 m
For t = 4.33s, distance = 118.68 m
For t = 1.64s, distance = 17.03 m
For t = 4.32s, distance = 118.14 m
Now, determine the falling distance for t = 3.3s given d = 0.5*g*t^2.",68.94
6adef1ef,"In Alice's Wonderland, a secret bit manipulation rule transforms 8-bit binary numbers. The transformation involves operations like bit shifts, rotations, XOR, AND, OR, NOT, and possibly majority or choice functions.

Here are some examples of input -> output:
01111000 -> 00011110
01010011 -> 01010100
10110100 -> 00101101
10010100 -> 00100101
01111110 -> 10011111
00011011 -> 01000110
10010111 -> 01100101
00011100 -> 00000111

Now, determine the output for: 11110101",11111101
6af5220f,"In Alice's Wonderland, numbers are secretly converted into a different numeral system. Some examples are given below:
40 -> XL
4 -> IV
53 -> LIII
51 -> LI
Now, write the number 10 in the Wonderland numeral system.",X
6b059c8e,"In Alice's Wonderland, a secret unit conversion is applied to measurements. For example:
48.72 m becomes 51.12
46.04 m becomes 48.31
36.63 m becomes 38.44
11.94 m becomes 12.53
Now, convert the following measurement: 25.5 m",26.76
6b182424,"In Alice's Wonderland, the gravitational constant has been secretly changed. Here are some example observations:
For t = 2.07s, distance = 14.17 m
For t = 4.62s, distance = 70.57 m
For t = 3.41s, distance = 38.45 m
For t = 1.24s, distance = 5.08 m
For t = 2.06s, distance = 14.03 m
Now, determine the falling distance for t = 2.61s given d = 0.5*g*t^2.",22.52
6b2e0c5a,"In Alice's Wonderland, a secret set of transformation rules is applied to equations. Below are a few examples:
/:[$@ = :^
(]*/$ = !^:
:@*:] = @}
!![/} = [^$
!:*/$ = (@
Now, determine the result for: ':""/$",!(:'
6b92d6bf,"In Alice's Wonderland, numbers are secretly converted into a different numeral system. Some examples are given below:
42 -> XLII
4 -> IV
86 -> LXXXVI
65 -> LXV
91 -> XCI
Now, write the number 15 in the Wonderland numeral system.",XV
6bca2607,"In Alice's Wonderland, the gravitational constant has been secretly changed. Here are some example observations:
For t = 3.56s, distance = 58.13 m
For t = 4.92s, distance = 111.02 m
For t = 3.33s, distance = 50.86 m
For t = 2.11s, distance = 20.42 m
Now, determine the falling distance for t = 3.99s given d = 0.5*g*t^2.",73.02
6be00ae9,"In Alice's Wonderland, a secret set of transformation rules is applied to equations. Below are a few examples:
35*26 = 6823
46*41 = 698
61-26 = -64
52*43 = 058
07-66 = -4
Now, determine the result for: 29+11",401
6beb3a1f,"In Alice's Wonderland, a secret set of transformation rules is applied to equations. Below are a few examples:
&\*&[ = [`?^
:)-^^ = [?
&`-/} = [`
^:*`: = /\/:
Now, determine the result for: `)-/[",??
6bef7413,"In Alice's Wonderland, a secret set of transformation rules is applied to equations. Below are a few examples:
42*06 = 0441
87+04 = 711
46*25 = 8233
71+58 = 101
Now, determine the result for: 01-29",-28
6bf09c5e,"In Alice's Wonderland, the gravitational constant has been secretly changed. Here are some example observations:
For t = 3.38s, distance = 43.23 m
For t = 2.63s, distance = 26.18 m
For t = 1.42s, distance = 7.63 m
For t = 4.19s, distance = 66.44 m
For t = 4.22s, distance = 67.39 m
Now, determine the falling distance for t = 3.11s given d = 0.5*g*t^2.",36.6
6c01f1a7,"In Alice's Wonderland, a secret bit manipulation rule transforms 8-bit binary numbers. The transformation involves operations like bit shifts, rotations, XOR, AND, OR, NOT, and possibly majority or choice functions.

Here are some examples of input -> output:
01111011 -> 11110101
11000101 -> 10001100
00000010 -> 00000100
00100010 -> 01000101
01001111 -> 10011100
11000100 -> 10001110
01001011 -> 10010100

Now, determine the output for: 11110011",11100001
6c30f260,"In Alice's Wonderland, a secret set of transformation rules is applied to equations. Below are a few examples:
?\+!' = ]@
[]+([ = !#
(:*[' = '!:
:#+:: = (]'
Now, determine the result for: [?-:[",-\(
6c363edc,"In Alice's Wonderland, numbers are secretly converted into a different numeral system. Some examples are given below:
55 -> LV
35 -> XXXV
2 -> II
80 -> LXXX
70 -> LXX
Now, write the number 83 in the Wonderland numeral system.",LXXXIII
6c389876,"In Alice's Wonderland, a secret unit conversion is applied to measurements. For example:
38.43 m becomes 46.09
45.67 m becomes 54.77
43.48 m becomes 52.14
47.8 m becomes 57.33
Now, convert the following measurement: 24.87 m",29.83
6c402bb7,"In Alice's Wonderland, a secret set of transformation rules is applied to equations. Below are a few examples:
38>92 = 7042
13>39 = 3882
12`84 = 72
43`65 = 22
Now, determine the result for: 81-52",44
6c56e99a,"In Alice's Wonderland, a secret bit manipulation rule transforms 8-bit binary numbers. The transformation involves operations like bit shifts, rotations, XOR, AND, OR, NOT, and possibly majority or choice functions.

Here are some examples of input -> output:
01001000 -> 01001011
10111100 -> 11011011
00001000 -> 11101011
00001101 -> 01100011
11011111 -> 10101101
11101110 -> 01010111
01111101 -> 10111011
11011000 -> 00100011
10101111 -> 01110100
11100101 -> 11000101

Now, determine the output for: 10000101",00110101
6c6f9519,"In Alice's Wonderland, the gravitational constant has been secretly changed. Here are some example observations:
For t = 1.22s, distance = 13.79 m
For t = 4.45s, distance = 183.52 m
For t = 3.94s, distance = 143.86 m
For t = 2.18s, distance = 44.04 m
Now, determine the falling distance for t = 4.3s given d = 0.5*g*t^2.",171.35
6c7231ac,"In Alice's Wonderland, a secret set of transformation rules is applied to equations. Below are a few examples:
$#+$/ = <|#
$&+:: = !`#
:/+#` = $|#
Now, determine the result for: &}+#}",:/#
6c7f24b7,"In Alice's Wonderland, a secret set of transformation rules is applied to equations. Below are a few examples:
$^+|) = ?'|
&'*)/ = &??|
&^-&^ = &
Now, determine the result for: $'-^$",^
6c933298,"In Alice's Wonderland, a secret unit conversion is applied to measurements. For example:
13.84 m becomes 21.03
25.8 m becomes 39.20
41.38 m becomes 62.87
Now, convert the following measurement: 29.27 m",44.47
6ca70b35,"In Alice's Wonderland, the gravitational constant has been secretly changed. Here are some example observations:
For t = 1.16s, distance = 4.53 m
For t = 1.12s, distance = 4.22 m
For t = 2.67s, distance = 23.99 m
For t = 4.02s, distance = 54.39 m
Now, determine the falling distance for t = 2.33s given d = 0.5*g*t^2.",18.27
6cc5dafb,"In Alice's Wonderland, a secret set of transformation rules is applied to equations. Below are a few examples:
>&-'& = #%
)#\^( = ##']
))-&^ = "")
>#\""& = ^#)
Now, determine the result for: ^&!>)",)(
6cface63,"In Alice's Wonderland, a secret bit manipulation rule transforms 8-bit binary numbers. The transformation involves operations like bit shifts, rotations, XOR, AND, OR, NOT, and possibly majority or choice functions.

Here are some examples of input -> output:
00001000 -> 01000000
00100000 -> 00000001
10001011 -> 01001000
10001111 -> 01101000
10110111 -> 10011011
11011100 -> 01001110
10010110 -> 10011000

Now, determine the output for: 00010010",10010000
6cfb1f29,"In Alice's Wonderland, the gravitational constant has been secretly changed. Here are some example observations:
For t = 4.28s, distance = 126.7 m
For t = 2.81s, distance = 54.62 m
For t = 2.31s, distance = 36.91 m
For t = 1.48s, distance = 15.15 m
For t = 1.39s, distance = 13.36 m
Now, determine the falling distance for t = 1.46s given d = 0.5*g*t^2.",14.74
6cfe5536,"In Alice's Wonderland, a secret bit manipulation rule transforms 8-bit binary numbers. The transformation involves operations like bit shifts, rotations, XOR, AND, OR, NOT, and possibly majority or choice functions.

Here are some examples of input -> output:
11100110 -> 00110111
01101101 -> 00100110
11000110 -> 01100111
11011011 -> 01001111
01110001 -> 00011010
00011010 -> 00001001
10111001 -> 10001100
00001011 -> 10000001
01000001 -> 00100010
00011000 -> 00001100

Now, determine the output for: 11010100",01000010
6d2347f1,"In Alice's Wonderland, numbers are secretly converted into a different numeral system. Some examples are given below:
97 -> XCVII
89 -> LXXXIX
74 -> LXXIV
Now, write the number 96 in the Wonderland numeral system.",XCVI
6d30152f,"In Alice's Wonderland, the gravitational constant has been secretly changed. Here are some example observations:
For t = 1.01s, distance = 7.34 m
For t = 4.11s, distance = 121.57 m
For t = 3.04s, distance = 66.51 m
For t = 3.56s, distance = 91.21 m
Now, determine the falling distance for t = 4.89s given d = 0.5*g*t^2.",172.09
6d445f41,"In Alice's Wonderland, a secret unit conversion is applied to measurements. For example:
20.79 m becomes 16.85
5.33 m becomes 4.32
44.61 m becomes 36.15
Now, convert the following measurement: 44.78 m",36.29
6d6d0531,"In Alice's Wonderland, a secret set of transformation rules is applied to equations. Below are a few examples:
$[)/^ = )@^
""/+@? = ""/@?
/@+@? = /@@?
@'+`[ = @'`[
Now, determine the result for: /')`&",)@/
6d717b87,"In Alice's Wonderland, numbers are secretly converted into a different numeral system. Some examples are given below:
68 -> LXVIII
71 -> LXXI
86 -> LXXXVI
Now, write the number 49 in the Wonderland numeral system.",XLIX
6d87d164,"In Alice's Wonderland, a secret set of transformation rules is applied to equations. Below are a few examples:
]}*\( = \(]}
']+'' = }&
[\*]] = ]][\
(&-`' = (]
\\*'% = '%\\
Now, determine the result for: [&+}&",'[
6dac7e49,"In Alice's Wonderland, numbers are secretly converted into a different numeral system. Some examples are given below:
25 -> XXV
25 -> XXV
92 -> XCII
36 -> XXXVI
99 -> XCIX
Now, write the number 84 in the Wonderland numeral system.",LXXXIV
6dacf247,"In Alice's Wonderland, a secret set of transformation rules is applied to equations. Below are a few examples:
@%$)/ = />@
%[]>' = >/@[
""/$<% = >@@
<)\""@ = )@
Now, determine the result for: ?'\['",/
6de4855a,"In Alice's Wonderland, a secret set of transformation rules is applied to equations. Below are a few examples:
)!-') = {{
""^*("" = |\{
((-!! = ||
\|+)^ = {""|
!""*|# = #!){
Now, determine the result for: )'+'(",{|^
6df4b5e1,"In Alice's Wonderland, the gravitational constant has been secretly changed. Here are some example observations:
For t = 3.14s, distance = 37.8 m
For t = 1.59s, distance = 9.69 m
For t = 4.91s, distance = 92.42 m
For t = 4.63s, distance = 82.18 m
For t = 4.63s, distance = 82.18 m
Now, determine the falling distance for t = 4.87s given d = 0.5*g*t^2.",90.92
6e2311e1,"In Alice's Wonderland, a secret bit manipulation rule transforms 8-bit binary numbers. The transformation involves operations like bit shifts, rotations, XOR, AND, OR, NOT, and possibly majority or choice functions.

Here are some examples of input -> output:
10110101 -> 10000010
00001110 -> 00000000
10110100 -> 00000010
00101100 -> 00000000
10000110 -> 00000010
01010100 -> 00000000
11001110 -> 00000011
01010000 -> 00000000
11110001 -> 10000000

Now, determine the output for: 11011001",10000000
6e318a02,"In Alice's Wonderland, numbers are secretly converted into a different numeral system. Some examples are given below:
67 -> LXVII
99 -> XCIX
19 -> XIX
60 -> LX
62 -> LXII
Now, write the number 22 in the Wonderland numeral system.",XXII
6e42f11c,"In Alice's Wonderland, a secret unit conversion is applied to measurements. For example:
22.77 m becomes 14.46
28.62 m becomes 18.18
46.49 m becomes 29.53
43.69 m becomes 27.75
30.94 m becomes 19.65
Now, convert the following measurement: 40.54 m",25.75
6e56b39a,"In Alice's Wonderland, a secret set of transformation rules is applied to equations. Below are a few examples:
)>-]] = -#/
]&-%^ = -]>
[!-]) = -]/
!>-%/ = -[]
Now, determine the result for: &#-!]",-/#
6e6c2ce8,"In Alice's Wonderland, a secret set of transformation rules is applied to equations. Below are a few examples:
]|*/{ = ?(![
`?*#? = #//{
`[*?{ = ]|`
/|+{] = ][[
]`*]] = |[``
Now, determine the result for: ([*#{",[#{
6e714f65,"In Alice's Wonderland, a secret bit manipulation rule transforms 8-bit binary numbers. The transformation involves operations like bit shifts, rotations, XOR, AND, OR, NOT, and possibly majority or choice functions.

Here are some examples of input -> output:
00001100 -> 00000010
01000001 -> 00000000
01000011 -> 10000000
00010000 -> 00000000
00101010 -> 00010100
11101001 -> 01110010
01110100 -> 00111000
01011001 -> 00110110

Now, determine the output for: 01000000",00000000
6e84a668,"In Alice's Wonderland, a secret set of transformation rules is applied to equations. Below are a few examples:
!)%)# = |^{
#<?<# = )<
{)(</ = <'^{
Now, determine the result for: </(|)",|!^{
6eab52eb,"In Alice's Wonderland, a secret unit conversion is applied to measurements. For example:
25.08 m becomes 47.79
7.16 m becomes 13.64
6.4 m becomes 12.19
Now, convert the following measurement: 33.39 m",63.62
6eadf9a5,"In Alice's Wonderland, numbers are secretly converted into a different numeral system. Some examples are given below:
93 -> XCIII
45 -> XLV
46 -> XLVI
Now, write the number 11 in the Wonderland numeral system.",XI
6eb85496,"In Alice's Wonderland, a secret set of transformation rules is applied to equations. Below are a few examples:
:<-:# = -%:
@/+'< = /@]
##+]: = #^]
:#+'@ = >:]
%@-'> = -':
Now, determine the result for: %'+/>",>^]
6ec54946,"In Alice's Wonderland, a secret set of transformation rules is applied to equations. Below are a few examples:
{|+|^ = {%>[
[[<}& = &{^
|{<}} = &}&
Now, determine the result for: /|+[]",&>[&
6ecc51b1,"In Alice's Wonderland, a secret bit manipulation rule transforms 8-bit binary numbers. The transformation involves operations like bit shifts, rotations, XOR, AND, OR, NOT, and possibly majority or choice functions.

Here are some examples of input -> output:
01111001 -> 01000111
01101010 -> 00010110
01010011 -> 10100101
00100101 -> 00001011
01110000 -> 11110111
01001101 -> 10000110
01001110 -> 11010110
01001000 -> 01110110
00000101 -> 00001111

Now, determine the output for: 10010100",00101101
6ee4b565,"In Alice's Wonderland, the gravitational constant has been secretly changed. Here are some example observations:
For t = 4.08s, distance = 135.26 m
For t = 2.52s, distance = 51.6 m
For t = 3.26s, distance = 86.36 m
For t = 2.35s, distance = 44.87 m
Now, determine the falling distance for t = 3.35s given d = 0.5*g*t^2.",91.19
6eec7374,"In Alice's Wonderland, a secret unit conversion is applied to measurements. For example:
36.2 m becomes 26.91
45.1 m becomes 33.53
42.59 m becomes 31.66
Now, convert the following measurement: 14.6 m",10.85
6eefcd21,"In Alice's Wonderland, the gravitational constant has been secretly changed. Here are some example observations:
For t = 4.94s, distance = 78.88 m
For t = 2.15s, distance = 14.94 m
For t = 1.38s, distance = 6.16 m
Now, determine the falling distance for t = 3.78s given d = 0.5*g*t^2.",46.18
6ef133e6,"In Alice's Wonderland, the gravitational constant has been secretly changed. Here are some example observations:
For t = 1.14s, distance = 10.2 m
For t = 1.9s, distance = 28.33 m
For t = 3.2s, distance = 80.35 m
For t = 1.45s, distance = 16.5 m
For t = 2.8s, distance = 61.52 m
Now, determine the falling distance for t = 2.25s given d = 0.5*g*t^2.",39.72
6f0a117d,"In Alice's Wonderland, a secret set of transformation rules is applied to equations. Below are a few examples:
[:-[[ = -'
:)*$$ = {<]@
<)+'< = []<
\\*\' = $:[
:'*[\ = @[[
Now, determine the result for: ]@-'[",-[\
6f59b884,"In Alice's Wonderland, the gravitational constant has been secretly changed. Here are some example observations:
For t = 1.79s, distance = 8.55 m
For t = 3.82s, distance = 38.94 m
For t = 2.62s, distance = 18.32 m
Now, determine the falling distance for t = 2.96s given d = 0.5*g*t^2.",23.38
6f6a3ae0,"In Alice's Wonderland, a secret unit conversion is applied to measurements. For example:
35.64 m becomes 24.21
24.68 m becomes 16.76
43.47 m becomes 29.53
Now, convert the following measurement: 14.76 m",10.03
6f8261d9,"In Alice's Wonderland, a secret set of transformation rules is applied to equations. Below are a few examples:
/(-|\ = |
(\-^% = &%
^(-|| = |&
)^-{\ = &^
|)-|\ = )
Now, determine the result for: |(-|(",\
6f88e240,"In Alice's Wonderland, a secret set of transformation rules is applied to equations. Below are a few examples:
06-41 = 47
45)45 = 0
41)12 = 7
Now, determine the result for: 43<61",445
6f9b11a1,"In Alice's Wonderland, a secret unit conversion is applied to measurements. For example:
24.12 m becomes 34.78
47.76 m becomes 68.88
13.48 m becomes 19.44
Now, convert the following measurement: 44.84 m",64.67
6fb29547,"In Alice's Wonderland, numbers are secretly converted into a different numeral system. Some examples are given below:
42 -> XLII
71 -> LXXI
24 -> XXIV
Now, write the number 19 in the Wonderland numeral system.",XIX
6fc35fc2,"In Alice's Wonderland, a secret set of transformation rules is applied to equations. Below are a few examples:
:(*() = (/^^
)^*// = )'`
`'-)? = /:
`|-() = /`
Now, determine the result for: )|+''",/}'
6fcbf5fd,"In Alice's Wonderland, a secret set of transformation rules is applied to equations. Below are a few examples:
<\+}\ = !`}`
}\|!} = ^)
(?+?? = ?>^(
?)+<\ = }!^!
Now, determine the result for: <)|`!",^`(
6ff5f86d,"In Alice's Wonderland, numbers are secretly converted into a different numeral system. Some examples are given below:
69 -> LXIX
65 -> LXV
52 -> LII
Now, write the number 14 in the Wonderland numeral system.",XIV
7006831a,"In Alice's Wonderland, numbers are secretly converted into a different numeral system. Some examples are given below:
66 -> LXVI
7 -> VII
92 -> XCII
74 -> LXXIV
72 -> LXXII
Now, write the number 23 in the Wonderland numeral system.",XXIII
701d0837,"In Alice's Wonderland, numbers are secretly converted into a different numeral system. Some examples are given below:
29 -> XXIX
80 -> LXXX
45 -> XLV
94 -> XCIV
96 -> XCVI
Now, write the number 96 in the Wonderland numeral system.",XCVI
7031716e,"In Alice's Wonderland, a secret set of transformation rules is applied to equations. Below are a few examples:
^(-"""" = ?{@
""""+{` = ?@!?
@[:(( = ""{
^^:{[ = @""
^@-([ = ?(?
Now, determine the result for: @?:(@",{[
703aea25,"In Alice's Wonderland, a secret unit conversion is applied to measurements. For example:
8.69 m becomes 9.44
24.84 m becomes 27.00
11.62 m becomes 12.63
35.99 m becomes 39.12
42.57 m becomes 46.27
Now, convert the following measurement: 11.4 m",12.39
703b3d10,"In Alice's Wonderland, the gravitational constant has been secretly changed. Here are some example observations:
For t = 3.59s, distance = 80.1 m
For t = 4.95s, distance = 152.28 m
For t = 1.91s, distance = 22.67 m
For t = 3.77s, distance = 88.33 m
For t = 1.78s, distance = 19.69 m
Now, determine the falling distance for t = 1.57s given d = 0.5*g*t^2.",15.32
7054453b,"In Alice's Wonderland, the gravitational constant has been secretly changed. Here are some example observations:
For t = 1.5s, distance = 17.83 m
For t = 2.11s, distance = 35.27 m
For t = 2.73s, distance = 59.04 m
For t = 3.11s, distance = 76.63 m
For t = 1.19s, distance = 11.22 m
Now, determine the falling distance for t = 1.03s given d = 0.5*g*t^2.",8.4
706381a3,"In Alice's Wonderland, numbers are secretly converted into a different numeral system. Some examples are given below:
26 -> XXVI
7 -> VII
23 -> XXIII
Now, write the number 29 in the Wonderland numeral system.",XXIX
7067f9b5,"In Alice's Wonderland, numbers are secretly converted into a different numeral system. Some examples are given below:
54 -> LIV
10 -> X
28 -> XXVIII
Now, write the number 49 in the Wonderland numeral system.",XLIX
707acef3,"In Alice's Wonderland, a secret bit manipulation rule transforms 8-bit binary numbers. The transformation involves operations like bit shifts, rotations, XOR, AND, OR, NOT, and possibly majority or choice functions.

Here are some examples of input -> output:
11100100 -> 01001110
10000110 -> 01011000
10010110 -> 01011001
01011110 -> 00000101
00010001 -> 00010001
10100001 -> 00010010
10000101 -> 01010000

Now, determine the output for: 00011100",00000001
707fd23a,"In Alice's Wonderland, a secret set of transformation rules is applied to equations. Below are a few examples:
37}95 = 132
54#81 = 27
37}24 = 61
56}65 = 121
Now, determine the result for: 77+42",3235
70851afe,"In Alice's Wonderland, a secret set of transformation rules is applied to equations. Below are a few examples:
:)*""[ = {`??
'@+^) = '@^)
{[*""? = @`^@
Now, determine the result for: "":-`@","@"""
7086787e,"In Alice's Wonderland, a secret unit conversion is applied to measurements. For example:
8.75 m becomes 10.45
31.01 m becomes 37.04
46.41 m becomes 55.44
35.66 m becomes 42.60
Now, convert the following measurement: 31.14 m",37.20
708e8ffe,"In Alice's Wonderland, numbers are secretly converted into a different numeral system. Some examples are given below:
35 -> XXXV
39 -> XXXIX
93 -> XCIII
61 -> LXI
43 -> XLIII
Now, write the number 69 in the Wonderland numeral system.",LXIX
70af717d,"In Alice's Wonderland, numbers are secretly converted into a different numeral system. Some examples are given below:
13 -> XIII
66 -> LXVI
8 -> VIII
72 -> LXXII
52 -> LII
Now, write the number 63 in the Wonderland numeral system.",LXIII
70c29179,"In Alice's Wonderland, numbers are secretly converted into a different numeral system. Some examples are given below:
36 -> XXXVI
69 -> LXIX
52 -> LII
Now, write the number 83 in the Wonderland numeral system.",LXXXIII
70df6363,"In Alice's Wonderland, a secret bit manipulation rule transforms 8-bit binary numbers. The transformation involves operations like bit shifts, rotations, XOR, AND, OR, NOT, and possibly majority or choice functions.

Here are some examples of input -> output:
10110001 -> 00010110
01010111 -> 01011100
01111010 -> 10101111
01110001 -> 00000110
10110110 -> 01011010
11101011 -> 10111100
11101101 -> 10011100

Now, determine the output for: 10010101",01010000
70f4d114,"In Alice's Wonderland, numbers are secretly converted into a different numeral system. Some examples are given below:
95 -> XCV
92 -> XCII
27 -> XXVII
Now, write the number 99 in the Wonderland numeral system.",XCIX
70f76d59,"In Alice's Wonderland, the gravitational constant has been secretly changed. Here are some example observations:
For t = 1.88s, distance = 22.71 m
For t = 3.02s, distance = 58.6 m
For t = 3.31s, distance = 70.4 m
For t = 2.13s, distance = 29.15 m
Now, determine the falling distance for t = 3.73s given d = 0.5*g*t^2.",89.39
7104dd31,"In Alice's Wonderland, numbers are secretly converted into a different numeral system. Some examples are given below:
18 -> XVIII
6 -> VI
13 -> XIII
13 -> XIII
100 -> C
Now, write the number 27 in the Wonderland numeral system.",XXVII
711dc0a0,"In Alice's Wonderland, numbers are secretly converted into a different numeral system. Some examples are given below:
9 -> IX
62 -> LXII
35 -> XXXV
53 -> LIII
Now, write the number 60 in the Wonderland numeral system.",LX
712fe3e4,"In Alice's Wonderland, a secret set of transformation rules is applied to equations. Below are a few examples:
:(+@/ = @#]
$#-'@ = -(]
$?+@] = //
@/*""' = $(]/
(?+(/ = :$]
Now, determine the result for: ((*$$",:#$#
71310176,"In Alice's Wonderland, a secret set of transformation rules is applied to equations. Below are a few examples:
^)'^{ = #]'
/$'^^ = /:
))?]: = |:[$
^)'|] = ]{'
/^-]) = []{
Now, determine the result for: $)-{/",:]{
7137d73a,"In Alice's Wonderland, a secret set of transformation rules is applied to equations. Below are a few examples:
{{+{"" = ?!/
|!+|{ = #<
|{*]{ = |!""""
?|*!{ = ]/<
Now, determine the result for: /<*?{","<""{"
7138d71a,"In Alice's Wonderland, a secret set of transformation rules is applied to equations. Below are a few examples:
'?*^} = '?^}
'@-\} = ?\
\[*?? = \[??
'\+}[ = ]\
Now, determine the result for: ^]-'%",\
713fa624,"In Alice's Wonderland, numbers are secretly converted into a different numeral system. Some examples are given below:
99 -> XCIX
9 -> IX
86 -> LXXXVI
3 -> III
67 -> LXVII
Now, write the number 2 in the Wonderland numeral system.",II
715e0259,"In Alice's Wonderland, a secret set of transformation rules is applied to equations. Below are a few examples:
]$-\\ = \!
|<(<| = \\$?
??-$\ = -]#
Now, determine the result for: ]!{?<",$|?
71621827,"In Alice's Wonderland, the gravitational constant has been secretly changed. Here are some example observations:
For t = 2.18s, distance = 19.22 m
For t = 2.29s, distance = 21.21 m
For t = 3.59s, distance = 52.14 m
Now, determine the falling distance for t = 4.43s given d = 0.5*g*t^2.",79.39
7192535b,"In Alice's Wonderland, a secret bit manipulation rule transforms 8-bit binary numbers. The transformation involves operations like bit shifts, rotations, XOR, AND, OR, NOT, and possibly majority or choice functions.

Here are some examples of input -> output:
01001000 -> 00000000
00101101 -> 00000010
10100100 -> 00001000
00011100 -> 00000001
00111011 -> 01100111
11010000 -> 00001000
10011000 -> 00010001
01001010 -> 00000100
11000110 -> 10001100

Now, determine the output for: 00100101",00000010
7192fc55,"In Alice's Wonderland, a secret bit manipulation rule transforms 8-bit binary numbers. The transformation involves operations like bit shifts, rotations, XOR, AND, OR, NOT, and possibly majority or choice functions.

Here are some examples of input -> output:
11110100 -> 11000111
11101011 -> 10000111
00100001 -> 00111001
10011110 -> 10111101
10010110 -> 10001101
01011010 -> 00100010
00110111 -> 01001101

Now, determine the output for: 00111010",01100011
71bc4331,"In Alice's Wonderland, a secret unit conversion is applied to measurements. For example:
12.14 m becomes 17.25
22.68 m becomes 32.22
26.47 m becomes 37.60
Now, convert the following measurement: 29.17 m",41.44
71c5f412,"In Alice's Wonderland, a secret unit conversion is applied to measurements. For example:
43.3 m becomes 63.30
26.06 m becomes 38.10
13.68 m becomes 20.00
Now, convert the following measurement: 45.02 m",65.82
71d91445,"In Alice's Wonderland, a secret set of transformation rules is applied to equations. Below are a few examples:
\(/>} = @\
\%/`} = ((/
|(#""% = `>(
}(#`% = |((
>\/(( = %@/
Now, determine the result for: \""/@|",}
71f5a517,"In Alice's Wonderland, a secret unit conversion is applied to measurements. For example:
33.35 m becomes 22.39
47.3 m becomes 31.75
33.27 m becomes 22.33
44.74 m becomes 30.03
32.95 m becomes 22.12
Now, convert the following measurement: 25.79 m",17.31
71ff56c4,"In Alice's Wonderland, numbers are secretly converted into a different numeral system. Some examples are given below:
75 -> LXXV
20 -> XX
79 -> LXXIX
51 -> LI
Now, write the number 50 in the Wonderland numeral system.",L
7202052e,"In Alice's Wonderland, numbers are secretly converted into a different numeral system. Some examples are given below:
19 -> XIX
98 -> XCVIII
97 -> XCVII
80 -> LXXX
Now, write the number 80 in the Wonderland numeral system.",LXXX
7207c649,"In Alice's Wonderland, a secret unit conversion is applied to measurements. For example:
33.58 m becomes 55.12
31.05 m becomes 50.97
32.69 m becomes 53.66
Now, convert the following measurement: 17.99 m",29.53
7209e01d,"In Alice's Wonderland, numbers are secretly converted into a different numeral system. Some examples are given below:
67 -> LXVII
78 -> LXXVIII
80 -> LXXX
24 -> XXIV
85 -> LXXXV
Now, write the number 38 in the Wonderland numeral system.",XXXVIII
72413b7f,"In Alice's Wonderland, a secret set of transformation rules is applied to equations. Below are a few examples:
/""-%# = -#!
""#*?\ = ]\%
?\*?! = %???
!#*["" = {%?#
Now, determine the result for: #]+[!","""/#"
724fe70c,"In Alice's Wonderland, numbers are secretly converted into a different numeral system. Some examples are given below:
91 -> XCI
87 -> LXXXVII
64 -> LXIV
Now, write the number 38 in the Wonderland numeral system.",XXXVIII
72623f09,"In Alice's Wonderland, the gravitational constant has been secretly changed. Here are some example observations:
For t = 4.16s, distance = 118.37 m
For t = 2.76s, distance = 52.1 m
For t = 2.94s, distance = 59.12 m
Now, determine the falling distance for t = 4.27s given d = 0.5*g*t^2.",124.71
7274c0f2,"In Alice's Wonderland, numbers are secretly converted into a different numeral system. Some examples are given below:
72 -> LXXII
8 -> VIII
33 -> XXXIII
77 -> LXXVII
Now, write the number 44 in the Wonderland numeral system.",XLIV
7279dd75,"In Alice's Wonderland, numbers are secretly converted into a different numeral system. Some examples are given below:
58 -> LVIII
15 -> XV
83 -> LXXXIII
32 -> XXXII
23 -> XXIII
Now, write the number 56 in the Wonderland numeral system.",LVI
72d9b836,"In Alice's Wonderland, numbers are secretly converted into a different numeral system. Some examples are given below:
31 -> XXXI
6 -> VI
67 -> LXVII
Now, write the number 5 in the Wonderland numeral system.",V
72ff47e0,"In Alice's Wonderland, numbers are secretly converted into a different numeral system. Some examples are given below:
97 -> XCVII
84 -> LXXXIV
97 -> XCVII
Now, write the number 17 in the Wonderland numeral system.",XVII
7303583b,"In Alice's Wonderland, a secret unit conversion is applied to measurements. For example:
38.11 m becomes 24.05
47.02 m becomes 29.68
39.72 m becomes 25.07
47.54 m becomes 30.00
Now, convert the following measurement: 28.04 m",17.70
7322535e,"In Alice's Wonderland, the gravitational constant has been secretly changed. Here are some example observations:
For t = 2.11s, distance = 41.68 m
For t = 1.4s, distance = 18.35 m
For t = 3.21s, distance = 96.47 m
For t = 3.52s, distance = 116.0 m
Now, determine the falling distance for t = 1.55s given d = 0.5*g*t^2.",22.49
733e5dd6,"In Alice's Wonderland, a secret unit conversion is applied to measurements. For example:
24.57 m becomes 45.03
11.32 m becomes 20.75
6.33 m becomes 11.60
Now, convert the following measurement: 10.84 m",19.87
734cba65,"In Alice's Wonderland, a secret bit manipulation rule transforms 8-bit binary numbers. The transformation involves operations like bit shifts, rotations, XOR, AND, OR, NOT, and possibly majority or choice functions.

Here are some examples of input -> output:
10010100 -> 00101011
00011100 -> 00111000
00110111 -> 01101110
10000010 -> 00000111
00000011 -> 00000110
10001011 -> 00010111
10110000 -> 01100011
01111100 -> 11111001
11011000 -> 10110011
00111011 -> 01110110

Now, determine the output for: 00110011",01100110
73570b33,"In Alice's Wonderland, numbers are secretly converted into a different numeral system. Some examples are given below:
77 -> LXXVII
63 -> LXIII
4 -> IV
45 -> XLV
92 -> XCII
Now, write the number 22 in the Wonderland numeral system.",XXII
735e29b5,"In Alice's Wonderland, numbers are secretly converted into a different numeral system. Some examples are given below:
69 -> LXIX
28 -> XXVIII
71 -> LXXI
Now, write the number 67 in the Wonderland numeral system.",LXVII
736cdc47,"In Alice's Wonderland, the gravitational constant has been secretly changed. Here are some example observations:
For t = 3.58s, distance = 115.95 m
For t = 4.77s, distance = 205.85 m
For t = 4.56s, distance = 188.12 m
Now, determine the falling distance for t = 3.26s given d = 0.5*g*t^2.",96.15
73955ecf,"In Alice's Wonderland, the gravitational constant has been secretly changed. Here are some example observations:
For t = 3.98s, distance = 63.42 m
For t = 3.19s, distance = 40.74 m
For t = 3.41s, distance = 46.55 m
Now, determine the falling distance for t = 2.29s given d = 0.5*g*t^2.",20.99
73acb60a,"In Alice's Wonderland, a secret unit conversion is applied to measurements. For example:
45.36 m becomes 34.71
39.62 m becomes 30.31
41.91 m becomes 32.07
29.1 m becomes 22.26
5.33 m becomes 4.08
Now, convert the following measurement: 7.73 m",5.91
73de6abc,"In Alice's Wonderland, a secret unit conversion is applied to measurements. For example:
44.28 m becomes 43.88
8.07 m becomes 8.00
14.42 m becomes 14.29
34.65 m becomes 34.34
18.16 m becomes 18.00
Now, convert the following measurement: 31.05 m",30.77
73e0994b,"In Alice's Wonderland, a secret set of transformation rules is applied to equations. Below are a few examples:
<}+]) = /<
:]+/{ = </
||+]< = :
Now, determine the result for: <'(})",)<'
73f98498,"In Alice's Wonderland, the gravitational constant has been secretly changed. Here are some example observations:
For t = 3.68s, distance = 90.77 m
For t = 4.56s, distance = 139.37 m
For t = 3.97s, distance = 105.64 m
For t = 2.14s, distance = 30.7 m
Now, determine the falling distance for t = 2.2s given d = 0.5*g*t^2.",32.44
7403ef93,"In Alice's Wonderland, a secret bit manipulation rule transforms 8-bit binary numbers. The transformation involves operations like bit shifts, rotations, XOR, AND, OR, NOT, and possibly majority or choice functions.

Here are some examples of input -> output:
10000101 -> 00011111
10110011 -> 10111001
10011011 -> 00111101
11111011 -> 00110001
11011001 -> 01010101
01010111 -> 01100101
10001011 -> 00111111
11111001 -> 01010001
01011100 -> 10110100
11100101 -> 00010011

Now, determine the output for: 00010010",10011101
740e0460,"In Alice's Wonderland, a secret unit conversion is applied to measurements. For example:
34.33 m becomes 26.61
7.32 m becomes 5.67
45.88 m becomes 35.56
Now, convert the following measurement: 15.02 m",11.64
741c191c,"In Alice's Wonderland, a secret unit conversion is applied to measurements. For example:
37.31 m becomes 54.92
18.97 m becomes 27.92
22.06 m becomes 32.47
19.65 m becomes 28.92
34.81 m becomes 51.24
Now, convert the following measurement: 32.14 m",47.31
743c8952,"In Alice's Wonderland, numbers are secretly converted into a different numeral system. Some examples are given below:
90 -> XC
78 -> LXXVIII
80 -> LXXX
64 -> LXIV
Now, write the number 100 in the Wonderland numeral system.",C
744c9882,"In Alice's Wonderland, numbers are secretly converted into a different numeral system. Some examples are given below:
53 -> LIII
82 -> LXXXII
71 -> LXXI
Now, write the number 78 in the Wonderland numeral system.",LXXVIII
7475f2bf,"In Alice's Wonderland, a secret set of transformation rules is applied to equations. Below are a few examples:
93\28 = 65
33(95 = 3135
88(48 = 4224
36\12 = 24
63\74 = 11
Now, determine the result for: 26+86",111
747dd795,"In Alice's Wonderland, a secret set of transformation rules is applied to equations. Below are a few examples:
(!`(> = ?(@
$%|/> = ?/@(
}(`@$ = ?{?
}@`/{ = ?$@
Now, determine the result for: >!`!$",?}{
74914eac,"In Alice's Wonderland, a secret set of transformation rules is applied to equations. Below are a few examples:
$${!/ = $$!/
!""(`| = :\""#
\/{]# = \/]#
/${]$ = /$]$
/:{`] = /:`]
Now, determine the result for: """"'::",::
7491a5db,"In Alice's Wonderland, a secret unit conversion is applied to measurements. For example:
14.24 m becomes 12.18
25.28 m becomes 21.63
19.72 m becomes 16.87
Now, convert the following measurement: 48.16 m",41.20
74f5e4b9,"In Alice's Wonderland, numbers are secretly converted into a different numeral system. Some examples are given below:
20 -> XX
66 -> LXVI
15 -> XV
Now, write the number 92 in the Wonderland numeral system.",XCII
74f66f4c,"In Alice's Wonderland, the gravitational constant has been secretly changed. Here are some example observations:
For t = 1.58s, distance = 9.84 m
For t = 3.84s, distance = 58.12 m
For t = 3.83s, distance = 57.82 m
For t = 4.92s, distance = 95.41 m
For t = 1.02s, distance = 4.1 m
Now, determine the falling distance for t = 4.91s given d = 0.5*g*t^2.",95.02
75063f2e,"In Alice's Wonderland, a secret unit conversion is applied to measurements. For example:
12.81 m becomes 8.97
27.39 m becomes 19.18
43.56 m becomes 30.50
39.59 m becomes 27.72
32.53 m becomes 22.78
Now, convert the following measurement: 45.43 m",31.81
750adc0c,"In Alice's Wonderland, a secret set of transformation rules is applied to equations. Below are a few examples:
({'%@ = ({|[
%@&:% = %(
[|/%! = !@
:!':| = ::^[
Now, determine the result for: ((/!@",^/
75161f7e,"In Alice's Wonderland, the gravitational constant has been secretly changed. Here are some example observations:
For t = 2.18s, distance = 30.98 m
For t = 4.1s, distance = 109.58 m
For t = 1.19s, distance = 9.23 m
For t = 4.39s, distance = 125.64 m
For t = 1.19s, distance = 9.23 m
Now, determine the falling distance for t = 3.19s given d = 0.5*g*t^2.",66.34
7527104b,"In Alice's Wonderland, the gravitational constant has been secretly changed. Here are some example observations:
For t = 2.17s, distance = 14.81 m
For t = 2.07s, distance = 13.48 m
For t = 1.79s, distance = 10.08 m
For t = 3.83s, distance = 46.14 m
Now, determine the falling distance for t = 4.32s given d = 0.5*g*t^2.",58.7
7535064e,"In Alice's Wonderland, numbers are secretly converted into a different numeral system. Some examples are given below:
91 -> XCI
3 -> III
13 -> XIII
96 -> XCVI
Now, write the number 6 in the Wonderland numeral system.",VI
75421960,"In Alice's Wonderland, numbers are secretly converted into a different numeral system. Some examples are given below:
57 -> LVII
56 -> LVI
93 -> XCIII
Now, write the number 34 in the Wonderland numeral system.",XXXIV
75721550,"In Alice's Wonderland, a secret unit conversion is applied to measurements. For example:
41.46 m becomes 42.75
19.26 m becomes 19.86
29.01 m becomes 29.91
Now, convert the following measurement: 7.7 m",7.94
758308ea,"In Alice's Wonderland, a secret set of transformation rules is applied to equations. Below are a few examples:
<$@(} = /'
?(\}: = (%'<
:<#%( = [[
}$#%' = }}
:}@<% = %(
Now, determine the result for: <(#<$",(
759d7b6d,"In Alice's Wonderland, the gravitational constant has been secretly changed. Here are some example observations:
For t = 3.97s, distance = 44.62 m
For t = 1.32s, distance = 4.93 m
For t = 3.05s, distance = 26.34 m
For t = 4.23s, distance = 50.66 m
For t = 4.77s, distance = 64.42 m
Now, determine the falling distance for t = 1.46s given d = 0.5*g*t^2.",6.03
75a0a820,"In Alice's Wonderland, a secret unit conversion is applied to measurements. For example:
21.04 m becomes 18.98
18.11 m becomes 16.34
13.17 m becomes 11.88
Now, convert the following measurement: 30.94 m",27.91
75a8d99a,"In Alice's Wonderland, the gravitational constant has been secretly changed. Here are some example observations:
For t = 2.1s, distance = 31.24 m
For t = 2.2s, distance = 34.28 m
For t = 3.97s, distance = 111.64 m
For t = 4.79s, distance = 162.53 m
For t = 4.54s, distance = 146.0 m
Now, determine the falling distance for t = 3.72s given d = 0.5*g*t^2.",98.02
75ac8474,"In Alice's Wonderland, numbers are secretly converted into a different numeral system. Some examples are given below:
68 -> LXVIII
77 -> LXXVII
28 -> XXVIII
33 -> XXXIII
Now, write the number 45 in the Wonderland numeral system.",XLV
75c8715e,"In Alice's Wonderland, a secret set of transformation rules is applied to equations. Below are a few examples:
[)*^/ = [>$)
[>-$# = -/
$\-^/ = -/#
Now, determine the result for: \\*>#",`^$)
75cd12f1,"In Alice's Wonderland, a secret bit manipulation rule transforms 8-bit binary numbers. The transformation involves operations like bit shifts, rotations, XOR, AND, OR, NOT, and possibly majority or choice functions.

Here are some examples of input -> output:
11011000 -> 10001101
10111111 -> 01111011
00011000 -> 10000001
10000000 -> 00001000
00110101 -> 01010011
11010101 -> 01011101
01001000 -> 10000100
11001000 -> 10001100

Now, determine the output for: 11101001",00011110
76006f59,"In Alice's Wonderland, numbers are secretly converted into a different numeral system. Some examples are given below:
21 -> XXI
55 -> LV
14 -> XIV
Now, write the number 39 in the Wonderland numeral system.",XXXIX
7609c01e,"In Alice's Wonderland, the gravitational constant has been secretly changed. Here are some example observations:
For t = 4.29s, distance = 121.32 m
For t = 4.08s, distance = 109.73 m
For t = 1.5s, distance = 14.83 m
For t = 2.32s, distance = 35.48 m
For t = 1.28s, distance = 10.8 m
Now, determine the falling distance for t = 2.54s given d = 0.5*g*t^2.",42.53
76587d66,"In Alice's Wonderland, a secret set of transformation rules is applied to equations. Below are a few examples:
>@-%@ = (/
^`-]@ = ]%
^/*%^ = >]](
Now, determine the result for: ]`-]>",]
765c19ab,"In Alice's Wonderland, the gravitational constant has been secretly changed. Here are some example observations:
For t = 2.89s, distance = 72.15 m
For t = 4.97s, distance = 213.37 m
For t = 2.38s, distance = 48.93 m
Now, determine the falling distance for t = 4.99s given d = 0.5*g*t^2.",215.09
7660ac93,"In Alice's Wonderland, a secret set of transformation rules is applied to equations. Below are a few examples:
((*%"" = {@
!(|@> = |(&
""]|]/ = |@(
(/->] = ""%!/
{!-&> = &""]>
Now, determine the result for: !&*>!",{&
767174e8,"In Alice's Wonderland, a secret set of transformation rules is applied to equations. Below are a few examples:
^<\`! = /!\
!}{/} = `]}`
#/{}^ = `!`/
''\#} = !/
Now, determine the result for: `<?</",]}
7681df4d,"In Alice's Wonderland, a secret set of transformation rules is applied to equations. Below are a few examples:
!`-`! = ""
!{+&` = ??
@""+?! = {&&
&{+?< = <#
""!-#{ = {&
Now, determine the result for: &@-!!",<
7688e06e,"In Alice's Wonderland, a secret set of transformation rules is applied to equations. Below are a few examples:
06-63 = 42
96-32 = 64
87-15 = 72
58-64 = 93
87-63 = 24
Now, determine the result for: 63-19",-55
76983293,"In Alice's Wonderland, the gravitational constant has been secretly changed. Here are some example observations:
For t = 3.23s, distance = 100.35 m
For t = 1.88s, distance = 34.0 m
For t = 3.8s, distance = 138.89 m
Now, determine the falling distance for t = 2.82s given d = 0.5*g*t^2.",76.49
769d2bde,"In Alice's Wonderland, the gravitational constant has been secretly changed. Here are some example observations:
For t = 1.19s, distance = 10.56 m
For t = 3.95s, distance = 116.33 m
For t = 1.2s, distance = 10.74 m
For t = 2.23s, distance = 37.08 m
Now, determine the falling distance for t = 4.35s given d = 0.5*g*t^2.",141.08
76be18f8,"In Alice's Wonderland, numbers are secretly converted into a different numeral system. Some examples are given below:
41 -> XLI
88 -> LXXXVIII
48 -> XLVIII
Now, write the number 92 in the Wonderland numeral system.",XCII
76c48f67,"In Alice's Wonderland, a secret set of transformation rules is applied to equations. Below are a few examples:
${)$| = !<|
<{\!] = '?\
!'\^] = {
<?\#$ = $\
Now, determine the result for: ']`|?",']#|
76c60d62,"In Alice's Wonderland, the gravitational constant has been secretly changed. Here are some example observations:
For t = 2.44s, distance = 20.8 m
For t = 1.82s, distance = 11.58 m
For t = 4.09s, distance = 58.46 m
Now, determine the falling distance for t = 2.47s given d = 0.5*g*t^2.",21.32
76d51969,"In Alice's Wonderland, the gravitational constant has been secretly changed. Here are some example observations:
For t = 4.66s, distance = 138.46 m
For t = 1.3s, distance = 10.78 m
For t = 4.34s, distance = 120.1 m
Now, determine the falling distance for t = 3.67s given d = 0.5*g*t^2.",85.88
76f01050,"In Alice's Wonderland, a secret unit conversion is applied to measurements. For example:
18.71 m becomes 28.83
32.71 m becomes 50.41
42.91 m becomes 66.13
Now, convert the following measurement: 43.85 m",67.58
76f1a7f7,"In Alice's Wonderland, numbers are secretly converted into a different numeral system. Some examples are given below:
34 -> XXXIV
55 -> LV
95 -> XCV
6 -> VI
59 -> LIX
Now, write the number 36 in the Wonderland numeral system.",XXXVI
771472d6,"In Alice's Wonderland, a secret set of transformation rules is applied to equations. Below are a few examples:
:'*?} = :'?}
})+:: = ){:
##-\{ = -'#
Now, determine the result for: ?'-\\",-'?
772f3fb2,"In Alice's Wonderland, numbers are secretly converted into a different numeral system. Some examples are given below:
100 -> C
54 -> LIV
97 -> XCVII
7 -> VII
93 -> XCIII
Now, write the number 84 in the Wonderland numeral system.",LXXXIV
7730cbd4,"In Alice's Wonderland, numbers are secretly converted into a different numeral system. Some examples are given below:
12 -> XII
16 -> XVI
56 -> LVI
76 -> LXXVI
55 -> LV
Now, write the number 32 in the Wonderland numeral system.",XXXII
77365caf,"In Alice's Wonderland, a secret set of transformation rules is applied to equations. Below are a few examples:
$\^"""" = $$%
!!^|"" = $?:
\#]""? = %:\?
#:]:$ = %$:
Now, determine the result for: \$&::",$|
77393a4b,"In Alice's Wonderland, numbers are secretly converted into a different numeral system. Some examples are given below:
96 -> XCVI
21 -> XXI
98 -> XCVIII
Now, write the number 54 in the Wonderland numeral system.",LIV
775f98a6,"In Alice's Wonderland, a secret unit conversion is applied to measurements. For example:
47.27 m becomes 62.22
30.82 m becomes 40.56
21.42 m becomes 28.19
5.77 m becomes 7.59
14.12 m becomes 18.58
Now, convert the following measurement: 18.01 m",23.70
776baab6,"In Alice's Wonderland, numbers are secretly converted into a different numeral system. Some examples are given below:
49 -> XLIX
96 -> XCVI
62 -> LXII
Now, write the number 23 in the Wonderland numeral system.",XXIII
779e363e,"In Alice's Wonderland, the gravitational constant has been secretly changed. Here are some example observations:
For t = 2.27s, distance = 47.03 m
For t = 2.89s, distance = 76.22 m
For t = 3.63s, distance = 120.26 m
Now, determine the falling distance for t = 2.86s given d = 0.5*g*t^2.",74.65
77b45d63,"In Alice's Wonderland, numbers are secretly converted into a different numeral system. Some examples are given below:
53 -> LIII
18 -> XVIII
58 -> LVIII
Now, write the number 32 in the Wonderland numeral system.",XXXII
77cb2947,"In Alice's Wonderland, numbers are secretly converted into a different numeral system. Some examples are given below:
99 -> XCIX
54 -> LIV
80 -> LXXX
Now, write the number 76 in the Wonderland numeral system.",LXXVI
78002bf2,"In Alice's Wonderland, a secret set of transformation rules is applied to equations. Below are a few examples:
(@*@: = (@@:
]]*{] = ]]{]
]!-{"" = @!
`!+>{ = !@@
Now, determine the result for: {{-{`",:
780d3ceb,"In Alice's Wonderland, the gravitational constant has been secretly changed. Here are some example observations:
For t = 1.5s, distance = 18.22 m
For t = 1.84s, distance = 27.42 m
For t = 4.84s, distance = 189.74 m
For t = 1.44s, distance = 16.8 m
For t = 1.13s, distance = 10.34 m
Now, determine the falling distance for t = 3.13s given d = 0.5*g*t^2.",79.35
7823b991,"In Alice's Wonderland, numbers are secretly converted into a different numeral system. Some examples are given below:
62 -> LXII
41 -> XLI
84 -> LXXXIV
31 -> XXXI
5 -> V
Now, write the number 11 in the Wonderland numeral system.",XI
7851d905,"In Alice's Wonderland, numbers are secretly converted into a different numeral system. Some examples are given below:
23 -> XXIII
75 -> LXXV
70 -> LXX
38 -> XXXVIII
53 -> LIII
Now, write the number 57 in the Wonderland numeral system.",LVII
787a1344,"In Alice's Wonderland, a secret set of transformation rules is applied to equations. Below are a few examples:
^)-/& = -&^
<>+^' = [!'
&\*^> = [)/)
)&+'> = [!&
)^-\^ = -[>
Now, determine the result for: !)-&[",-[\
788601f7,"In Alice's Wonderland, the gravitational constant has been secretly changed. Here are some example observations:
For t = 1.76s, distance = 26.82 m
For t = 3.0s, distance = 77.92 m
For t = 2.52s, distance = 54.98 m
For t = 3.67s, distance = 116.61 m
For t = 1.82s, distance = 28.68 m
Now, determine the falling distance for t = 4.79s given d = 0.5*g*t^2.",198.64
78d02fc5,"In Alice's Wonderland, a secret bit manipulation rule transforms 8-bit binary numbers. The transformation involves operations like bit shifts, rotations, XOR, AND, OR, NOT, and possibly majority or choice functions.

Here are some examples of input -> output:
01010011 -> 01110010
00010010 -> 00110111
00110011 -> 11110011
11101000 -> 01011101
11001010 -> 01010101
00101110 -> 11000111
00101011 -> 10010011
00011010 -> 00010111
11100100 -> 01101101

Now, determine the output for: 11011101",11001001
78d6a133,"In Alice's Wonderland, numbers are secretly converted into a different numeral system. Some examples are given below:
61 -> LXI
45 -> XLV
59 -> LIX
Now, write the number 85 in the Wonderland numeral system.",LXXXV
7900ca32,"In Alice's Wonderland, a secret unit conversion is applied to measurements. For example:
47.29 m becomes 88.72
33.13 m becomes 62.16
27.22 m becomes 51.07
Now, convert the following measurement: 13.27 m",24.90
790e0153,"In Alice's Wonderland, a secret bit manipulation rule transforms 8-bit binary numbers. The transformation involves operations like bit shifts, rotations, XOR, AND, OR, NOT, and possibly majority or choice functions.

Here are some examples of input -> output:
11010110 -> 11111010
01110100 -> 11111110
01000111 -> 11111011
01100100 -> 11111101
00100101 -> 11111101
10100111 -> 11100101
11101011 -> 11101101
01101101 -> 11111101

Now, determine the output for: 11000111",11101011
7924844c,"In Alice's Wonderland, a secret set of transformation rules is applied to equations. Below are a few examples:
{{*}{ = ){()
){+&& = ((
{{*\> = [&<
Now, determine the result for: >\->}",-(
7933172a,"In Alice's Wonderland, a secret set of transformation rules is applied to equations. Below are a few examples:
`/?]^ = &
}&{&/ = ]\&
&]?\# = ]\
\}{`} = }#
Now, determine the result for: %#+^`",^/&`
79655cea,"In Alice's Wonderland, a secret unit conversion is applied to measurements. For example:
9.14 m becomes 14.47
26.45 m becomes 41.88
33.12 m becomes 52.44
26.97 m becomes 42.70
34.46 m becomes 54.56
Now, convert the following measurement: 41.79 m",66.17
7969952e,"In Alice's Wonderland, a secret unit conversion is applied to measurements. For example:
8.91 m becomes 10.69
36.2 m becomes 43.42
48.82 m becomes 58.56
21.81 m becomes 26.16
Now, convert the following measurement: 5.26 m",6.31
796c8b63,"In Alice's Wonderland, a secret bit manipulation rule transforms 8-bit binary numbers. The transformation involves operations like bit shifts, rotations, XOR, AND, OR, NOT, and possibly majority or choice functions.

Here are some examples of input -> output:
00000001 -> 11111111
01100110 -> 11111011
01000001 -> 11111111
00100001 -> 11111101
00010110 -> 11111111
00100110 -> 11111111
11000100 -> 11110110

Now, determine the output for: 00110111",11111101
797ae611,"In Alice's Wonderland, numbers are secretly converted into a different numeral system. Some examples are given below:
99 -> XCIX
58 -> LVIII
81 -> LXXXI
64 -> LXIV
Now, write the number 39 in the Wonderland numeral system.",XXXIX
798a2a6c,"In Alice's Wonderland, numbers are secretly converted into a different numeral system. Some examples are given below:
79 -> LXXIX
67 -> LXVII
85 -> LXXXV
28 -> XXVIII
92 -> XCII
Now, write the number 96 in the Wonderland numeral system.",XCVI
799130f6,"In Alice's Wonderland, a secret unit conversion is applied to measurements. For example:
8.9 m becomes 13.92
45.63 m becomes 71.39
34.53 m becomes 54.03
Now, convert the following measurement: 33.36 m",52.19
7993452d,"In Alice's Wonderland, a secret set of transformation rules is applied to equations. Below are a few examples:
`!-`/ = -[]
[/-:( = -](
^`*<! = :%[!
%/-<< = -/(
!<+^^ = %((
Now, determine the result for: :<-]!",-^]
79c81d5e,"In Alice's Wonderland, a secret set of transformation rules is applied to equations. Below are a few examples:
!?\!} = :
]:\&! = !]
#(`^: = #(^:
#?`&& = #?&&
Now, determine the result for: ^#\!(",:]
7a17137f,"In Alice's Wonderland, a secret set of transformation rules is applied to equations. Below are a few examples:
##+#@ = `%\
?{-\` = @>
%`*'? = {\>\
%`->` = ->
Now, determine the result for: %>*`\",{{&
7a39cbcd,"In Alice's Wonderland, the gravitational constant has been secretly changed. Here are some example observations:
For t = 4.7s, distance = 115.29 m
For t = 4.46s, distance = 103.81 m
For t = 1.11s, distance = 6.43 m
For t = 4.98s, distance = 129.43 m
For t = 1.09s, distance = 6.2 m
Now, determine the falling distance for t = 1.57s given d = 0.5*g*t^2.",12.86
7a3ed1ef,"In Alice's Wonderland, a secret bit manipulation rule transforms 8-bit binary numbers. The transformation involves operations like bit shifts, rotations, XOR, AND, OR, NOT, and possibly majority or choice functions.

Here are some examples of input -> output:
11011110 -> 10001110
00010001 -> 10001000
11110011 -> 00011111
10000100 -> 00100100
10001000 -> 01000100
00011000 -> 10000000
01111110 -> 00000011
11000101 -> 00101110

Now, determine the output for: 01000011",00010110
7a422e17,"In Alice's Wonderland, a secret set of transformation rules is applied to equations. Below are a few examples:
"":@%# = %&{
'}+'' = &'""
'{-%! = }
``-#{ = -{:
Now, determine the result for: #`@{""",%'!
7a5cfe3e,"In Alice's Wonderland, a secret set of transformation rules is applied to equations. Below are a few examples:
#>+(} = ^[>
#'+#& = }[>
&/+[> = &$
[&-[} = -[&
[$*^( = [}//
Now, determine the result for: &>-$$",-#>
7a65a8eb,"In Alice's Wonderland, a secret set of transformation rules is applied to equations. Below are a few examples:
'\+\^ = &?#
^&-'} = ##
(\-(( = #
'?-'# = #
Now, determine the result for: '(*??",}'#'
7a9711b1,"In Alice's Wonderland, a secret set of transformation rules is applied to equations. Below are a few examples:
71+77 = 148
98+51 = 149
56/43 = 13
Now, determine the result for: 18}38",1838
7aca8470,"In Alice's Wonderland, a secret unit conversion is applied to measurements. For example:
28.41 m becomes 24.16
21.9 m becomes 18.63
36.08 m becomes 30.69
Now, convert the following measurement: 28.1 m",23.90
7ae46d52,"In Alice's Wonderland, the gravitational constant has been secretly changed. Here are some example observations:
For t = 1.11s, distance = 6.42 m
For t = 1.35s, distance = 9.5 m
For t = 3.94s, distance = 80.93 m
For t = 2.75s, distance = 39.42 m
Now, determine the falling distance for t = 2.06s given d = 0.5*g*t^2.",22.12
7b060b56,"In Alice's Wonderland, the gravitational constant has been secretly changed. Here are some example observations:
For t = 3.72s, distance = 38.49 m
For t = 4.23s, distance = 49.77 m
For t = 4.46s, distance = 55.33 m
For t = 3.53s, distance = 34.66 m
Now, determine the falling distance for t = 2.85s given d = 0.5*g*t^2.",22.59
7b0766ff,"In Alice's Wonderland, the gravitational constant has been secretly changed. Here are some example observations:
For t = 4.8s, distance = 217.88 m
For t = 2.61s, distance = 64.42 m
For t = 4.05s, distance = 155.11 m
For t = 1.96s, distance = 36.33 m
For t = 1.87s, distance = 33.07 m
Now, determine the falling distance for t = 2.79s given d = 0.5*g*t^2.",73.61
7b1f2422,"In Alice's Wonderland, a secret unit conversion is applied to measurements. For example:
27.61 m becomes 41.36
35.99 m becomes 53.91
17.31 m becomes 25.93
43.15 m becomes 64.64
Now, convert the following measurement: 31.95 m",47.86
7b252a2d,"In Alice's Wonderland, a secret unit conversion is applied to measurements. For example:
41.68 m becomes 29.32
13.23 m becomes 9.31
20.49 m becomes 14.41
Now, convert the following measurement: 7.13 m",5.02
7b2c9d36,"In Alice's Wonderland, a secret unit conversion is applied to measurements. For example:
41.89 m becomes 54.67
30.64 m becomes 39.98
39.16 m becomes 51.10
42.57 m becomes 55.55
34.77 m becomes 45.37
Now, convert the following measurement: 46.02 m",60.05
7b38ff97,"In Alice's Wonderland, a secret bit manipulation rule transforms 8-bit binary numbers. The transformation involves operations like bit shifts, rotations, XOR, AND, OR, NOT, and possibly majority or choice functions.

Here are some examples of input -> output:
01011010 -> 00100100
01000110 -> 00000010
01001101 -> 10000010
11011010 -> 00100100
10101001 -> 01010100
11011000 -> 00100100
11111100 -> 01111110

Now, determine the output for: 01010000",00100000
7b3d06f7,"In Alice's Wonderland, a secret set of transformation rules is applied to equations. Below are a few examples:
?$+$| = ^?
?'+^} = |$
?$-#/ = ##
/^-#$ = ?/
Now, determine the result for: $[-/^",|
7b47f88d,"In Alice's Wonderland, the gravitational constant has been secretly changed. Here are some example observations:
For t = 3.53s, distance = 57.21 m
For t = 2.69s, distance = 33.22 m
For t = 4.68s, distance = 100.56 m
Now, determine the falling distance for t = 1.4s given d = 0.5*g*t^2.",9.0
7b9c21ea,"In Alice's Wonderland, the gravitational constant has been secretly changed. Here are some example observations:
For t = 4.48s, distance = 62.35 m
For t = 4.95s, distance = 76.12 m
For t = 4.1s, distance = 52.22 m
For t = 2.21s, distance = 15.17 m
Now, determine the falling distance for t = 1.51s given d = 0.5*g*t^2.",7.08
7bad754f,"In Alice's Wonderland, a secret bit manipulation rule transforms 8-bit binary numbers. The transformation involves operations like bit shifts, rotations, XOR, AND, OR, NOT, and possibly majority or choice functions.

Here are some examples of input -> output:
10010110 -> 10000111
00011001 -> 00001110
00000101 -> 10111011
11011011 -> 01000011
10001110 -> 01101111
00110110 -> 01011111
11001101 -> 01110011
01101010 -> 11010101

Now, determine the output for: 11010010",11110011
7c0e238e,"In Alice's Wonderland, a secret set of transformation rules is applied to equations. Below are a few examples:
%@*^| = :@
@$<%@ = [@[
""%{[@ = ""%[@
Now, determine the result for: '`*:$",*^:
7c0eafc7,"In Alice's Wonderland, a secret unit conversion is applied to measurements. For example:
35.96 m becomes 30.91
47.41 m becomes 40.75
27.37 m becomes 23.53
26.47 m becomes 22.75
Now, convert the following measurement: 12.97 m",11.15
7c27d6df,"In Alice's Wonderland, a secret bit manipulation rule transforms 8-bit binary numbers. The transformation involves operations like bit shifts, rotations, XOR, AND, OR, NOT, and possibly majority or choice functions.

Here are some examples of input -> output:
10010111 -> 01001111
00010010 -> 00111011
01111100 -> 00111110
11100111 -> 11111011
01001111 -> 00110111
00110100 -> 00111010
11010100 -> 11111010
11100101 -> 01110010
11010101 -> 11111110
10011001 -> 11111101

Now, determine the output for: 01011010",00101101
7c494c86,"In Alice's Wonderland, a secret unit conversion is applied to measurements. For example:
36.97 m becomes 24.29
5.72 m becomes 3.76
12.13 m becomes 7.97
Now, convert the following measurement: 34.43 m",22.62
7c4db527,"In Alice's Wonderland, a secret bit manipulation rule transforms 8-bit binary numbers. The transformation involves operations like bit shifts, rotations, XOR, AND, OR, NOT, and possibly majority or choice functions.

Here are some examples of input -> output:
00010110 -> 01110100
11001101 -> 01011001
10000101 -> 01111101
11101001 -> 01001011
11001110 -> 00011001
10000111 -> 11111101
11110000 -> 10000111
11110100 -> 10000101
01110100 -> 11000101

Now, determine the output for: 00111100",11100001
7c6fce02,"In Alice's Wonderland, a secret set of transformation rules is applied to equations. Below are a few examples:
>!-^& = :%%!
!&#!& = {
'<"":^ = !'
!'->% = }}<:
Now, determine the result for: '&#%>",:<
7c95b4ad,"In Alice's Wonderland, numbers are secretly converted into a different numeral system. Some examples are given below:
53 -> LIII
50 -> L
49 -> XLIX
13 -> XIII
18 -> XVIII
Now, write the number 6 in the Wonderland numeral system.",VI
7c99ca45,"In Alice's Wonderland, a secret bit manipulation rule transforms 8-bit binary numbers. The transformation involves operations like bit shifts, rotations, XOR, AND, OR, NOT, and possibly majority or choice functions.

Here are some examples of input -> output:
01000101 -> 00010100
11010110 -> 01001100
11101011 -> 10101110
11011000 -> 00000100
00001100 -> 00000000
01001110 -> 00100000
10010101 -> 01010100
11110000 -> 00000111
11111000 -> 10000111
01011111 -> 01110100

Now, determine the output for: 00101110",10100000
7cac497a,"In Alice's Wonderland, a secret set of transformation rules is applied to equations. Below are a few examples:
[#*""% = %/`<
`""-<[ = ""
%\+\` = &[
\\-"""" = -<<
#`+""\ = <[
Now, determine the result for: <&*&""","%""""`"
7cb0f4c4,"In Alice's Wonderland, a secret set of transformation rules is applied to equations. Below are a few examples:
}^?[< = #
></<< = $[|}
^#?<| = |}
#!&|> = <<|
Now, determine the result for: $>/|[",$>@!
7cb3089e,"In Alice's Wonderland, a secret set of transformation rules is applied to equations. Below are a few examples:
!$*?^ = %?!%
(?*$% = ""||%
?|+""( = ^^
""$+^| = %?""
Now, determine the result for: ^^-!$",}%
7cc3a5c9,"In Alice's Wonderland, a secret unit conversion is applied to measurements. For example:
22.47 m becomes 12.70
42.89 m becomes 24.23
24.38 m becomes 13.78
Now, convert the following measurement: 27.28 m",15.41
7cc5442c,"In Alice's Wonderland, a secret set of transformation rules is applied to equations. Below are a few examples:
'{""@\ = \##
>@`:@ = #
\:""{> = [(#
))/{) = >:>{
Now, determine the result for: >'/#{",>#)>
7cea9097,"In Alice's Wonderland, numbers are secretly converted into a different numeral system. Some examples are given below:
49 -> XLIX
70 -> LXX
39 -> XXXIX
Now, write the number 41 in the Wonderland numeral system.",XLI
7d279557,"In Alice's Wonderland, a secret set of transformation rules is applied to equations. Below are a few examples:
#&>{] = #&{]
:&>$] = :&$]
&^-{# = -!&
{:*{: = :$#
!^*:| = @^
Now, determine the result for: ^]*:@",::#
7d5174d4,"In Alice's Wonderland, a secret unit conversion is applied to measurements. For example:
40.89 m becomes 78.46
30.86 m becomes 59.22
13.65 m becomes 26.19
21.82 m becomes 41.87
Now, convert the following measurement: 13.03 m",25.00
7d5a614a,"In Alice's Wonderland, numbers are secretly converted into a different numeral system. Some examples are given below:
86 -> LXXXVI
70 -> LXX
77 -> LXXVII
28 -> XXVIII
Now, write the number 6 in the Wonderland numeral system.",VI
7d5a62f0,"In Alice's Wonderland, the gravitational constant has been secretly changed. Here are some example observations:
For t = 1.55s, distance = 11.81 m
For t = 1.67s, distance = 13.72 m
For t = 3.14s, distance = 48.49 m
For t = 2.38s, distance = 27.86 m
For t = 4.12s, distance = 83.48 m
Now, determine the falling distance for t = 2.92s given d = 0.5*g*t^2.",41.93
7d5e3349,"In Alice's Wonderland, numbers are secretly converted into a different numeral system. Some examples are given below:
78 -> LXXVIII
8 -> VIII
16 -> XVI
86 -> LXXXVI
79 -> LXXIX
Now, write the number 62 in the Wonderland numeral system.",LXII
7d8fe3a8,"In Alice's Wonderland, a secret set of transformation rules is applied to equations. Below are a few examples:
22""20 = 43
84""52 = 137
69|71 = |2
Now, determine the result for: 91%84",7644
7d9f6c40,"In Alice's Wonderland, a secret set of transformation rules is applied to equations. Below are a few examples:
71-81 = -1
97-58 = -6
06-03 = 03
51-72 = -21
Now, determine the result for: 98+47",461
7d9ff0d2,"In Alice's Wonderland, a secret set of transformation rules is applied to equations. Below are a few examples:
#]&@# = )<
@(-]/ = @<#^
`)&`] = @/
`/-#) = <@))
]#&)^ = /]&
Now, determine the result for: /^&<?",(
7db0f3ee,"In Alice's Wonderland, a secret set of transformation rules is applied to equations. Below are a few examples:
}/*%` = )||
|)+}| = {}""
/%+/"" = {`|
[/+|/ = {[`
Now, determine the result for: %`*]%",[]|
7db5c1af,"In Alice's Wonderland, a secret set of transformation rules is applied to equations. Below are a few examples:
<}{): = @@`
})')/ = ()
)}{@@ = <<&$
}/')) = @&
Now, determine the result for: <<'(}",'@:
7db72717,"In Alice's Wonderland, a secret set of transformation rules is applied to equations. Below are a few examples:
}&-!) = @>%
}@->% = @)%
{&/@@ = {}&
&>^%@ = ^@{
@!/}) = @)(}
Now, determine the result for: @{-&!",%)
7dba5d8b,"In Alice's Wonderland, a secret bit manipulation rule transforms 8-bit binary numbers. The transformation involves operations like bit shifts, rotations, XOR, AND, OR, NOT, and possibly majority or choice functions.

Here are some examples of input -> output:
10001111 -> 01010111
00111000 -> 00011111
00110100 -> 11011111
11100010 -> 01111011
10111111 -> 00101111
00011111 -> 00111111
01111000 -> 10111111
11001111 -> 11110111
10010111 -> 11101011

Now, determine the output for: 11111010",11011111
7dbaea4b,"In Alice's Wonderland, a secret set of transformation rules is applied to equations. Below are a few examples:
<^+@@ = [^[
[}*(^ = (^[}
""[*]} = ]}""[
^<-)( = -[]
Now, determine the result for: }@-][",[)
7dc2bd2d,"In Alice's Wonderland, the gravitational constant has been secretly changed. Here are some example observations:
For t = 1.71s, distance = 16.41 m
For t = 3.79s, distance = 80.59 m
For t = 1.63s, distance = 14.91 m
For t = 3.88s, distance = 84.46 m
Now, determine the falling distance for t = 1.04s given d = 0.5*g*t^2.",6.07
7dc95459,"In Alice's Wonderland, numbers are secretly converted into a different numeral system. Some examples are given below:
28 -> XXVIII
60 -> LX
83 -> LXXXIII
Now, write the number 51 in the Wonderland numeral system.",LI
7dda37fc,"In Alice's Wonderland, a secret unit conversion is applied to measurements. For example:
5.96 m becomes 3.86
19.93 m becomes 12.90
31.08 m becomes 20.11
43.04 m becomes 27.85
Now, convert the following measurement: 31.77 m",20.56
7de78987,"In Alice's Wonderland, numbers are secretly converted into a different numeral system. Some examples are given below:
80 -> LXXX
58 -> LVIII
65 -> LXV
87 -> LXXXVII
21 -> XXI
Now, write the number 41 in the Wonderland numeral system.",XLI
7dfcc56e,"In Alice's Wonderland, numbers are secretly converted into a different numeral system. Some examples are given below:
52 -> LII
55 -> LV
63 -> LXIII
Now, write the number 24 in the Wonderland numeral system.",XXIV
7e184ef2,"In Alice's Wonderland, numbers are secretly converted into a different numeral system. Some examples are given below:
67 -> LXVII
34 -> XXXIV
79 -> LXXIX
2 -> II
Now, write the number 53 in the Wonderland numeral system.",LIII
7e230b4a,"In Alice's Wonderland, numbers are secretly converted into a different numeral system. Some examples are given below:
100 -> C
84 -> LXXXIV
95 -> XCV
32 -> XXXII
57 -> LVII
Now, write the number 19 in the Wonderland numeral system.",XIX
7e26adf6,"In Alice's Wonderland, the gravitational constant has been secretly changed. Here are some example observations:
For t = 1.59s, distance = 8.54 m
For t = 3.38s, distance = 38.59 m
For t = 2.28s, distance = 17.56 m
For t = 3.91s, distance = 51.64 m
For t = 4.23s, distance = 60.43 m
Now, determine the falling distance for t = 4.99s given d = 0.5*g*t^2.",84.1
7e2987db,"In Alice's Wonderland, a secret unit conversion is applied to measurements. For example:
19.32 m becomes 27.71
42.08 m becomes 60.36
9.51 m becomes 13.64
38.41 m becomes 55.09
23.17 m becomes 33.23
Now, convert the following measurement: 42.55 m",61.03
7e3e574b,"In Alice's Wonderland, the gravitational constant has been secretly changed. Here are some example observations:
For t = 1.78s, distance = 29.1 m
For t = 1.56s, distance = 22.35 m
For t = 4.73s, distance = 205.5 m
For t = 1.91s, distance = 33.51 m
Now, determine the falling distance for t = 3.45s given d = 0.5*g*t^2.",109.33
7e3fefc6,"In Alice's Wonderland, a secret set of transformation rules is applied to equations. Below are a few examples:
?(*}| = ?&@&
|(*?$ = &]:]
$:+]$ = (]
(:-$/ = $]
Now, determine the result for: ((-:@",?
7e8cc419,"In Alice's Wonderland, numbers are secretly converted into a different numeral system. Some examples are given below:
17 -> XVII
70 -> LXX
5 -> V
89 -> LXXXIX
88 -> LXXXVIII
Now, write the number 78 in the Wonderland numeral system.",LXXVIII
7ead7f8c,"In Alice's Wonderland, a secret unit conversion is applied to measurements. For example:
20.58 m becomes 29.08
24.02 m becomes 33.95
37.4 m becomes 52.86
28.89 m becomes 40.83
Now, convert the following measurement: 44.35 m",62.68
7eb35361,"In Alice's Wonderland, the gravitational constant has been secretly changed. Here are some example observations:
For t = 3.72s, distance = 77.23 m
For t = 4.24s, distance = 100.33 m
For t = 4.36s, distance = 106.09 m
For t = 3.76s, distance = 78.9 m
For t = 3.73s, distance = 77.65 m
Now, determine the falling distance for t = 3.92s given d = 0.5*g*t^2.",85.76
7eb3d8cc,"In Alice's Wonderland, a secret unit conversion is applied to measurements. For example:
14.67 m becomes 25.57
21.78 m becomes 37.96
43.03 m becomes 74.99
Now, convert the following measurement: 28.45 m",49.58
7ed1cc05,"In Alice's Wonderland, numbers are secretly converted into a different numeral system. Some examples are given below:
75 -> LXXV
96 -> XCVI
80 -> LXXX
13 -> XIII
14 -> XIV
Now, write the number 51 in the Wonderland numeral system.",LI
7edceb37,"In Alice's Wonderland, a secret set of transformation rules is applied to equations. Below are a few examples:
$$|'' = |<<
\$+\@ = $^\
$}+&' = @]
\\|<$ = |&]
$%/\< = }\%
Now, determine the result for: \\+&]",<$
7ef81403,"In Alice's Wonderland, a secret unit conversion is applied to measurements. For example:
8.84 m becomes 7.17
27.12 m becomes 22.00
28.91 m becomes 23.45
14.26 m becomes 11.57
43.26 m becomes 35.09
Now, convert the following measurement: 34.57 m",28.04
7f21620f,"In Alice's Wonderland, a secret set of transformation rules is applied to equations. Below are a few examples:
>^`{! = ]&>
&](&! = &!{{
]>(""& = ^""!
Now, determine the result for: <^(]{",")""/{"
7f2e1469,"In Alice's Wonderland, a secret bit manipulation rule transforms 8-bit binary numbers. The transformation involves operations like bit shifts, rotations, XOR, AND, OR, NOT, and possibly majority or choice functions.

Here are some examples of input -> output:
11111010 -> 11101011
11001100 -> 11100111
01001100 -> 11110111
11011000 -> 11101111
00101011 -> 11111011
00010001 -> 11111101
01011010 -> 11111111
01010101 -> 11110101
11110001 -> 11111100

Now, determine the output for: 10110110",11111010
7f4fc924,"In Alice's Wonderland, a secret set of transformation rules is applied to equations. Below are a few examples:
[`}#` = [>#]
(`\]@ = [::
[#+]# = +:
Now, determine the result for: >>+#(",+[`
7f5758a8,"In Alice's Wonderland, a secret set of transformation rules is applied to equations. Below are a few examples:
?!*{# = ?!{#
?'+?> = )>
{{-)@ = ?>
'?-#> = -?(
Now, determine the result for: )>+<#",'!!
7f66805e,"In Alice's Wonderland, numbers are secretly converted into a different numeral system. Some examples are given below:
10 -> X
9 -> IX
28 -> XXVIII
45 -> XLV
Now, write the number 83 in the Wonderland numeral system.",LXXXIII
7f6baac7,"In Alice's Wonderland, a secret bit manipulation rule transforms 8-bit binary numbers. The transformation involves operations like bit shifts, rotations, XOR, AND, OR, NOT, and possibly majority or choice functions.

Here are some examples of input -> output:
00000011 -> 00001100
00110111 -> 10011100
11011110 -> 01111011
01010100 -> 00010001
10001111 -> 01001110
10001110 -> 01011010
00100000 -> 10000000
00110000 -> 11000000

Now, determine the output for: 00111010",01001000
7f8370fa,"In Alice's Wonderland, a secret unit conversion is applied to measurements. For example:
34.09 m becomes 40.48
39.33 m becomes 46.71
23.63 m becomes 28.06
11.31 m becomes 13.43
24.4 m becomes 28.98
Now, convert the following measurement: 16.03 m",19.04
7fc73970,"In Alice's Wonderland, a secret unit conversion is applied to measurements. For example:
32.57 m becomes 26.52
15.44 m becomes 12.57
6.78 m becomes 5.52
36.86 m becomes 30.01
Now, convert the following measurement: 16.42 m",13.37
7fcfe0db,"In Alice's Wonderland, numbers are secretly converted into a different numeral system. Some examples are given below:
52 -> LII
15 -> XV
85 -> LXXXV
12 -> XII
46 -> XLVI
Now, write the number 92 in the Wonderland numeral system.",XCII
7fe5361b,"In Alice's Wonderland, a secret unit conversion is applied to measurements. For example:
29.96 m becomes 34.66
33.35 m becomes 38.58
31.22 m becomes 36.12
38.44 m becomes 44.47
34.74 m becomes 40.19
Now, convert the following measurement: 40.63 m",47.00
7fec1d14,"In Alice's Wonderland, a secret bit manipulation rule transforms 8-bit binary numbers. The transformation involves operations like bit shifts, rotations, XOR, AND, OR, NOT, and possibly majority or choice functions.

Here are some examples of input -> output:
11111001 -> 01110011
11111011 -> 11100011
10010100 -> 01011011
01011100 -> 00011101
01111110 -> 10001101
10011100 -> 00011011
10011011 -> 11100011
11000101 -> 10010011

Now, determine the output for: 10101010",00101010
7ff1a44d,"In Alice's Wonderland, the gravitational constant has been secretly changed. Here are some example observations:
For t = 2.69s, distance = 34.54 m
For t = 4.85s, distance = 112.29 m
For t = 4.76s, distance = 108.16 m
For t = 1.95s, distance = 18.15 m
Now, determine the falling distance for t = 2.97s given d = 0.5*g*t^2.",42.11
80082389,"In Alice's Wonderland, a secret set of transformation rules is applied to equations. Below are a few examples:
{/!]} = }{""
/^&{$ = &}
${&^} = &}$
]]!#"" = ""}
Now, determine the result for: ^/!$)","""{"""
801816a0,"In Alice's Wonderland, the gravitational constant has been secretly changed. Here are some example observations:
For t = 2.23s, distance = 16.19 m
For t = 1.43s, distance = 6.66 m
For t = 1.92s, distance = 12.0 m
For t = 4.44s, distance = 64.2 m
Now, determine the falling distance for t = 3.39s given d = 0.5*g*t^2.",37.42
802c3591,"In Alice's Wonderland, a secret set of transformation rules is applied to equations. Below are a few examples:
]?<]"" = ]?'@
?]$?@ = !(
?'<]@ = !"")
@@&("" = &)@
Now, determine the result for: )?<#`","`"""""""
805242d9,"In Alice's Wonderland, the gravitational constant has been secretly changed. Here are some example observations:
For t = 1.04s, distance = 3.93 m
For t = 2.21s, distance = 17.76 m
For t = 1.75s, distance = 11.14 m
Now, determine the falling distance for t = 4.19s given d = 0.5*g*t^2.",63.85
806677d9,"In Alice's Wonderland, a secret unit conversion is applied to measurements. For example:
43.02 m becomes 71.28
31.79 m becomes 52.68
25.21 m becomes 41.77
19.46 m becomes 32.24
5.08 m becomes 8.42
Now, convert the following measurement: 47.26 m",78.31
8090718b,"In Alice's Wonderland, a secret set of transformation rules is applied to equations. Below are a few examples:
}%-%} = -?/
?]+%? = ://
::-`? = -}/
`^*/' = :`%:
]?-}` = -&}
Now, determine the result for: }'*?/",:/^?
80926ad7,"In Alice's Wonderland, numbers are secretly converted into a different numeral system. Some examples are given below:
99 -> XCIX
45 -> XLV
91 -> XCI
69 -> LXIX
49 -> XLIX
Now, write the number 98 in the Wonderland numeral system.",XCVIII
80a09335,"In Alice's Wonderland, numbers are secretly converted into a different numeral system. Some examples are given below:
92 -> XCII
44 -> XLIV
2 -> II
44 -> XLIV
94 -> XCIV
Now, write the number 86 in the Wonderland numeral system.",LXXXVI
80ac5a9f,"In Alice's Wonderland, the gravitational constant has been secretly changed. Here are some example observations:
For t = 2.39s, distance = 19.21 m
For t = 4.03s, distance = 54.61 m
For t = 4.24s, distance = 60.44 m
Now, determine the falling distance for t = 2.85s given d = 0.5*g*t^2.",27.31
80c4ae05,"In Alice's Wonderland, a secret set of transformation rules is applied to equations. Below are a few examples:
""'}%% = '@
^^-%^ = ^<[
[""}') = }$%
<^`@% = %$^
@<}<$ = %$
Now, determine the result for: ><}"">","}$"""
80e2775c,"In Alice's Wonderland, a secret bit manipulation rule transforms 8-bit binary numbers. The transformation involves operations like bit shifts, rotations, XOR, AND, OR, NOT, and possibly majority or choice functions.

Here are some examples of input -> output:
10100010 -> 00010000
00110000 -> 00000000
00110110 -> 00011010
01011011 -> 00101101
11110010 -> 01011000
11001011 -> 00101101
11110111 -> 11011110
11101100 -> 00110100
11000000 -> 00000000
11001111 -> 00111101

Now, determine the output for: 10011000",01000000
810028f1,"In Alice's Wonderland, a secret set of transformation rules is applied to equations. Below are a few examples:
&(-(( = -`\
[`-`@ = -#)
)}+(# = ###
`}*)[ = `})[
Now, determine the result for: #&-[&",-&\
811cf872,"In Alice's Wonderland, numbers are secretly converted into a different numeral system. Some examples are given below:
82 -> LXXXII
85 -> LXXXV
27 -> XXVII
21 -> XXI
Now, write the number 51 in the Wonderland numeral system.",LI
811f5f56,"In Alice's Wonderland, a secret set of transformation rules is applied to equations. Below are a few examples:
(@:!} = \}!'
""'{@\ = @!
@^{]` = ^(]
@^&}^ = '
Now, determine the result for: (!:!@",\^^@
814b1fef,"In Alice's Wonderland, the gravitational constant has been secretly changed. Here are some example observations:
For t = 4.33s, distance = 54.47 m
For t = 2.41s, distance = 16.87 m
For t = 4.33s, distance = 54.47 m
Now, determine the falling distance for t = 1.32s given d = 0.5*g*t^2.",5.06
81522f20,"In Alice's Wonderland, a secret bit manipulation rule transforms 8-bit binary numbers. The transformation involves operations like bit shifts, rotations, XOR, AND, OR, NOT, and possibly majority or choice functions.

Here are some examples of input -> output:
10000111 -> 01001110
11000111 -> 01101111
00100001 -> 10010100
11011110 -> 01111011
01111100 -> 00110001
10100011 -> 10011110
01011100 -> 00110001
10101101 -> 01110110
11110101 -> 11010111

Now, determine the output for: 10000000",00000010
8154fbdc,"In Alice's Wonderland, a secret set of transformation rules is applied to equations. Below are a few examples:
93<77 = 9377
82-79 = -96
03<31 = 0331
Now, determine the result for: 66`82",8481
815507cd,"In Alice's Wonderland, a secret bit manipulation rule transforms 8-bit binary numbers. The transformation involves operations like bit shifts, rotations, XOR, AND, OR, NOT, and possibly majority or choice functions.

Here are some examples of input -> output:
01000001 -> 01111101
01101000 -> 01101111
01011101 -> 10100111
01101110 -> 01011111
11111100 -> 11111111
00110001 -> 00010111
00000001 -> 11110101

Now, determine the output for: 11011101",10110111
8158a14c,"In Alice's Wonderland, a secret set of transformation rules is applied to equations. Below are a few examples:
62)75 = )13
35(11 = 1135
38(64 = 6438
Now, determine the result for: 49)03",46
8165bc0d,"In Alice's Wonderland, a secret unit conversion is applied to measurements. For example:
33.7 m becomes 18.22
16.43 m becomes 8.88
28.13 m becomes 15.21
47.18 m becomes 25.51
Now, convert the following measurement: 16.03 m",8.67
816ba8c0,"In Alice's Wonderland, a secret unit conversion is applied to measurements. For example:
10.15 m becomes 7.64
49.83 m becomes 37.52
18.93 m becomes 14.25
22.38 m becomes 16.85
Now, convert the following measurement: 26.61 m",20.04
8171b6d9,"In Alice's Wonderland, the gravitational constant has been secretly changed. Here are some example observations:
For t = 1.75s, distance = 17.43 m
For t = 3.43s, distance = 66.97 m
For t = 4.44s, distance = 112.21 m
For t = 4.59s, distance = 119.92 m
For t = 2.85s, distance = 46.23 m
Now, determine the falling distance for t = 2.2s given d = 0.5*g*t^2.",27.55
8187e517,"In Alice's Wonderland, a secret set of transformation rules is applied to equations. Below are a few examples:
""{+{% = @@""
%""-@"" = -&(
@)*)< = {{#
Now, determine the result for: {(+)#",@&#
8193e7e0,"In Alice's Wonderland, a secret set of transformation rules is applied to equations. Below are a few examples:
'{*#/ = #!''
`]-#` = ]{
&!*]! = ?&!!
?!+// = ?!//
Now, determine the result for: #?*&`",??{`
819976a8,"In Alice's Wonderland, a secret unit conversion is applied to measurements. For example:
16.3 m becomes 16.40
19.92 m becomes 20.04
43.39 m becomes 43.66
12.21 m becomes 12.29
Now, convert the following measurement: 23.54 m",23.69
81a732c6,"In Alice's Wonderland, numbers are secretly converted into a different numeral system. Some examples are given below:
51 -> LI
74 -> LXXIV
55 -> LV
Now, write the number 83 in the Wonderland numeral system.",LXXXIII
81c48679,"In Alice's Wonderland, numbers are secretly converted into a different numeral system. Some examples are given below:
13 -> XIII
8 -> VIII
39 -> XXXIX
Now, write the number 30 in the Wonderland numeral system.",XXX
81dc7e60,"In Alice's Wonderland, numbers are secretly converted into a different numeral system. Some examples are given below:
96 -> XCVI
85 -> LXXXV
77 -> LXXVII
40 -> XL
98 -> XCVIII
Now, write the number 92 in the Wonderland numeral system.",XCII
81e49930,"In Alice's Wonderland, a secret unit conversion is applied to measurements. For example:
39.28 m becomes 29.41
20.85 m becomes 15.61
37.43 m becomes 28.03
49.71 m becomes 37.22
Now, convert the following measurement: 48.35 m",36.20
82109e34,"In Alice's Wonderland, a secret set of transformation rules is applied to equations. Below are a few examples:
''+:@ = @:>
^\+?^ = @$#
#?+$> = /?
^\*?# = $#>/
Now, determine the result for: '^-^^",-@>
8211fd2f,"In Alice's Wonderland, a secret bit manipulation rule transforms 8-bit binary numbers. The transformation involves operations like bit shifts, rotations, XOR, AND, OR, NOT, and possibly majority or choice functions.

Here are some examples of input -> output:
01110100 -> 10011111
10001111 -> 11011111
11011000 -> 11101110
00011101 -> 00100111
00110001 -> 00011101
10011111 -> 01110111
00101010 -> 11101111
01011001 -> 10101101
01001100 -> 00100111
11000011 -> 01100001

Now, determine the output for: 00001010",10111111
8212d076,"In Alice's Wonderland, numbers are secretly converted into a different numeral system. Some examples are given below:
59 -> LIX
99 -> XCIX
70 -> LXX
Now, write the number 58 in the Wonderland numeral system.",LVIII
823c8278,"In Alice's Wonderland, a secret set of transformation rules is applied to equations. Below are a few examples:
`:@/: = `{!!
!{<]\ = ||
>]<`/ = `!
\]@\! = !^]`
Now, determine the result for: ::<{^",|:
825006dd,"In Alice's Wonderland, numbers are secretly converted into a different numeral system. Some examples are given below:
26 -> XXVI
92 -> XCII
13 -> XIII
Now, write the number 39 in the Wonderland numeral system.",XXXIX
826bf843,"In Alice's Wonderland, a secret set of transformation rules is applied to equations. Below are a few examples:
^/-<[ = -#`
[/*<` = /^<`
<!+#< = ^/
``*<"" = /)^""
/!-/^ = -/
Now, determine the result for: [#-$[",-$)
82721bb8,"In Alice's Wonderland, numbers are secretly converted into a different numeral system. Some examples are given below:
73 -> LXXIII
86 -> LXXXVI
51 -> LI
44 -> XLIV
61 -> LXI
Now, write the number 90 in the Wonderland numeral system.",XC
8273103b,"In Alice's Wonderland, a secret unit conversion is applied to measurements. For example:
21.42 m becomes 30.30
14.89 m becomes 21.07
5.31 m becomes 7.51
8.86 m becomes 12.53
41.13 m becomes 58.19
Now, convert the following measurement: 38.95 m",55.10
828cb639,"In Alice's Wonderland, numbers are secretly converted into a different numeral system. Some examples are given below:
80 -> LXXX
56 -> LVI
85 -> LXXXV
Now, write the number 13 in the Wonderland numeral system.",XIII
82a50e8b,"In Alice's Wonderland, a secret unit conversion is applied to measurements. For example:
45.24 m becomes 76.38
26.54 m becomes 44.81
42.32 m becomes 71.45
10.33 m becomes 17.44
Now, convert the following measurement: 48.49 m",81.86
82ae858c,"In Alice's Wonderland, a secret bit manipulation rule transforms 8-bit binary numbers. The transformation involves operations like bit shifts, rotations, XOR, AND, OR, NOT, and possibly majority or choice functions.

Here are some examples of input -> output:
10001001 -> 11101010
11011010 -> 11111110
00010111 -> 01000101
10101011 -> 00101110
00100000 -> 01111011
11110111 -> 11111101
10000111 -> 00110011
10010100 -> 00111101
10111011 -> 01101110
11010001 -> 10110101

Now, determine the output for: 00110111",11001101
82b16d02,"In Alice's Wonderland, a secret unit conversion is applied to measurements. For example:
31.18 m becomes 18.11
7.06 m becomes 4.10
6.44 m becomes 3.74
Now, convert the following measurement: 28.02 m",16.28
82b32563,"In Alice's Wonderland, a secret set of transformation rules is applied to equations. Below are a few examples:
$:*}` = $:[<
$`*[[ = $``
:%*$\ = $$:[
Now, determine the result for: %\+^\",^\%\
82baf39f,"In Alice's Wonderland, a secret set of transformation rules is applied to equations. Below are a few examples:
:)?`` = ?`]
]<?{@ = @!
%/?:< = %%
Now, determine the result for: @`#</",`<@
82c9f137,"In Alice's Wonderland, a secret set of transformation rules is applied to equations. Below are a few examples:
#]-#% = {
^\+## = ]{
]?*{\ = {#\<
Now, determine the result for: {&-?#",&%
82d14e7a,"In Alice's Wonderland, a secret unit conversion is applied to measurements. For example:
17.74 m becomes 16.25
42.14 m becomes 38.60
30.01 m becomes 27.49
Now, convert the following measurement: 49.7 m",45.53
82d937aa,"In Alice's Wonderland, a secret bit manipulation rule transforms 8-bit binary numbers. The transformation involves operations like bit shifts, rotations, XOR, AND, OR, NOT, and possibly majority or choice functions.

Here are some examples of input -> output:
11111010 -> 01111101
10101010 -> 01010101
00010010 -> 00001001
00000110 -> 00000011
01011110 -> 00101111
01000110 -> 00100011
01010110 -> 00101011
11001011 -> 11100101

Now, determine the output for: 11110101",11111011
82f5bb65,"In Alice's Wonderland, numbers are secretly converted into a different numeral system. Some examples are given below:
53 -> LIII
46 -> XLVI
94 -> XCIV
45 -> XLV
Now, write the number 4 in the Wonderland numeral system.",IV
82f719f4,"In Alice's Wonderland, numbers are secretly converted into a different numeral system. Some examples are given below:
34 -> XXXIV
84 -> LXXXIV
4 -> IV
5 -> V
Now, write the number 75 in the Wonderland numeral system.",LXXV
8326116b,"In Alice's Wonderland, a secret set of transformation rules is applied to equations. Below are a few examples:
<<-}} = ::
#@-}# = {#
{:-## = }\
\""-<^ = ^:
Now, determine the result for: #:*#\",{{@?
834f6698,"In Alice's Wonderland, numbers are secretly converted into a different numeral system. Some examples are given below:
25 -> XXV
37 -> XXXVII
36 -> XXXVI
Now, write the number 42 in the Wonderland numeral system.",XLII
8373daa8,"In Alice's Wonderland, a secret set of transformation rules is applied to equations. Below are a few examples:
82+74 = 7482
68+89 = 8968
05-58 = -53
02*61 = 913
41+77 = 7741
Now, determine the result for: 08-23",84
837a6ae7,"In Alice's Wonderland, a secret set of transformation rules is applied to equations. Below are a few examples:
:@-&# = <:
&>-:< = -<:
&#+{{ = @<""
%>+&& = @@:
""#-<> = %""
Now, determine the result for: <{*:""",<>\>
8395d060,"In Alice's Wonderland, a secret set of transformation rules is applied to equations. Below are a few examples:
/@*?& = ?@&|
$(-|( = -|
@@-'/ = !(
Now, determine the result for: ?:*/|",?'@!
8397452d,"In Alice's Wonderland, a secret unit conversion is applied to measurements. For example:
35.87 m becomes 40.55
21.56 m becomes 24.38
7.8 m becomes 8.82
7.77 m becomes 8.78
Now, convert the following measurement: 35.92 m",40.61
83a2d3e7,"In Alice's Wonderland, the gravitational constant has been secretly changed. Here are some example observations:
For t = 1.23s, distance = 7.19 m
For t = 3.74s, distance = 66.47 m
For t = 3.64s, distance = 62.96 m
For t = 2.46s, distance = 28.76 m
For t = 3.44s, distance = 56.23 m
Now, determine the falling distance for t = 1.88s given d = 0.5*g*t^2.",16.8
83c1c364,"In Alice's Wonderland, a secret unit conversion is applied to measurements. For example:
25.41 m becomes 28.06
35.57 m becomes 39.28
18.97 m becomes 20.95
25.45 m becomes 28.10
34.81 m becomes 38.44
Now, convert the following measurement: 23.97 m",26.47
83c4e6af,"In Alice's Wonderland, numbers are secretly converted into a different numeral system. Some examples are given below:
14 -> XIV
31 -> XXXI
79 -> LXXIX
28 -> XXVIII
50 -> L
Now, write the number 66 in the Wonderland numeral system.",LXVI
83d0266a,"In Alice's Wonderland, a secret unit conversion is applied to measurements. For example:
33.14 m becomes 17.55
41.38 m becomes 21.92
14.95 m becomes 7.92
49.11 m becomes 26.01
48.53 m becomes 25.71
Now, convert the following measurement: 13.62 m",7.21
83d7dcd4,"In Alice's Wonderland, a secret set of transformation rules is applied to equations. Below are a few examples:
|&@#( = {(
]|@}& = >|
`>@(! = ]]|
}!)]{ = ]({&
#|@>| = ]]}
Now, determine the result for: >{?|>",?|`
842bd6bf,"In Alice's Wonderland, the gravitational constant has been secretly changed. Here are some example observations:
For t = 2.39s, distance = 33.73 m
For t = 3.03s, distance = 54.22 m
For t = 4.74s, distance = 132.69 m
For t = 2.14s, distance = 27.05 m
Now, determine the falling distance for t = 4.91s given d = 0.5*g*t^2.",142.37
842c7710,"In Alice's Wonderland, a secret set of transformation rules is applied to equations. Below are a few examples:
{]+?/ = ]%
)!*}? = }?)!
??*?? = ????
!{+#% = }//
%%*{/ = {/%%
Now, determine the result for: }%+/)",///
84396c85,"In Alice's Wonderland, numbers are secretly converted into a different numeral system. Some examples are given below:
75 -> LXXV
86 -> LXXXVI
96 -> XCVI
16 -> XVI
54 -> LIV
Now, write the number 73 in the Wonderland numeral system.",LXXIII
84443cbe,"In Alice's Wonderland, the gravitational constant has been secretly changed. Here are some example observations:
For t = 3.1s, distance = 25.88 m
For t = 3.7s, distance = 36.86 m
For t = 2.84s, distance = 21.72 m
For t = 2.63s, distance = 18.62 m
Now, determine the falling distance for t = 1.57s given d = 0.5*g*t^2.",6.64
844f826c,"In Alice's Wonderland, a secret set of transformation rules is applied to equations. Below are a few examples:
>#$@"" = >#@""
>`$@> = >`@>
)/*#` = >)
^""-`> = @/]""
/@$/) = /@/)
Now, determine the result for: `@*>`","/"""
8463d32e,"In Alice's Wonderland, numbers are secretly converted into a different numeral system. Some examples are given below:
89 -> LXXXIX
20 -> XX
70 -> LXX
Now, write the number 15 in the Wonderland numeral system.",XV
846e47e4,"In Alice's Wonderland, numbers are secretly converted into a different numeral system. Some examples are given below:
33 -> XXXIII
62 -> LXII
36 -> XXXVI
97 -> XCVII
41 -> XLI
Now, write the number 33 in the Wonderland numeral system.",XXXIII
8487bb65,"In Alice's Wonderland, a secret unit conversion is applied to measurements. For example:
48.93 m becomes 47.24
35.53 m becomes 34.30
24.09 m becomes 23.26
Now, convert the following measurement: 26.95 m",26.02
8494aad3,"In Alice's Wonderland, a secret set of transformation rules is applied to equations. Below are a few examples:
""<*""# = ))^&
""!+@! = ""!@!
""^+&"" = ""^&""
#@*## = """")`
Now, determine the result for: ])*<""","""`#&"
84d7b0a4,"In Alice's Wonderland, numbers are secretly converted into a different numeral system. Some examples are given below:
15 -> XV
84 -> LXXXIV
77 -> LXXVII
Now, write the number 1 in the Wonderland numeral system.",I
8528c245,"In Alice's Wonderland, numbers are secretly converted into a different numeral system. Some examples are given below:
21 -> XXI
49 -> XLIX
27 -> XXVII
Now, write the number 39 in the Wonderland numeral system.",XXXIX
852a6f48,"In Alice's Wonderland, a secret set of transformation rules is applied to equations. Below are a few examples:
''>%& = )%
]|+)^ = &)'|
)^{'^ = %?
Now, determine the result for: ]){&$",\\
853849cc,"In Alice's Wonderland, the gravitational constant has been secretly changed. Here are some example observations:
For t = 3.65s, distance = 32.95 m
For t = 3.93s, distance = 38.2 m
For t = 3.39s, distance = 28.43 m
For t = 3.39s, distance = 28.43 m
For t = 3.45s, distance = 29.44 m
Now, determine the falling distance for t = 2.44s given d = 0.5*g*t^2.",14.73
85562911,"In Alice's Wonderland, numbers are secretly converted into a different numeral system. Some examples are given below:
18 -> XVIII
86 -> LXXXVI
20 -> XX
15 -> XV
Now, write the number 39 in the Wonderland numeral system.",XXXIX
85610cf5,"In Alice's Wonderland, a secret unit conversion is applied to measurements. For example:
11.51 m becomes 12.61
28.22 m becomes 30.92
43.64 m becomes 47.81
Now, convert the following measurement: 35.58 m",38.98
859d8041,"In Alice's Wonderland, numbers are secretly converted into a different numeral system. Some examples are given below:
93 -> XCIII
63 -> LXIII
18 -> XVIII
17 -> XVII
Now, write the number 12 in the Wonderland numeral system.",XII
85bc954c,"In Alice's Wonderland, the gravitational constant has been secretly changed. Here are some example observations:
For t = 4.26s, distance = 68.91 m
For t = 2.15s, distance = 17.55 m
For t = 3.17s, distance = 38.16 m
Now, determine the falling distance for t = 3.52s given d = 0.5*g*t^2.",47.05
85c8fc5e,"In Alice's Wonderland, numbers are secretly converted into a different numeral system. Some examples are given below:
20 -> XX
32 -> XXXII
20 -> XX
17 -> XVII
93 -> XCIII
Now, write the number 37 in the Wonderland numeral system.",XXXVII
85d800c7,"In Alice's Wonderland, numbers are secretly converted into a different numeral system. Some examples are given below:
33 -> XXXIII
16 -> XVI
87 -> LXXXVII
14 -> XIV
73 -> LXXIII
Now, write the number 31 in the Wonderland numeral system.",XXXI
85d877a2,"In Alice's Wonderland, numbers are secretly converted into a different numeral system. Some examples are given below:
53 -> LIII
84 -> LXXXIV
42 -> XLII
Now, write the number 22 in the Wonderland numeral system.",XXII
85dc976c,"In Alice's Wonderland, a secret set of transformation rules is applied to equations. Below are a few examples:
|{*'^ = }%%^
$\-^' = >%
$:+>% = >{
}^+\{ = |\%
>%+^\ = $|
Now, determine the result for: |\+\}",}:
8604b31b,"In Alice's Wonderland, numbers are secretly converted into a different numeral system. Some examples are given below:
89 -> LXXXIX
89 -> LXXXIX
14 -> XIV
Now, write the number 97 in the Wonderland numeral system.",XCVII
86088a1b,"In Alice's Wonderland, a secret set of transformation rules is applied to equations. Below are a few examples:
}%*^> = >^`/
\\+<> = &<>
&<*}` = %\>
Now, determine the result for: !}-^`",&
861cb0b2,"In Alice's Wonderland, a secret set of transformation rules is applied to equations. Below are a few examples:
""(*/! = ""(/!
#(+/"" = ::!
""`*!# = ""`!#
Now, determine the result for: />-/>",%
861cb154,"In Alice's Wonderland, a secret set of transformation rules is applied to equations. Below are a few examples:
69(06 = 63(
77`94 = 621
76(36 = 4(
Now, determine the result for: 14!24",2271
861dc9fe,"In Alice's Wonderland, a secret unit conversion is applied to measurements. For example:
31.0 m becomes 42.74
8.0 m becomes 11.03
19.9 m becomes 27.44
Now, convert the following measurement: 30.69 m",42.32
8624dce7,"In Alice's Wonderland, numbers are secretly converted into a different numeral system. Some examples are given below:
61 -> LXI
18 -> XVIII
76 -> LXXVI
36 -> XXXVI
Now, write the number 41 in the Wonderland numeral system.",XLI
8631d7b6,"In Alice's Wonderland, a secret bit manipulation rule transforms 8-bit binary numbers. The transformation involves operations like bit shifts, rotations, XOR, AND, OR, NOT, and possibly majority or choice functions.

Here are some examples of input -> output:
01101110 -> 00000000
01001110 -> 00000000
00100010 -> 00000000
11111010 -> 00000000
01011000 -> 00000000
11001000 -> 00000000
10101011 -> 10000000
11101011 -> 10000000
00111011 -> 10000000
00001010 -> 00000000

Now, determine the output for: 11011101",00000000
8636afa1,"In Alice's Wonderland, numbers are secretly converted into a different numeral system. Some examples are given below:
67 -> LXVII
29 -> XXIX
36 -> XXXVI
34 -> XXXIV
Now, write the number 65 in the Wonderland numeral system.",LXV
86539880,"In Alice's Wonderland, numbers are secretly converted into a different numeral system. Some examples are given below:
55 -> LV
72 -> LXXII
20 -> XX
27 -> XXVII
29 -> XXIX
Now, write the number 26 in the Wonderland numeral system.",XXVI
865eab39,"In Alice's Wonderland, a secret set of transformation rules is applied to equations. Below are a few examples:
#`*>' = |>>#
|'-:% = %>
$""->$ = `
!%+""% = %""
:!+!> = !$%
Now, determine the result for: >'-:""",#$
865eca43,"In Alice's Wonderland, a secret set of transformation rules is applied to equations. Below are a few examples:
//*$< = \//\
`}-}' = }
::*>$ = \</$
}'*]} = ]}$
}\+:} = `'
Now, determine the result for: `>-'>",'
867d9b19,"In Alice's Wonderland, a secret set of transformation rules is applied to equations. Below are a few examples:
#$*'' = #$''
\]-$( = <$
(:*<# = (:<#
\#+$\ = (]
Now, determine the result for: \\-{:",$#
869eafba,"In Alice's Wonderland, numbers are secretly converted into a different numeral system. Some examples are given below:
80 -> LXXX
39 -> XXXIX
70 -> LXX
10 -> X
Now, write the number 52 in the Wonderland numeral system.",LII
86b8f246,"In Alice's Wonderland, the gravitational constant has been secretly changed. Here are some example observations:
For t = 3.6s, distance = 77.27 m
For t = 4.76s, distance = 135.08 m
For t = 1.05s, distance = 6.57 m
Now, determine the falling distance for t = 4.49s given d = 0.5*g*t^2.",120.19
86ccbdf7,"In Alice's Wonderland, a secret set of transformation rules is applied to equations. Below are a few examples:
`""-`% = ""
`|*|! = ``%:
?!+\: = ?!\:
Now, determine the result for: |?-?`",:|
86d4db61,"In Alice's Wonderland, numbers are secretly converted into a different numeral system. Some examples are given below:
93 -> XCIII
26 -> XXVI
1 -> I
69 -> LXIX
Now, write the number 8 in the Wonderland numeral system.",VIII
870cfd97,"In Alice's Wonderland, numbers are secretly converted into a different numeral system. Some examples are given below:
17 -> XVII
82 -> LXXXII
55 -> LV
Now, write the number 97 in the Wonderland numeral system.",XCVII
87312ffc,"In Alice's Wonderland, numbers are secretly converted into a different numeral system. Some examples are given below:
4 -> IV
61 -> LXI
87 -> LXXXVII
Now, write the number 7 in the Wonderland numeral system.",VII
87342969,"In Alice's Wonderland, a secret unit conversion is applied to measurements. For example:
36.44 m becomes 64.70
14.57 m becomes 25.87
35.72 m becomes 63.42
14.46 m becomes 25.67
49.92 m becomes 88.63
Now, convert the following measurement: 36.06 m",64.02
87450705,"In Alice's Wonderland, a secret unit conversion is applied to measurements. For example:
46.3 m becomes 84.15
26.12 m becomes 47.47
20.83 m becomes 37.86
47.29 m becomes 85.95
25.02 m becomes 45.47
Now, convert the following measurement: 47.69 m",86.67
8753cdcc,"In Alice's Wonderland, a secret set of transformation rules is applied to equations. Below are a few examples:
):-&| = '{
&{*?"" = ?&{
?%*]] = ?'%&
Now, determine the result for: %%+)""","'"""""
875ddb60,"In Alice's Wonderland, a secret set of transformation rules is applied to equations. Below are a few examples:
?|-<"" = -?<
""<+`"" = <!
`^+?^ = {{}
{|+{: = ""<
^{+?} = {""}
Now, determine the result for: <!-`{","""<"
87711597,"In Alice's Wonderland, a secret set of transformation rules is applied to equations. Below are a few examples:
84[77 = 521
82[77 = 501
57!25 = 32
Now, determine the result for: 49!82",01
878c843c,"In Alice's Wonderland, a secret set of transformation rules is applied to equations. Below are a few examples:
99/10 = 89
37'26 = 3726
76'94 = 7694
57'21 = 5721
88/47 = 41
Now, determine the result for: 80/45",35
87bc4751,"In Alice's Wonderland, the gravitational constant has been secretly changed. Here are some example observations:
For t = 4.67s, distance = 193.82 m
For t = 2.83s, distance = 71.18 m
For t = 1.83s, distance = 29.76 m
For t = 1.32s, distance = 15.49 m
For t = 1.71s, distance = 25.99 m
Now, determine the falling distance for t = 1.96s given d = 0.5*g*t^2.",34.14
87c4e31b,"In Alice's Wonderland, a secret bit manipulation rule transforms 8-bit binary numbers. The transformation involves operations like bit shifts, rotations, XOR, AND, OR, NOT, and possibly majority or choice functions.

Here are some examples of input -> output:
10011010 -> 01110011
01001001 -> 00011011
00110001 -> 11101111
10111100 -> 01010111
11111010 -> 01001111
01110001 -> 11000111
11101101 -> 01111101
01010000 -> 01011111
11011110 -> 01111011

Now, determine the output for: 10010100",00010111
87cc5c99,"In Alice's Wonderland, the gravitational constant has been secretly changed. Here are some example observations:
For t = 2.77s, distance = 30.75 m
For t = 3.34s, distance = 44.71 m
For t = 2.71s, distance = 29.44 m
For t = 3.75s, distance = 56.36 m
Now, determine the falling distance for t = 1.77s given d = 0.5*g*t^2.",12.56
87df28a6,"In Alice's Wonderland, the gravitational constant has been secretly changed. Here are some example observations:
For t = 2.98s, distance = 25.42 m
For t = 4.9s, distance = 68.73 m
For t = 2.42s, distance = 16.76 m
Now, determine the falling distance for t = 2.13s given d = 0.5*g*t^2.",12.99
882153ed,"In Alice's Wonderland, a secret unit conversion is applied to measurements. For example:
39.19 m becomes 25.71
32.29 m becomes 21.19
32.82 m becomes 21.54
Now, convert the following measurement: 39.06 m",25.63
88330166,"In Alice's Wonderland, numbers are secretly converted into a different numeral system. Some examples are given below:
76 -> LXXVI
85 -> LXXXV
75 -> LXXV
Now, write the number 79 in the Wonderland numeral system.",LXXIX
88368638,"In Alice's Wonderland, numbers are secretly converted into a different numeral system. Some examples are given below:
33 -> XXXIII
70 -> LXX
98 -> XCVIII
Now, write the number 49 in the Wonderland numeral system.",XLIX
8848a9cd,"In Alice's Wonderland, numbers are secretly converted into a different numeral system. Some examples are given below:
70 -> LXX
23 -> XXIII
5 -> V
Now, write the number 61 in the Wonderland numeral system.",LXI
8866c3fa,"In Alice's Wonderland, the gravitational constant has been secretly changed. Here are some example observations:
For t = 3.44s, distance = 104.27 m
For t = 3.68s, distance = 119.33 m
For t = 3.6s, distance = 114.2 m
For t = 2.01s, distance = 35.6 m
For t = 4.81s, distance = 203.87 m
Now, determine the falling distance for t = 4.91s given d = 0.5*g*t^2.",212.43
88825a6e,"In Alice's Wonderland, numbers are secretly converted into a different numeral system. Some examples are given below:
65 -> LXV
89 -> LXXXIX
84 -> LXXXIV
89 -> LXXXIX
83 -> LXXXIII
Now, write the number 49 in the Wonderland numeral system.",XLIX
888c8e78,"In Alice's Wonderland, numbers are secretly converted into a different numeral system. Some examples are given below:
85 -> LXXXV
5 -> V
12 -> XII
11 -> XI
Now, write the number 71 in the Wonderland numeral system.",LXXI
889771e8,"In Alice's Wonderland, a secret unit conversion is applied to measurements. For example:
46.57 m becomes 56.65
36.5 m becomes 44.40
26.98 m becomes 32.82
Now, convert the following measurement: 31.99 m",38.91
88c170e5,"In Alice's Wonderland, the gravitational constant has been secretly changed. Here are some example observations:
For t = 4.57s, distance = 142.49 m
For t = 2.4s, distance = 39.3 m
For t = 3.32s, distance = 75.2 m
Now, determine the falling distance for t = 2.59s given d = 0.5*g*t^2.",45.77
88c42af7,"In Alice's Wonderland, a secret unit conversion is applied to measurements. For example:
26.87 m becomes 43.90
28.07 m becomes 45.86
26.39 m becomes 43.11
Now, convert the following measurement: 18.47 m",30.17
88e37622,"In Alice's Wonderland, the gravitational constant has been secretly changed. Here are some example observations:
For t = 4.51s, distance = 155.44 m
For t = 1.74s, distance = 23.14 m
For t = 3.78s, distance = 109.19 m
Now, determine the falling distance for t = 3.18s given d = 0.5*g*t^2.",77.28
88e490b2,"In Alice's Wonderland, a secret unit conversion is applied to measurements. For example:
33.48 m becomes 37.89
39.0 m becomes 44.14
17.87 m becomes 20.23
32.37 m becomes 36.64
Now, convert the following measurement: 16.3 m",18.45
88ee1e88,"In Alice's Wonderland, numbers are secretly converted into a different numeral system. Some examples are given below:
88 -> LXXXVIII
3 -> III
62 -> LXII
97 -> XCVII
Now, write the number 29 in the Wonderland numeral system.",XXIX
8916a10d,"In Alice's Wonderland, a secret set of transformation rules is applied to equations. Below are a few examples:
:^*^} = ^}:^
\(-:( = !
{^+:{ = <{}
:\-^] = ]}
Now, determine the result for: :}+<!",::
89372649,"In Alice's Wonderland, the gravitational constant has been secretly changed. Here are some example observations:
For t = 4.76s, distance = 168.62 m
For t = 3.96s, distance = 116.7 m
For t = 3.83s, distance = 109.17 m
For t = 3.97s, distance = 117.29 m
Now, determine the falling distance for t = 1.81s given d = 0.5*g*t^2.",24.38
89381b04,"In Alice's Wonderland, numbers are secretly converted into a different numeral system. Some examples are given below:
13 -> XIII
18 -> XVIII
52 -> LII
85 -> LXXXV
2 -> II
Now, write the number 86 in the Wonderland numeral system.",LXXXVI
893908bc,"In Alice's Wonderland, numbers are secretly converted into a different numeral system. Some examples are given below:
91 -> XCI
65 -> LXV
84 -> LXXXIV
Now, write the number 77 in the Wonderland numeral system.",LXXVII
893ffb06,"In Alice's Wonderland, a secret set of transformation rules is applied to equations. Below are a few examples:
))+}: = ))}:
{@-'! = -{`
'}+@| = '}@|
::*:' = {||{
Now, determine the result for: @`-`:",-@'
8962872b,"In Alice's Wonderland, a secret set of transformation rules is applied to equations. Below are a few examples:
]:?$) = `$])
^$}%] = $^
%)?\] = `^%)
Now, determine the result for: ``?`\",%`&
8970138c,"In Alice's Wonderland, numbers are secretly converted into a different numeral system. Some examples are given below:
38 -> XXXVIII
42 -> XLII
17 -> XVII
4 -> IV
Now, write the number 9 in the Wonderland numeral system.",IX
898bc85a,"In Alice's Wonderland, a secret set of transformation rules is applied to equations. Below are a few examples:
}%+][ = [)
?%+%) = ]>[
??-@& = &}
Now, determine the result for: }?+?)",^[[
899e7ce8,"In Alice's Wonderland, a secret set of transformation rules is applied to equations. Below are a few examples:
38)66 = 9745
83/37 = 111
06/66 = 621
92)35 = 8351
52/35 = 87
Now, determine the result for: 33@23",1@
899e9abc,"In Alice's Wonderland, a secret set of transformation rules is applied to equations. Below are a few examples:
`}-""` = -}#
/}-/@ = -?""
}@+(} = ()
Now, determine the result for: ?)-}}","["""
89af5175,"In Alice's Wonderland, the gravitational constant has been secretly changed. Here are some example observations:
For t = 3.76s, distance = 125.71 m
For t = 1.35s, distance = 16.21 m
For t = 2.61s, distance = 60.57 m
For t = 3.2s, distance = 91.05 m
For t = 4.99s, distance = 221.4 m
Now, determine the falling distance for t = 1.83s given d = 0.5*g*t^2.",29.78
89e7d0e2,"In Alice's Wonderland, a secret unit conversion is applied to measurements. For example:
14.17 m becomes 24.14
45.21 m becomes 77.03
22.22 m becomes 37.86
Now, convert the following measurement: 22.28 m",37.96
89ec16a8,"In Alice's Wonderland, the gravitational constant has been secretly changed. Here are some example observations:
For t = 3.11s, distance = 70.51 m
For t = 2.22s, distance = 35.93 m
For t = 2.09s, distance = 31.84 m
For t = 4.63s, distance = 156.28 m
Now, determine the falling distance for t = 3.0s given d = 0.5*g*t^2.",65.61
8a0c1aab,"In Alice's Wonderland, a secret set of transformation rules is applied to equations. Below are a few examples:
?:+[} = >}$
?$+&[ = $?
?>*:< = <[($
&>+?[ = $^
Now, determine the result for: <[-}[",<
8a0c67a5,"In Alice's Wonderland, the gravitational constant has been secretly changed. Here are some example observations:
For t = 2.1s, distance = 20.47 m
For t = 1.88s, distance = 16.41 m
For t = 1.27s, distance = 7.49 m
For t = 2.27s, distance = 23.92 m
Now, determine the falling distance for t = 1.21s given d = 0.5*g*t^2.",6.8
8a15edaa,"In Alice's Wonderland, a secret set of transformation rules is applied to equations. Below are a few examples:
//+%% = <<<
&%*(# = %##/
<{-\$ = $
{<*<& = /\&
\<*&{ = #{&{
Now, determine the result for: #(-\!",%\
8a1a2c31,"In Alice's Wonderland, a secret bit manipulation rule transforms 8-bit binary numbers. The transformation involves operations like bit shifts, rotations, XOR, AND, OR, NOT, and possibly majority or choice functions.

Here are some examples of input -> output:
10101100 -> 00110110
01101011 -> 10111101
10000100 -> 01100010
11101001 -> 10111100
01000000 -> 00100000
10011111 -> 00100111
11010110 -> 01111011
01100011 -> 10111001

Now, determine the output for: 01010100",00001010
8a1bdd48,"In Alice's Wonderland, a secret set of transformation rules is applied to equations. Below are a few examples:
`?-#? = -@?
]&*]] = &|#&
#]-]@ = -\|
[|-&? = -[@
\]-`? = `]
Now, determine the result for: \@*#[",`\&[
8a24aef9,"In Alice's Wonderland, the gravitational constant has been secretly changed. Here are some example observations:
For t = 3.63s, distance = 123.08 m
For t = 2.31s, distance = 49.84 m
For t = 4.88s, distance = 222.43 m
Now, determine the falling distance for t = 3.85s given d = 0.5*g*t^2.",138.45
8a2c5a6a,"In Alice's Wonderland, the gravitational constant has been secretly changed. Here are some example observations:
For t = 2.1s, distance = 18.71 m
For t = 1.62s, distance = 11.13 m
For t = 1.12s, distance = 5.32 m
For t = 4.65s, distance = 91.72 m
For t = 2.26s, distance = 21.67 m
Now, determine the falling distance for t = 2.5s given d = 0.5*g*t^2.",26.51
8a45a3d4,"In Alice's Wonderland, a secret bit manipulation rule transforms 8-bit binary numbers. The transformation involves operations like bit shifts, rotations, XOR, AND, OR, NOT, and possibly majority or choice functions.

Here are some examples of input -> output:
11111111 -> 11111111
00100011 -> 11011101
11000011 -> 01100001
10001111 -> 01010111
10111000 -> 11011100
10101111 -> 01010111
10001110 -> 01110111
00110001 -> 10111011

Now, determine the output for: 01000100",11111111
8a5b0cd9,"In Alice's Wonderland, numbers are secretly converted into a different numeral system. Some examples are given below:
59 -> LIX
94 -> XCIV
71 -> LXXI
2 -> II
Now, write the number 57 in the Wonderland numeral system.",LVII
8a68d02a,"In Alice's Wonderland, numbers are secretly converted into a different numeral system. Some examples are given below:
61 -> LXI
23 -> XXIII
30 -> XXX
53 -> LIII
2 -> II
Now, write the number 89 in the Wonderland numeral system.",LXXXIX
8a702bee,"In Alice's Wonderland, numbers are secretly converted into a different numeral system. Some examples are given below:
23 -> XXIII
43 -> XLIII
31 -> XXXI
35 -> XXXV
2 -> II
Now, write the number 13 in the Wonderland numeral system.",XIII
8a7c4c34,"In Alice's Wonderland, numbers are secretly converted into a different numeral system. Some examples are given below:
12 -> XII
72 -> LXXII
71 -> LXXI
76 -> LXXVI
44 -> XLIV
Now, write the number 8 in the Wonderland numeral system.",VIII
8a89300d,"In Alice's Wonderland, a secret bit manipulation rule transforms 8-bit binary numbers. The transformation involves operations like bit shifts, rotations, XOR, AND, OR, NOT, and possibly majority or choice functions.

Here are some examples of input -> output:
11000101 -> 01010110
10010101 -> 01010001
01101011 -> 00100010
10011000 -> 10001001
11100000 -> 00001110
00011001 -> 10000001
01011001 -> 00000111
00001010 -> 10100000
01010111 -> 01010011

Now, determine the output for: 10111001",10001001
8a95878c,"In Alice's Wonderland, a secret unit conversion is applied to measurements. For example:
12.19 m becomes 21.18
38.13 m becomes 66.26
40.75 m becomes 70.82
41.86 m becomes 72.75
25.69 m becomes 44.65
Now, convert the following measurement: 26.5 m",46.05
8ac26c2f,"In Alice's Wonderland, numbers are secretly converted into a different numeral system. Some examples are given below:
53 -> LIII
14 -> XIV
31 -> XXXI
89 -> LXXXIX
43 -> XLIII
Now, write the number 20 in the Wonderland numeral system.",XX
8aeb5015,"In Alice's Wonderland, the gravitational constant has been secretly changed. Here are some example observations:
For t = 1.73s, distance = 15.15 m
For t = 2.45s, distance = 30.39 m
For t = 2.05s, distance = 21.28 m
Now, determine the falling distance for t = 2.23s given d = 0.5*g*t^2.",25.18
8aff5fc4,"In Alice's Wonderland, numbers are secretly converted into a different numeral system. Some examples are given below:
14 -> XIV
73 -> LXXIII
1 -> I
54 -> LIV
86 -> LXXXVI
Now, write the number 3 in the Wonderland numeral system.",III
8b0a3fb5,"In Alice's Wonderland, a secret unit conversion is applied to measurements. For example:
42.19 m becomes 23.78
35.59 m becomes 20.06
22.36 m becomes 12.60
40.53 m becomes 22.84
37.72 m becomes 21.26
Now, convert the following measurement: 6.15 m",3.47
8b0a6cdf,"In Alice's Wonderland, the gravitational constant has been secretly changed. Here are some example observations:
For t = 2.2s, distance = 18.9 m
For t = 2.22s, distance = 19.24 m
For t = 4.17s, distance = 67.89 m
Now, determine the falling distance for t = 4.19s given d = 0.5*g*t^2.",68.54
8b1af00e,"In Alice's Wonderland, a secret set of transformation rules is applied to equations. Below are a few examples:
\@`""{ = \/&[
@\+?{ = [&""
?{`\@ = ![\[
/[`@"" = !%@
\[+{! = [/
Now, determine the result for: %@`{\",%%%&
8b226055,"In Alice's Wonderland, the gravitational constant has been secretly changed. Here are some example observations:
For t = 2.6s, distance = 53.78 m
For t = 2.38s, distance = 45.07 m
For t = 3.43s, distance = 93.6 m
For t = 1.1s, distance = 9.63 m
For t = 4.5s, distance = 161.11 m
Now, determine the falling distance for t = 1.06s given d = 0.5*g*t^2.",8.94
8b365297,"In Alice's Wonderland, a secret unit conversion is applied to measurements. For example:
7.08 m becomes 6.59
28.08 m becomes 26.16
33.56 m becomes 31.26
Now, convert the following measurement: 10.48 m",9.76
8b3b3999,"In Alice's Wonderland, numbers are secretly converted into a different numeral system. Some examples are given below:
77 -> LXXVII
45 -> XLV
64 -> LXIV
Now, write the number 41 in the Wonderland numeral system.",XLI
8b434583,"In Alice's Wonderland, a secret bit manipulation rule transforms 8-bit binary numbers. The transformation involves operations like bit shifts, rotations, XOR, AND, OR, NOT, and possibly majority or choice functions.

Here are some examples of input -> output:
01111111 -> 11110011
01001101 -> 01011001
01001000 -> 01001111
01000001 -> 01111000
10000101 -> 11110011
11100110 -> 10110100
00010100 -> 10000111
00110000 -> 01011111
00000001 -> 11111001

Now, determine the output for: 00110110",01001111
8b471ce9,"In Alice's Wonderland, a secret bit manipulation rule transforms 8-bit binary numbers. The transformation involves operations like bit shifts, rotations, XOR, AND, OR, NOT, and possibly majority or choice functions.

Here are some examples of input -> output:
10010100 -> 01011110
00100100 -> 00110111
10000001 -> 11011100
10101110 -> 01110111
00100111 -> 01010011
11100111 -> 11110011
10011100 -> 01001110

Now, determine the output for: 00011110",00001111
8b47cb08,"In Alice's Wonderland, the gravitational constant has been secretly changed. Here are some example observations:
For t = 2.61s, distance = 43.3 m
For t = 3.27s, distance = 67.97 m
For t = 3.12s, distance = 61.88 m
For t = 1.5s, distance = 14.3 m
For t = 3.65s, distance = 84.69 m
Now, determine the falling distance for t = 4.95s given d = 0.5*g*t^2.",155.76
8b4a1460,"In Alice's Wonderland, numbers are secretly converted into a different numeral system. Some examples are given below:
43 -> XLIII
4 -> IV
25 -> XXV
1 -> I
9 -> IX
Now, write the number 62 in the Wonderland numeral system.",LXII
8b540546,"In Alice's Wonderland, numbers are secretly converted into a different numeral system. Some examples are given below:
79 -> LXXIX
30 -> XXX
74 -> LXXIV
Now, write the number 32 in the Wonderland numeral system.",XXXII
8b6140d6,"In Alice's Wonderland, numbers are secretly converted into a different numeral system. Some examples are given below:
62 -> LXII
74 -> LXXIV
40 -> XL
70 -> LXX
21 -> XXI
Now, write the number 81 in the Wonderland numeral system.",LXXXI
8b7c2ea4,"In Alice's Wonderland, a secret set of transformation rules is applied to equations. Below are a few examples:
{]\][ = <{
%%'}% = '{)
{}\""] = ])@
<`'%% = [<
`)$[) = ]""))
Now, determine the result for: {@\}@",][@
8b84dbc0,"In Alice's Wonderland, numbers are secretly converted into a different numeral system. Some examples are given below:
75 -> LXXV
87 -> LXXXVII
94 -> XCIV
73 -> LXXIII
Now, write the number 87 in the Wonderland numeral system.",LXXXVII
8b929fd5,"In Alice's Wonderland, the gravitational constant has been secretly changed. Here are some example observations:
For t = 4.49s, distance = 68.18 m
For t = 5.0s, distance = 84.55 m
For t = 2.43s, distance = 19.97 m
For t = 3.83s, distance = 49.61 m
For t = 4.06s, distance = 55.75 m
Now, determine the falling distance for t = 1.59s given d = 0.5*g*t^2.",8.55
8bca1334,"In Alice's Wonderland, a secret bit manipulation rule transforms 8-bit binary numbers. The transformation involves operations like bit shifts, rotations, XOR, AND, OR, NOT, and possibly majority or choice functions.

Here are some examples of input -> output:
00110110 -> 11111011
01100111 -> 10111111
10100111 -> 11000111
11010010 -> 10100101
00100011 -> 00010111
10010110 -> 00111111
11001111 -> 01011111
10101101 -> 11101010
01011000 -> 10111100

Now, determine the output for: 10101111",11100011
8bd4b4c8,"In Alice's Wonderland, a secret set of transformation rules is applied to equations. Below are a few examples:
>|{#' = #>{
#|):[ = ""##
'|)""| = ['#
`[)""| = '>#
""[)>| = #>#
Now, determine the result for: '>]`#",??[
8c281ee9,"In Alice's Wonderland, numbers are secretly converted into a different numeral system. Some examples are given below:
89 -> LXXXIX
6 -> VI
90 -> XC
Now, write the number 19 in the Wonderland numeral system.",XIX
8c352bcf,"In Alice's Wonderland, numbers are secretly converted into a different numeral system. Some examples are given below:
96 -> XCVI
45 -> XLV
74 -> LXXIV
39 -> XXXIX
Now, write the number 14 in the Wonderland numeral system.",XIV
8c3ca7dc,"In Alice's Wonderland, the gravitational constant has been secretly changed. Here are some example observations:
For t = 2.74s, distance = 41.95 m
For t = 2.56s, distance = 36.62 m
For t = 3.92s, distance = 85.85 m
For t = 4.53s, distance = 114.65 m
For t = 2.67s, distance = 39.83 m
Now, determine the falling distance for t = 2.18s given d = 0.5*g*t^2.",26.55
8c4303a7,"In Alice's Wonderland, numbers are secretly converted into a different numeral system. Some examples are given below:
36 -> XXXVI
38 -> XXXVIII
15 -> XV
Now, write the number 76 in the Wonderland numeral system.",LXXVI
8c431d6a,"In Alice's Wonderland, a secret unit conversion is applied to measurements. For example:
6.29 m becomes 8.63
44.8 m becomes 61.44
45.84 m becomes 62.87
45.5 m becomes 62.40
9.5 m becomes 13.03
Now, convert the following measurement: 7.73 m",10.60
8c4f70b6,"In Alice's Wonderland, a secret set of transformation rules is applied to equations. Below are a few examples:
^)+(@ = $""
""[-^^ = -#$
@^+@% = &^
""(-)( = -@%
Now, determine the result for: ^#-##",-@%
8c5d40ea,"In Alice's Wonderland, the gravitational constant has been secretly changed. Here are some example observations:
For t = 3.16s, distance = 36.53 m
For t = 4.38s, distance = 70.18 m
For t = 1.27s, distance = 5.9 m
Now, determine the falling distance for t = 3.5s given d = 0.5*g*t^2.",44.81
8c5f00f0,"In Alice's Wonderland, numbers are secretly converted into a different numeral system. Some examples are given below:
100 -> C
96 -> XCVI
18 -> XVIII
55 -> LV
Now, write the number 2 in the Wonderland numeral system.",II
8c608fec,"In Alice's Wonderland, numbers are secretly converted into a different numeral system. Some examples are given below:
22 -> XXII
82 -> LXXXII
32 -> XXXII
59 -> LIX
99 -> XCIX
Now, write the number 14 in the Wonderland numeral system.",XIV
8c636405,"In Alice's Wonderland, a secret unit conversion is applied to measurements. For example:
25.12 m becomes 41.21
24.58 m becomes 40.33
26.29 m becomes 43.13
17.53 m becomes 28.76
Now, convert the following measurement: 48.01 m",78.77
8c6a158e,"In Alice's Wonderland, a secret set of transformation rules is applied to equations. Below are a few examples:
65}27 = }38
11}59 = }48
46}23 = }23
Now, determine the result for: 28}58",}30
8c8957b1,"In Alice's Wonderland, numbers are secretly converted into a different numeral system. Some examples are given below:
27 -> XXVII
5 -> V
67 -> LXVII
59 -> LIX
24 -> XXIV
Now, write the number 51 in the Wonderland numeral system.",LI
8ca27f6f,"In Alice's Wonderland, a secret set of transformation rules is applied to equations. Below are a few examples:
\""!""/ = ""`
]#{""` = %%
]/-#[ = ""\([
(@!`\ = """"
Now, determine the result for: ]%-#@",(]%/
8caa94ef,"In Alice's Wonderland, the gravitational constant has been secretly changed. Here are some example observations:
For t = 1.61s, distance = 18.53 m
For t = 3.41s, distance = 83.14 m
For t = 2.47s, distance = 43.62 m
Now, determine the falling distance for t = 1.45s given d = 0.5*g*t^2.",15.03
8caf74ff,"In Alice's Wonderland, a secret bit manipulation rule transforms 8-bit binary numbers. The transformation involves operations like bit shifts, rotations, XOR, AND, OR, NOT, and possibly majority or choice functions.

Here are some examples of input -> output:
01001111 -> 10100101
01110111 -> 10111000
01100011 -> 10110010
00111011 -> 10011100
01001010 -> 00100111
01110100 -> 00111001
01011111 -> 10101101

Now, determine the output for: 01001110",00100101
8cba814f,"In Alice's Wonderland, the gravitational constant has been secretly changed. Here are some example observations:
For t = 1.66s, distance = 13.29 m
For t = 4.59s, distance = 101.6 m
For t = 1.79s, distance = 15.45 m
For t = 4.15s, distance = 83.06 m
Now, determine the falling distance for t = 2.92s given d = 0.5*g*t^2.",41.12
8ce54da2,"In Alice's Wonderland, a secret unit conversion is applied to measurements. For example:
5.73 m becomes 6.13
46.93 m becomes 50.20
39.96 m becomes 42.74
Now, convert the following measurement: 6.5 m",6.95
8cf861c5,"In Alice's Wonderland, a secret unit conversion is applied to measurements. For example:
30.76 m becomes 35.72
40.63 m becomes 47.18
28.84 m becomes 33.49
40.42 m becomes 46.93
12.18 m becomes 14.14
Now, convert the following measurement: 25.79 m",29.95
8d5b28a2,"In Alice's Wonderland, numbers are secretly converted into a different numeral system. Some examples are given below:
15 -> XV
78 -> LXXVIII
54 -> LIV
53 -> LIII
69 -> LXIX
Now, write the number 33 in the Wonderland numeral system.",XXXIII
8d6dbeb8,"In Alice's Wonderland, numbers are secretly converted into a different numeral system. Some examples are given below:
68 -> LXVIII
12 -> XII
91 -> XCI
Now, write the number 72 in the Wonderland numeral system.",LXXII
8d90150c,"In Alice's Wonderland, a secret bit manipulation rule transforms 8-bit binary numbers. The transformation involves operations like bit shifts, rotations, XOR, AND, OR, NOT, and possibly majority or choice functions.

Here are some examples of input -> output:
10010000 -> 10000001
00000110 -> 00110000
00001010 -> 01010000
10100111 -> 00111001
10111110 -> 11110001
01001010 -> 01010000
10100010 -> 00010001
00101000 -> 01000000

Now, determine the output for: 00110101",10101000
8d9a062b,"In Alice's Wonderland, a secret set of transformation rules is applied to equations. Below are a few examples:
$%+<{ = ^:}
}!+%^ = ^$\
\$+<} = ^!^
Now, determine the result for: \}>!:",^!
8db478cb,"In Alice's Wonderland, a secret unit conversion is applied to measurements. For example:
27.07 m becomes 35.35
46.17 m becomes 60.29
33.96 m becomes 44.35
Now, convert the following measurement: 8.47 m",11.06
8dc13cc7,"In Alice's Wonderland, a secret unit conversion is applied to measurements. For example:
26.96 m becomes 45.89
36.0 m becomes 61.28
28.65 m becomes 48.77
32.88 m becomes 55.97
Now, convert the following measurement: 24.02 m",40.89
8dcbf9d4,"In Alice's Wonderland, a secret bit manipulation rule transforms 8-bit binary numbers. The transformation involves operations like bit shifts, rotations, XOR, AND, OR, NOT, and possibly majority or choice functions.

Here are some examples of input -> output:
11111100 -> 01000111
10010111 -> 00111111
10100100 -> 11101101
10000011 -> 00111000
10001011 -> 00101110
01000110 -> 01010001
00010110 -> 11011101
10100011 -> 01101000
10010010 -> 10110110

Now, determine the output for: 10010000",10110111
8de7d8bc,"In Alice's Wonderland, the gravitational constant has been secretly changed. Here are some example observations:
For t = 1.02s, distance = 6.31 m
For t = 3.57s, distance = 77.31 m
For t = 2.76s, distance = 46.21 m
For t = 3.07s, distance = 57.17 m
For t = 3.56s, distance = 76.88 m
Now, determine the falling distance for t = 3.02s given d = 0.5*g*t^2.",55.33
8e1d0f97,"In Alice's Wonderland, numbers are secretly converted into a different numeral system. Some examples are given below:
26 -> XXVI
11 -> XI
47 -> XLVII
Now, write the number 30 in the Wonderland numeral system.",XXX
8e2b3c1c,"In Alice's Wonderland, the gravitational constant has been secretly changed. Here are some example observations:
For t = 3.68s, distance = 96.62 m
For t = 3.27s, distance = 76.29 m
For t = 2.24s, distance = 35.8 m
For t = 1.26s, distance = 11.33 m
Now, determine the falling distance for t = 1.55s given d = 0.5*g*t^2.",17.14
8e3e4928,"In Alice's Wonderland, a secret set of transformation rules is applied to equations. Below are a few examples:
82\83 = 4601
08""95 = 9508
44""28 = 2844
09\84 = 0234
Now, determine the result for: 57$07",5
8e411cc7,"In Alice's Wonderland, a secret set of transformation rules is applied to equations. Below are a few examples:
^}-]] = (&$
}:#:$ = &$
]:!$$ = /]
:}!("" = ]]<
Now, determine the result for: $&!&}",]]]
8e438ef9,"In Alice's Wonderland, the gravitational constant has been secretly changed. Here are some example observations:
For t = 3.48s, distance = 54.06 m
For t = 1.44s, distance = 9.26 m
For t = 1.65s, distance = 12.15 m
For t = 4.25s, distance = 80.64 m
For t = 1.6s, distance = 11.43 m
Now, determine the falling distance for t = 4.67s given d = 0.5*g*t^2.",97.36
8e453b3c,"In Alice's Wonderland, the gravitational constant has been secretly changed. Here are some example observations:
For t = 4.02s, distance = 54.6 m
For t = 4.57s, distance = 70.57 m
For t = 3.65s, distance = 45.01 m
Now, determine the falling distance for t = 1.6s given d = 0.5*g*t^2.",8.65
8e53b548,"In Alice's Wonderland, a secret set of transformation rules is applied to equations. Below are a few examples:
`(+|` = ||&
%&+)' = ||`
@\-%| = |:
':*`) = ':`)
&:*@) = &:@)
Now, determine the result for: &&+)`",|''
8e6d01f1,"In Alice's Wonderland, a secret set of transformation rules is applied to equations. Below are a few examples:
']!^} = >>""
^^)^: = '?\>
^""-]? = ->{
Now, determine the result for: ^:!>""",{}
8e715328,"In Alice's Wonderland, numbers are secretly converted into a different numeral system. Some examples are given below:
1 -> I
11 -> XI
66 -> LXVI
Now, write the number 49 in the Wonderland numeral system.",XLIX
8e99c51c,"In Alice's Wonderland, a secret bit manipulation rule transforms 8-bit binary numbers. The transformation involves operations like bit shifts, rotations, XOR, AND, OR, NOT, and possibly majority or choice functions.

Here are some examples of input -> output:
11001010 -> 00010001
11010000 -> 00000010
11000101 -> 10001010
01000100 -> 10001000
11001000 -> 00010001
00010000 -> 00000000
10101100 -> 00010000
10101000 -> 00010000
01100101 -> 10001000
11110010 -> 01000110

Now, determine the output for: 00111100",00000000
8ea3533c,"In Alice's Wonderland, numbers are secretly converted into a different numeral system. Some examples are given below:
98 -> XCVIII
7 -> VII
89 -> LXXXIX
Now, write the number 84 in the Wonderland numeral system.",LXXXIV
8ec472cd,"In Alice's Wonderland, numbers are secretly converted into a different numeral system. Some examples are given below:
89 -> LXXXIX
57 -> LVII
84 -> LXXXIV
Now, write the number 24 in the Wonderland numeral system.",XXIV
8edde270,"In Alice's Wonderland, a secret unit conversion is applied to measurements. For example:
43.31 m becomes 81.65
43.3 m becomes 81.63
23.21 m becomes 43.75
35.18 m becomes 66.32
42.08 m becomes 79.33
Now, convert the following measurement: 40.19 m",75.76
8ee7d06b,"In Alice's Wonderland, the gravitational constant has been secretly changed. Here are some example observations:
For t = 3.02s, distance = 62.49 m
For t = 2.5s, distance = 42.83 m
For t = 3.51s, distance = 84.42 m
For t = 5.0s, distance = 171.3 m
Now, determine the falling distance for t = 2.42s given d = 0.5*g*t^2.",40.13
8f16da79,"In Alice's Wonderland, a secret unit conversion is applied to measurements. For example:
35.89 m becomes 26.17
21.79 m becomes 15.89
33.74 m becomes 24.61
Now, convert the following measurement: 22.67 m",16.53
8f1af066,"In Alice's Wonderland, a secret set of transformation rules is applied to equations. Below are a few examples:
<[*<< = \[`:
$`+`< = $``<
!!+%# = !!%#
||+|[ = |||[
Now, determine the result for: $`-!`",-`[
8f1fc800,"In Alice's Wonderland, numbers are secretly converted into a different numeral system. Some examples are given below:
73 -> LXXIII
86 -> LXXXVI
75 -> LXXV
Now, write the number 64 in the Wonderland numeral system.",LXIV
8f52b3de,"In Alice's Wonderland, a secret bit manipulation rule transforms 8-bit binary numbers. The transformation involves operations like bit shifts, rotations, XOR, AND, OR, NOT, and possibly majority or choice functions.

Here are some examples of input -> output:
01100000 -> 00000000
10101100 -> 01100001
01101101 -> 01101000
10111110 -> 11110001
01000010 -> 00010000
00100111 -> 00111000
01011010 -> 11010000

Now, determine the output for: 11110010",10010001
8f66d244,"In Alice's Wonderland, numbers are secretly converted into a different numeral system. Some examples are given below:
67 -> LXVII
85 -> LXXXV
100 -> C
80 -> LXXX
Now, write the number 69 in the Wonderland numeral system.",LXIX
8f838193,"In Alice's Wonderland, numbers are secretly converted into a different numeral system. Some examples are given below:
86 -> LXXXVI
43 -> XLIII
63 -> LXIII
28 -> XXVIII
88 -> LXXXVIII
Now, write the number 11 in the Wonderland numeral system.",XI
8fcd107e,"In Alice's Wonderland, a secret unit conversion is applied to measurements. For example:
33.39 m becomes 40.79
18.06 m becomes 22.06
6.08 m becomes 7.43
9.05 m becomes 11.05
Now, convert the following measurement: 13.28 m",16.22
8fd9ec2f,"In Alice's Wonderland, a secret unit conversion is applied to measurements. For example:
9.6 m becomes 17.29
11.79 m becomes 21.24
17.1 m becomes 30.81
19.34 m becomes 34.84
Now, convert the following measurement: 5.21 m",9.39
8fdf7ccf,"In Alice's Wonderland, a secret set of transformation rules is applied to equations. Below are a few examples:
%$*)] = <>
!]+)) = +$""
""<*>> = )#]
""""?<% = #$]$
Now, determine the result for: !<?$#",<$$%
8ff1151c,"In Alice's Wonderland, a secret set of transformation rules is applied to equations. Below are a few examples:
&'})( = %(
^@}%> = @(
>&|{) = (&'%
{^})@ = """"
Now, determine the result for: ()|)'","&(""&"
8ffacd86,"In Alice's Wonderland, the gravitational constant has been secretly changed. Here are some example observations:
For t = 3.48s, distance = 54.87 m
For t = 1.98s, distance = 17.76 m
For t = 1.48s, distance = 9.93 m
For t = 3.74s, distance = 63.38 m
Now, determine the falling distance for t = 3.94s given d = 0.5*g*t^2.",70.34
901de5a1,"In Alice's Wonderland, a secret unit conversion is applied to measurements. For example:
44.58 m becomes 63.27
24.76 m becomes 35.14
15.44 m becomes 21.91
42.99 m becomes 61.02
Now, convert the following measurement: 26.35 m",37.40
901f7a63,"In Alice's Wonderland, a secret unit conversion is applied to measurements. For example:
35.69 m becomes 30.32
25.88 m becomes 21.98
24.37 m becomes 20.70
39.62 m becomes 33.65
Now, convert the following measurement: 38.74 m",32.91
903c0d6a,"In Alice's Wonderland, a secret unit conversion is applied to measurements. For example:
46.69 m becomes 78.27
22.44 m becomes 37.62
48.05 m becomes 80.55
Now, convert the following measurement: 36.18 m",60.65
904e3a54,"In Alice's Wonderland, a secret set of transformation rules is applied to equations. Below are a few examples:
83(50 = 134
27:29 = :2
49:99 = :50
84/71 = 5963
Now, determine the result for: 76:10",66
905f83a0,"In Alice's Wonderland, a secret unit conversion is applied to measurements. For example:
36.23 m becomes 68.09
20.91 m becomes 39.30
49.04 m becomes 92.17
49.47 m becomes 92.97
Now, convert the following measurement: 30.18 m",56.72
90769c4c,"In Alice's Wonderland, a secret unit conversion is applied to measurements. For example:
32.05 m becomes 18.79
11.03 m becomes 6.47
7.54 m becomes 4.42
11.42 m becomes 6.70
48.51 m becomes 28.44
Now, convert the following measurement: 19.09 m",11.19
9081e954,"In Alice's Wonderland, a secret set of transformation rules is applied to equations. Below are a few examples:
:%!:| = :%:|
`(!(# = `((#
'{}'"" = ""
`#>({ = (@(#
|%}:# = }'""
Now, determine the result for: %{}(@",}{#
90a34627,"In Alice's Wonderland, a secret unit conversion is applied to measurements. For example:
40.62 m becomes 63.50
41.59 m becomes 65.02
35.16 m becomes 54.96
42.3 m becomes 66.13
38.24 m becomes 59.78
Now, convert the following measurement: 30.15 m",47.13
90f00d9b,"In Alice's Wonderland, a secret set of transformation rules is applied to equations. Below are a few examples:
!{-{# = -!<
>{*#! = #!>{
(|-(! = ]\
''-'| = -](
Now, determine the result for: \<+({",{#
90f50354,"In Alice's Wonderland, a secret bit manipulation rule transforms 8-bit binary numbers. The transformation involves operations like bit shifts, rotations, XOR, AND, OR, NOT, and possibly majority or choice functions.

Here are some examples of input -> output:
10001100 -> 10001001
01010111 -> 00001101
10011011 -> 01010111
11100011 -> 10001110
01100111 -> 11010110
00001000 -> 11011011
01011010 -> 10111111
00011010 -> 10011011

Now, determine the output for: 11111001",11101011
90feb0c5,"In Alice's Wonderland, a secret set of transformation rules is applied to equations. Below are a few examples:
\}+)` = \})`
:>'>} = :``
])+)\ = ]))\
Now, determine the result for: ?>'>>",:<]
9114cb5f,"In Alice's Wonderland, the gravitational constant has been secretly changed. Here are some example observations:
For t = 2.08s, distance = 10.99 m
For t = 4.49s, distance = 51.23 m
For t = 4.82s, distance = 59.04 m
For t = 4.82s, distance = 59.04 m
For t = 2.53s, distance = 16.27 m
Now, determine the falling distance for t = 1.04s given d = 0.5*g*t^2.",2.75
912f9786,"In Alice's Wonderland, a secret set of transformation rules is applied to equations. Below are a few examples:
^]-)) = @
]>+]& = ^>&
##-&: = [^
^#+:^ = ^>>
#:+[@ = ^[]
Now, determine the result for: :^-&@",^/
91336795,"In Alice's Wonderland, numbers are secretly converted into a different numeral system. Some examples are given below:
66 -> LXVI
12 -> XII
76 -> LXXVI
3 -> III
96 -> XCVI
Now, write the number 44 in the Wonderland numeral system.",XLIV
9147f188,"In Alice's Wonderland, a secret unit conversion is applied to measurements. For example:
30.71 m becomes 47.01
22.35 m becomes 34.21
5.75 m becomes 8.80
48.98 m becomes 74.97
Now, convert the following measurement: 26.49 m",40.55
9183fc49,"In Alice's Wonderland, a secret unit conversion is applied to measurements. For example:
39.18 m becomes 45.06
44.63 m becomes 51.33
47.38 m becomes 54.49
42.32 m becomes 48.67
Now, convert the following measurement: 29.13 m",33.50
9187bf33,"In Alice's Wonderland, the gravitational constant has been secretly changed. Here are some example observations:
For t = 2.75s, distance = 57.23 m
For t = 3.29s, distance = 81.91 m
For t = 1.32s, distance = 13.19 m
Now, determine the falling distance for t = 1.81s given d = 0.5*g*t^2.",24.79
919105c2,"In Alice's Wonderland, the gravitational constant has been secretly changed. Here are some example observations:
For t = 2.76s, distance = 67.74 m
For t = 1.25s, distance = 13.89 m
For t = 4.13s, distance = 151.68 m
For t = 1.02s, distance = 9.25 m
For t = 4.45s, distance = 176.1 m
Now, determine the falling distance for t = 2.65s given d = 0.5*g*t^2.",62.45
91a0e345,"In Alice's Wonderland, a secret set of transformation rules is applied to equations. Below are a few examples:
$$+#? = (\""
""'+?# = '$""
""?*!' = !`(#
?'+\` = ]""""
#`-\? = (
Now, determine the result for: !]*$]",(`]'
91adf788,"In Alice's Wonderland, numbers are secretly converted into a different numeral system. Some examples are given below:
44 -> XLIV
69 -> LXIX
56 -> LVI
20 -> XX
Now, write the number 93 in the Wonderland numeral system.",XCIII
91cd33f5,"In Alice's Wonderland, numbers are secretly converted into a different numeral system. Some examples are given below:
24 -> XXIV
51 -> LI
28 -> XXVIII
33 -> XXXIII
Now, write the number 61 in the Wonderland numeral system.",LXI
91e9dc52,"In Alice's Wonderland, a secret set of transformation rules is applied to equations. Below are a few examples:
(^+>"" = (>#
""#-^$ = :
]]-#^ = \:
\""->] = $#
($*:^ = (:\
Now, determine the result for: ()*\$",$#)#
91f639c4,"In Alice's Wonderland, a secret unit conversion is applied to measurements. For example:
18.54 m becomes 20.35
36.82 m becomes 40.42
32.17 m becomes 35.32
Now, convert the following measurement: 20.04 m",22.00
92135360,"In Alice's Wonderland, a secret set of transformation rules is applied to equations. Below are a few examples:
|?\!! = %>[
??\!) = !%)
))\]| = ]!$[
Now, determine the result for: $!\?%",$!$?
9224c45a,"In Alice's Wonderland, numbers are secretly converted into a different numeral system. Some examples are given below:
95 -> XCV
36 -> XXXVI
30 -> XXX
26 -> XXVI
Now, write the number 17 in the Wonderland numeral system.",XVII
922b67e9,"In Alice's Wonderland, a secret unit conversion is applied to measurements. For example:
15.39 m becomes 16.89
26.66 m becomes 29.26
30.79 m becomes 33.79
Now, convert the following measurement: 22.77 m",24.99
923ac2b5,"In Alice's Wonderland, a secret set of transformation rules is applied to equations. Below are a few examples:
')-]# = -#]
')*': = @\]:
)<+][ = [)\
]:+#[ = [[|
:]+|' = [)'
Now, determine the result for: '[*@@",#'<@
923b3059,"In Alice's Wonderland, a secret bit manipulation rule transforms 8-bit binary numbers. The transformation involves operations like bit shifts, rotations, XOR, AND, OR, NOT, and possibly majority or choice functions.

Here are some examples of input -> output:
10010100 -> 01000010
00000000 -> 00000000
00000110 -> 00000011
10001000 -> 01000100
10000101 -> 11000000
11101001 -> 00100110
10110111 -> 10010101
01111101 -> 00000110
01010101 -> 00000010

Now, determine the output for: 00111111",10000001
923e1560,"In Alice's Wonderland, a secret unit conversion is applied to measurements. For example:
33.69 m becomes 36.98
5.25 m becomes 5.76
19.53 m becomes 21.44
48.57 m becomes 53.31
47.68 m becomes 52.33
Now, convert the following measurement: 24.57 m",26.97
9243dd78,"In Alice's Wonderland, a secret set of transformation rules is applied to equations. Below are a few examples:
|\-?@ = -@\
""@*?^ = @}/""
@#*^} = \##/
Now, determine the result for: }}+@?","""<"
925fe861,"In Alice's Wonderland, numbers are secretly converted into a different numeral system. Some examples are given below:
86 -> LXXXVI
72 -> LXXII
57 -> LVII
Now, write the number 77 in the Wonderland numeral system.",LXXVII
927847fe,"In Alice's Wonderland, the gravitational constant has been secretly changed. Here are some example observations:
For t = 4.64s, distance = 169.43 m
For t = 1.63s, distance = 20.91 m
For t = 3.06s, distance = 73.69 m
For t = 3.85s, distance = 116.65 m
Now, determine the falling distance for t = 4.57s given d = 0.5*g*t^2.",164.36
92b8f52a,"In Alice's Wonderland, a secret bit manipulation rule transforms 8-bit binary numbers. The transformation involves operations like bit shifts, rotations, XOR, AND, OR, NOT, and possibly majority or choice functions.

Here are some examples of input -> output:
00111101 -> 00011110
01100110 -> 00001100
11010010 -> 00101000
01010111 -> 10101010
11100000 -> 01010000
00110101 -> 00001010
10101111 -> 01010111
11101000 -> 01010100

Now, determine the output for: 10100110",01010100
92e320c9,"In Alice's Wonderland, a secret set of transformation rules is applied to equations. Below are a few examples:
23%11 = 12
77%50 = 27
48""99 = 148
Now, determine the result for: 45/78",3511
92ef466f,"In Alice's Wonderland, numbers are secretly converted into a different numeral system. Some examples are given below:
99 -> XCIX
74 -> LXXIV
77 -> LXXVII
Now, write the number 85 in the Wonderland numeral system.",LXXXV
9307d2e8,"In Alice's Wonderland, the gravitational constant has been secretly changed. Here are some example observations:
For t = 1.53s, distance = 5.93 m
For t = 2.64s, distance = 17.66 m
For t = 3.19s, distance = 25.78 m
For t = 1.14s, distance = 3.29 m
For t = 4.07s, distance = 41.97 m
Now, determine the falling distance for t = 1.27s given d = 0.5*g*t^2.",4.09
932809de,"In Alice's Wonderland, numbers are secretly converted into a different numeral system. Some examples are given below:
1 -> I
46 -> XLVI
67 -> LXVII
Now, write the number 74 in the Wonderland numeral system.",LXXIV
9329c861,"In Alice's Wonderland, numbers are secretly converted into a different numeral system. Some examples are given below:
22 -> XXII
76 -> LXXVI
70 -> LXX
47 -> XLVII
Now, write the number 91 in the Wonderland numeral system.",XCI
9342e055,"In Alice's Wonderland, a secret unit conversion is applied to measurements. For example:
39.04 m becomes 54.71
41.55 m becomes 58.22
49.35 m becomes 69.16
12.76 m becomes 17.88
Now, convert the following measurement: 30.32 m",42.49
93464bd7,"In Alice's Wonderland, a secret unit conversion is applied to measurements. For example:
8.29 m becomes 13.49
21.31 m becomes 34.67
27.19 m becomes 44.24
10.44 m becomes 16.99
18.54 m becomes 30.16
Now, convert the following measurement: 18.85 m",30.67
9346686a,"In Alice's Wonderland, a secret set of transformation rules is applied to equations. Below are a few examples:
@(+:< = ""<
/<*|( = /[:|
/!*:"" = %|/
/%-[! = :
""[-|| = /!
Now, determine the result for: %(-[(",:(
935022fa,"In Alice's Wonderland, the gravitational constant has been secretly changed. Here are some example observations:
For t = 4.16s, distance = 153.83 m
For t = 4.32s, distance = 165.89 m
For t = 3.16s, distance = 88.76 m
For t = 3.66s, distance = 119.07 m
For t = 2.13s, distance = 40.33 m
Now, determine the falling distance for t = 4.79s given d = 0.5*g*t^2.",203.95
9399e513,"In Alice's Wonderland, a secret unit conversion is applied to measurements. For example:
43.67 m becomes 58.42
36.0 m becomes 48.16
13.28 m becomes 17.77
22.95 m becomes 30.70
14.23 m becomes 19.04
Now, convert the following measurement: 14.39 m",19.25
93b88a8b,"In Alice's Wonderland, a secret unit conversion is applied to measurements. For example:
37.61 m becomes 71.22
7.59 m becomes 14.37
22.76 m becomes 43.10
11.93 m becomes 22.59
37.38 m becomes 70.79
Now, convert the following measurement: 31.74 m",60.11
93bff42f,"In Alice's Wonderland, a secret unit conversion is applied to measurements. For example:
18.91 m becomes 33.11
5.55 m becomes 9.72
6.61 m becomes 11.57
Now, convert the following measurement: 23.85 m",41.76
93c9b36b,"In Alice's Wonderland, a secret set of transformation rules is applied to equations. Below are a few examples:
^%*[( = >)^)
&}->& = >[
(}-(% = ->
>^-/% = -(&
[(*^> = >}})
Now, determine the result for: )}+%)",>^[
93d65e58,"In Alice's Wonderland, numbers are secretly converted into a different numeral system. Some examples are given below:
22 -> XXII
79 -> LXXIX
99 -> XCIX
74 -> LXXIV
3 -> III
Now, write the number 69 in the Wonderland numeral system.",LXIX
93e6d0c0,"In Alice's Wonderland, a secret set of transformation rules is applied to equations. Below are a few examples:
&}'<^ = ""&
!](|& = }|
!)(&! = >}
Now, determine the result for: ^|(>^",^<
93ed0fd6,"In Alice's Wonderland, numbers are secretly converted into a different numeral system. Some examples are given below:
46 -> XLVI
97 -> XCVII
74 -> LXXIV
Now, write the number 62 in the Wonderland numeral system.",LXII
940df3f4,"In Alice's Wonderland, a secret set of transformation rules is applied to equations. Below are a few examples:
74#48 = 131
79-22 = 57
91#84 = 76
Now, determine the result for: 27!82",5102
94367b1d,"In Alice's Wonderland, a secret set of transformation rules is applied to equations. Below are a few examples:
))*`` = /``/
'[+|) = [{[
>>-[` = -`<
Now, determine the result for: [[+|<",|'
943d7ba0,"In Alice's Wonderland, numbers are secretly converted into a different numeral system. Some examples are given below:
66 -> LXVI
4 -> IV
85 -> LXXXV
78 -> LXXVIII
Now, write the number 59 in the Wonderland numeral system.",LIX
94582944,"In Alice's Wonderland, a secret unit conversion is applied to measurements. For example:
14.06 m becomes 18.01
24.54 m becomes 31.43
24.45 m becomes 31.32
Now, convert the following measurement: 30.45 m",39.00
94597005,"In Alice's Wonderland, numbers are secretly converted into a different numeral system. Some examples are given below:
31 -> XXXI
48 -> XLVIII
13 -> XIII
Now, write the number 30 in the Wonderland numeral system.",XXX
945c151e,"In Alice's Wonderland, a secret set of transformation rules is applied to equations. Below are a few examples:
42*54 = 9701
18*78 = 6407
79*01 = 969
02*33 = 956
Now, determine the result for: 38+08",461
9461b22b,"In Alice's Wonderland, a secret set of transformation rules is applied to equations. Below are a few examples:
36)32 = 4
33{82 = 2705
79)80 = 1
Now, determine the result for: 83)40",3
948e5474,"In Alice's Wonderland, a secret set of transformation rules is applied to equations. Below are a few examples:
%:-&: = `
:`*(: = (>%&
?!+&` = &`?!
Now, determine the result for: ?%-^%",-&
949ac040,"In Alice's Wonderland, the gravitational constant has been secretly changed. Here are some example observations:
For t = 4.7s, distance = 195.27 m
For t = 2.87s, distance = 72.81 m
For t = 3.59s, distance = 113.93 m
For t = 2.07s, distance = 37.88 m
Now, determine the falling distance for t = 1.82s given d = 0.5*g*t^2.",29.28
94a8fe23,"In Alice's Wonderland, a secret set of transformation rules is applied to equations. Below are a few examples:
^\':\ = }|%%
|}(^< = (<^
&`@%& = <<<
<&@\` = }<
><@|% = <\%
Now, determine the result for: &%(:>",(\%
94b3156f,"In Alice's Wonderland, a secret set of transformation rules is applied to equations. Below are a few examples:
}\-""' = |'<
|?-""\ = }""
#\['| = \""#\
Now, determine the result for: |()""}",)''
94db58d1,"In Alice's Wonderland, numbers are secretly converted into a different numeral system. Some examples are given below:
27 -> XXVII
98 -> XCVIII
21 -> XXI
76 -> LXXVI
Now, write the number 93 in the Wonderland numeral system.",XCIII
94e41495,"In Alice's Wonderland, a secret set of transformation rules is applied to equations. Below are a few examples:
$<+@< = ""}
$`+>^ = ^)
)>*$> = >$^@
}`-@< = ->^
`<+$} = @@
Now, determine the result for: |)->@",-|
9517c8fe,"In Alice's Wonderland, numbers are secretly converted into a different numeral system. Some examples are given below:
76 -> LXXVI
86 -> LXXXVI
61 -> LXI
86 -> LXXXVI
Now, write the number 64 in the Wonderland numeral system.",LXIV
952d80fe,"In Alice's Wonderland, numbers are secretly converted into a different numeral system. Some examples are given below:
17 -> XVII
100 -> C
35 -> XXXV
70 -> LXX
Now, write the number 95 in the Wonderland numeral system.",XCV
95353c23,"In Alice's Wonderland, a secret set of transformation rules is applied to equations. Below are a few examples:
|[+!( = |[!(
)[*`$ = ))!`
($+<< = ($<<
`[*`$ = |!!`
Now, determine the result for: !(*%`",<)<|
954c46bc,"In Alice's Wonderland, the gravitational constant has been secretly changed. Here are some example observations:
For t = 1.44s, distance = 15.98 m
For t = 2.54s, distance = 49.72 m
For t = 1.81s, distance = 25.25 m
For t = 1.99s, distance = 30.52 m
Now, determine the falling distance for t = 4.74s given d = 0.5*g*t^2.",173.15
954fc1ee,"In Alice's Wonderland, the gravitational constant has been secretly changed. Here are some example observations:
For t = 4.7s, distance = 82.42 m
For t = 3.74s, distance = 52.19 m
For t = 1.12s, distance = 4.68 m
For t = 3.02s, distance = 34.03 m
For t = 2.17s, distance = 17.57 m
Now, determine the falling distance for t = 2.94s given d = 0.5*g*t^2.",32.25
955e8713,"In Alice's Wonderland, a secret bit manipulation rule transforms 8-bit binary numbers. The transformation involves operations like bit shifts, rotations, XOR, AND, OR, NOT, and possibly majority or choice functions.

Here are some examples of input -> output:
00110000 -> 00100111
11011010 -> 11110111
10111000 -> 01001011
01001111 -> 01100000
10111001 -> 11001111
01111011 -> 10101011
00100111 -> 11110010

Now, determine the output for: 11110111",11010111
956a23da,"In Alice's Wonderland, a secret unit conversion is applied to measurements. For example:
39.27 m becomes 41.81
20.35 m becomes 21.67
42.12 m becomes 44.84
5.62 m becomes 5.98
Now, convert the following measurement: 13.04 m",13.88
95771a39,"In Alice's Wonderland, a secret bit manipulation rule transforms 8-bit binary numbers. The transformation involves operations like bit shifts, rotations, XOR, AND, OR, NOT, and possibly majority or choice functions.

Here are some examples of input -> output:
00101100 -> 00010011
00111000 -> 00011110
11000010 -> 00110000
11111100 -> 01111111
00010011 -> 11000000
00011000 -> 00000110
11110110 -> 01111001
11001010 -> 00100110

Now, determine the output for: 10010000",00000100
957c70fd,"In Alice's Wonderland, a secret set of transformation rules is applied to equations. Below are a few examples:
89-96 = 92
69+79 = 291
96+07 = 831
28-37 = 9
Now, determine the result for: 07-77",-7
9581ceef,"In Alice's Wonderland, numbers are secretly converted into a different numeral system. Some examples are given below:
18 -> XVIII
9 -> IX
79 -> LXXIX
13 -> XIII
81 -> LXXXI
Now, write the number 67 in the Wonderland numeral system.",LXVII
9586ea0d,"In Alice's Wonderland, numbers are secretly converted into a different numeral system. Some examples are given below:
81 -> LXXXI
65 -> LXV
60 -> LX
71 -> LXXI
Now, write the number 78 in the Wonderland numeral system.",LXXVIII
95aade61,"In Alice's Wonderland, numbers are secretly converted into a different numeral system. Some examples are given below:
68 -> LXVIII
45 -> XLV
11 -> XI
64 -> LXIV
Now, write the number 53 in the Wonderland numeral system.",LIII
95b48f5a,"In Alice's Wonderland, numbers are secretly converted into a different numeral system. Some examples are given below:
74 -> LXXIV
19 -> XIX
66 -> LXVI
84 -> LXXXIV
Now, write the number 29 in the Wonderland numeral system.",XXIX
95bbfd4b,"In Alice's Wonderland, numbers are secretly converted into a different numeral system. Some examples are given below:
46 -> XLVI
92 -> XCII
52 -> LII
54 -> LIV
35 -> XXXV
Now, write the number 42 in the Wonderland numeral system.",XLII
95def4c4,"In Alice's Wonderland, a secret set of transformation rules is applied to equations. Below are a few examples:
>?->@ = @
`&-|\ = >\
\'+@& = '@?
>{-'{ = '?
`'*`& = !'!&
Now, determine the result for: ''+&'",\|
95e8326c,"In Alice's Wonderland, a secret unit conversion is applied to measurements. For example:
44.79 m becomes 51.50
23.56 m becomes 27.09
19.67 m becomes 22.62
13.1 m becomes 15.06
15.62 m becomes 17.96
Now, convert the following measurement: 14.23 m",16.36
96115336,"In Alice's Wonderland, a secret set of transformation rules is applied to equations. Below are a few examples:
>[{#^ = ><[}
}@{&@ = !}&&
&@|>^ = !<!
@#|?! = #^
Now, determine the result for: &@{><",@!<<
96237140,"In Alice's Wonderland, the gravitational constant has been secretly changed. Here are some example observations:
For t = 4.89s, distance = 220.67 m
For t = 4.05s, distance = 151.37 m
For t = 3.8s, distance = 133.26 m
Now, determine the falling distance for t = 3.62s given d = 0.5*g*t^2.",120.93
9634f949,"In Alice's Wonderland, a secret set of transformation rules is applied to equations. Below are a few examples:
%""`'! = '""{^
%!]'"" = %'^
^#/## = ""
!{]&"" = <%^
Now, determine the result for: %""]<@",^!^
9668f2c2,"In Alice's Wonderland, a secret unit conversion is applied to measurements. For example:
14.48 m becomes 8.56
15.89 m becomes 9.39
37.01 m becomes 21.88
Now, convert the following measurement: 21.73 m",12.84
966c1f9f,"In Alice's Wonderland, a secret set of transformation rules is applied to equations. Below are a few examples:
43*19 = 4903
53-24 = -7
51-49 = -97
Now, determine the result for: 31+45",66
969a6b00,"In Alice's Wonderland, a secret set of transformation rules is applied to equations. Below are a few examples:
/(':! = `/
@|'`^ = '`|
^^}>^ = (?
@/""(: = @/?^
Now, determine the result for: `^"">?",?!?>
96e36a3c,"In Alice's Wonderland, the gravitational constant has been secretly changed. Here are some example observations:
For t = 3.07s, distance = 38.16 m
For t = 1.52s, distance = 9.35 m
For t = 1.95s, distance = 15.4 m
For t = 1.74s, distance = 12.26 m
Now, determine the falling distance for t = 3.37s given d = 0.5*g*t^2.",45.98
96e8be73,"In Alice's Wonderland, a secret set of transformation rules is applied to equations. Below are a few examples:
@@>!/ = @!#
<#(][ = (%""
%<(/] = [/
/@(@< = (\@
#""(\< = ([@
Now, determine the result for: /@(//",(!]
96efb93a,"In Alice's Wonderland, a secret set of transformation rules is applied to equations. Below are a few examples:
16*05 = 0503
17""82 = 34""
78""48 = 3""
86""33 = 53""
Now, determine the result for: 95""57",61
96f2ca1e,"In Alice's Wonderland, a secret unit conversion is applied to measurements. For example:
47.24 m becomes 68.49
26.17 m becomes 37.94
36.93 m becomes 53.54
30.35 m becomes 44.00
Now, convert the following measurement: 36.2 m",52.48
974343e1,"In Alice's Wonderland, numbers are secretly converted into a different numeral system. Some examples are given below:
86 -> LXXXVI
37 -> XXXVII
100 -> C
82 -> LXXXII
51 -> LI
Now, write the number 18 in the Wonderland numeral system.",XVIII
976a8bac,"In Alice's Wonderland, numbers are secretly converted into a different numeral system. Some examples are given below:
5 -> V
76 -> LXXVI
39 -> XXXIX
27 -> XXVII
Now, write the number 86 in the Wonderland numeral system.",LXXXVI
9777db6f,"In Alice's Wonderland, a secret unit conversion is applied to measurements. For example:
40.59 m becomes 52.66
20.1 m becomes 26.08
13.02 m becomes 16.89
48.83 m becomes 63.35
37.49 m becomes 48.64
Now, convert the following measurement: 28.49 m",36.96
979071a0,"In Alice's Wonderland, a secret set of transformation rules is applied to equations. Below are a few examples:
((&@( = '|{
#>!|@ = #|<
(>&\' = )'\#
'@&@< = )'#
#'""|' = #""
Now, determine the result for: {\!@\",))<
97abca56,"In Alice's Wonderland, a secret set of transformation rules is applied to equations. Below are a few examples:
:{>?? = (`:
#{>#& = (&:
$$^?? = ^&&
Now, determine the result for: (:*`'",`#::
97b289c1,"In Alice's Wonderland, numbers are secretly converted into a different numeral system. Some examples are given below:
44 -> XLIV
28 -> XXVIII
54 -> LIV
4 -> IV
Now, write the number 16 in the Wonderland numeral system.",XVI
97c04f50,"In Alice's Wonderland, a secret set of transformation rules is applied to equations. Below are a few examples:
$]+(# = $](#
`]-#"" = &
>`*$> = $#]#
&|+(& = &|(&
Now, determine the result for: `&*]&","`#""&"
97f2b7ae,"In Alice's Wonderland, numbers are secretly converted into a different numeral system. Some examples are given below:
87 -> LXXXVII
54 -> LIV
35 -> XXXV
10 -> X
Now, write the number 26 in the Wonderland numeral system.",XXVI
97f56035,"In Alice's Wonderland, the gravitational constant has been secretly changed. Here are some example observations:
For t = 3.23s, distance = 57.28 m
For t = 1.33s, distance = 9.71 m
For t = 4.6s, distance = 116.17 m
Now, determine the falling distance for t = 4.34s given d = 0.5*g*t^2.",103.41
97faf77b,"In Alice's Wonderland, numbers are secretly converted into a different numeral system. Some examples are given below:
54 -> LIV
91 -> XCI
73 -> LXXIII
61 -> LXI
Now, write the number 38 in the Wonderland numeral system.",XXXVIII
982c0b42,"In Alice's Wonderland, a secret set of transformation rules is applied to equations. Below are a few examples:
%%+""| = ?'%
?^-#"" = &%
|%-?^ = #
^?+|| = %?%
%!*|! = |''}
Now, determine the result for: ^&*""&",^}|%
98518cb1,"In Alice's Wonderland, a secret unit conversion is applied to measurements. For example:
44.65 m becomes 63.62
48.38 m becomes 68.93
36.0 m becomes 51.29
Now, convert the following measurement: 42.56 m",60.64
9876d736,"In Alice's Wonderland, a secret unit conversion is applied to measurements. For example:
31.54 m becomes 35.67
11.54 m becomes 13.05
21.26 m becomes 24.05
44.49 m becomes 50.32
21.35 m becomes 24.15
Now, convert the following measurement: 24.95 m",28.22
989770ae,"In Alice's Wonderland, numbers are secretly converted into a different numeral system. Some examples are given below:
81 -> LXXXI
64 -> LXIV
64 -> LXIV
Now, write the number 30 in the Wonderland numeral system.",XXX
98e87fe2,"In Alice's Wonderland, the gravitational constant has been secretly changed. Here are some example observations:
For t = 2.48s, distance = 15.28 m
For t = 1.13s, distance = 3.17 m
For t = 4.82s, distance = 57.73 m
For t = 3.6s, distance = 32.21 m
Now, determine the falling distance for t = 4.05s given d = 0.5*g*t^2.",40.76
98eed496,"In Alice's Wonderland, a secret set of transformation rules is applied to equations. Below are a few examples:
](<^} = ``
:^{[[ = ((]
]}{}[ = (}#
]:{:? = (%:
#}{}` = (((
Now, determine the result for: ^[>}`",^[}`
9925be81,"In Alice's Wonderland, a secret set of transformation rules is applied to equations. Below are a few examples:
(>`]( = `>!
^>[>@ = #>?)
!@`!! = `#
Now, determine the result for: ]#[^)",@}])
9935aa11,"In Alice's Wonderland, a secret set of transformation rules is applied to equations. Below are a few examples:
?@*?\ = ?\?@
(#*>< = ><(#
`\+)( = \##
Now, determine the result for: <`-)<",-`#
993c5879,"In Alice's Wonderland, numbers are secretly converted into a different numeral system. Some examples are given below:
28 -> XXVIII
38 -> XXXVIII
80 -> LXXX
55 -> LV
Now, write the number 33 in the Wonderland numeral system.",XXXIII
999907a8,"In Alice's Wonderland, a secret unit conversion is applied to measurements. For example:
35.8 m becomes 50.79
9.73 m becomes 13.80
26.24 m becomes 37.22
Now, convert the following measurement: 23.96 m",33.99
99a29da0,"In Alice's Wonderland, the gravitational constant has been secretly changed. Here are some example observations:
For t = 4.39s, distance = 182.52 m
For t = 3.11s, distance = 91.6 m
For t = 1.21s, distance = 13.87 m
Now, determine the falling distance for t = 3.16s given d = 0.5*g*t^2.",94.57
99b7018f,"In Alice's Wonderland, a secret set of transformation rules is applied to equations. Below are a few examples:
'{*\$ = |""||
||*:"" = |){:
""|*$> = ^$':
Now, determine the result for: |'+$'",>\:
99d6a3b5,"In Alice's Wonderland, a secret set of transformation rules is applied to equations. Below are a few examples:
#[%[< = #{^<
[)%![ = !)?(
))%?? = [(`
)#%`? = {([<
Now, determine the result for: (<%))",?()<
99db27c6,"In Alice's Wonderland, the gravitational constant has been secretly changed. Here are some example observations:
For t = 3.79s, distance = 77.86 m
For t = 3.98s, distance = 85.86 m
For t = 2.84s, distance = 43.72 m
For t = 1.5s, distance = 12.2 m
Now, determine the falling distance for t = 1.78s given d = 0.5*g*t^2.",17.17
9a0daca9,"In Alice's Wonderland, a secret set of transformation rules is applied to equations. Below are a few examples:
/'->"" = -'#
|'-|` = -[|
(`*'| = )>||
#>+[' = #(#
/)*'' = ||(|
Now, determine the result for: `""*`(","/"">|"
9a19fc2d,"In Alice's Wonderland, a secret set of transformation rules is applied to equations. Below are a few examples:
{{-># = {#
[!-)[ = !{
}/+&{ = &'
[[+') = >&
/'+// = &[[
Now, determine the result for: !&+)#",#>[
9a291cc3,"In Alice's Wonderland, a secret unit conversion is applied to measurements. For example:
49.09 m becomes 42.78
18.2 m becomes 15.86
22.25 m becomes 19.39
32.08 m becomes 27.95
46.44 m becomes 40.47
Now, convert the following measurement: 45.39 m",39.55
9a3b7b6e,"In Alice's Wonderland, a secret unit conversion is applied to measurements. For example:
21.23 m becomes 21.91
49.06 m becomes 50.63
40.09 m becomes 41.37
10.42 m becomes 10.75
7.33 m becomes 7.56
Now, convert the following measurement: 43.75 m",45.15
9a4f2f47,"In Alice's Wonderland, a secret set of transformation rules is applied to equations. Below are a few examples:
#?+?} = #}^
[?-!: = ?!
!'*^! = !(}:
))*^} = )#!:
^)+[! = #?
Now, determine the result for: !?+)'",('^
9a9e6b06,"In Alice's Wonderland, numbers are secretly converted into a different numeral system. Some examples are given below:
33 -> XXXIII
61 -> LXI
40 -> XL
21 -> XXI
27 -> XXVII
Now, write the number 4 in the Wonderland numeral system.",IV
9a9e8f7d,"In Alice's Wonderland, a secret unit conversion is applied to measurements. For example:
33.98 m becomes 49.99
8.36 m becomes 12.30
12.55 m becomes 18.46
22.38 m becomes 32.92
Now, convert the following measurement: 43.59 m",64.12
9aa48392,"In Alice's Wonderland, a secret set of transformation rules is applied to equations. Below are a few examples:
28-08 = -2
91*21 = 2191
64-82 = -81
15*39 = 3915
39*36 = 3639
Now, determine the result for: 58+66",151
9adc9406,"In Alice's Wonderland, a secret bit manipulation rule transforms 8-bit binary numbers. The transformation involves operations like bit shifts, rotations, XOR, AND, OR, NOT, and possibly majority or choice functions.

Here are some examples of input -> output:
01000100 -> 00100000
00100110 -> 00110000
00001100 -> 01100000
00011101 -> 11101000
00011110 -> 11110000
10011100 -> 11100000
00110000 -> 10000000
00001110 -> 01110000
01100010 -> 00010000
01101110 -> 01110000

Now, determine the output for: 11010110",10110000
9ae663c3,"In Alice's Wonderland, a secret set of transformation rules is applied to equations. Below are a few examples:
:?+?] = >]
]}*># = ]}>#
]<-}\ = ->
}(+>@ = ?:?
Now, determine the result for: (#-?}",:
9afe43b4,"In Alice's Wonderland, a secret set of transformation rules is applied to equations. Below are a few examples:
%)@%% = )]<
((!#} = <^)/
)%@)< = ^)
(^!<) = //%^
Now, determine the result for: %}!#<",//(}
9b1761fb,"In Alice's Wonderland, a secret bit manipulation rule transforms 8-bit binary numbers. The transformation involves operations like bit shifts, rotations, XOR, AND, OR, NOT, and possibly majority or choice functions.

Here are some examples of input -> output:
00101000 -> 00000000
00011000 -> 00000000
10001011 -> 00000000
11010101 -> 10000000
10100111 -> 00000000
11110010 -> 00000000
10100101 -> 00000000
00000101 -> 00000000
01010000 -> 00000000
11110111 -> 10000000

Now, determine the output for: 10011011",10000000
9b27c791,"In Alice's Wonderland, the gravitational constant has been secretly changed. Here are some example observations:
For t = 2.48s, distance = 54.59 m
For t = 4.91s, distance = 213.99 m
For t = 2.22s, distance = 43.75 m
For t = 3.96s, distance = 139.19 m
Now, determine the falling distance for t = 2.76s given d = 0.5*g*t^2.",67.62
9b31fb20,"In Alice's Wonderland, numbers are secretly converted into a different numeral system. Some examples are given below:
36 -> XXXVI
4 -> IV
44 -> XLIV
Now, write the number 9 in the Wonderland numeral system.",IX
9b39ddb0,"In Alice's Wonderland, numbers are secretly converted into a different numeral system. Some examples are given below:
79 -> LXXIX
9 -> IX
47 -> XLVII
89 -> LXXXIX
15 -> XV
Now, write the number 86 in the Wonderland numeral system.",LXXXVI
9b4cffb2,"In Alice's Wonderland, a secret set of transformation rules is applied to equations. Below are a few examples:
!%*&! = ""!`!
`/*'! = ``@&
'&*`"" = ``)
&""-)@ = !!
""/+&% = ')<
Now, determine the result for: ))+@/",&@<
9b4ecc42,"In Alice's Wonderland, a secret unit conversion is applied to measurements. For example:
15.88 m becomes 18.68
10.29 m becomes 12.10
43.59 m becomes 51.27
38.17 m becomes 44.90
37.28 m becomes 43.85
Now, convert the following measurement: 14.49 m",17.04
9b4f2f8b,"In Alice's Wonderland, numbers are secretly converted into a different numeral system. Some examples are given below:
7 -> VII
19 -> XIX
12 -> XII
Now, write the number 53 in the Wonderland numeral system.",LIII
9b559cd7,"In Alice's Wonderland, a secret unit conversion is applied to measurements. For example:
17.39 m becomes 30.52
19.47 m becomes 34.17
38.15 m becomes 66.96
12.57 m becomes 22.06
Now, convert the following measurement: 13.36 m",23.45
9b5a9c1f,"In Alice's Wonderland, numbers are secretly converted into a different numeral system. Some examples are given below:
41 -> XLI
30 -> XXX
38 -> XXXVIII
Now, write the number 59 in the Wonderland numeral system.",LIX
9b648851,"In Alice's Wonderland, a secret unit conversion is applied to measurements. For example:
10.27 m becomes 18.19
19.67 m becomes 34.84
29.6 m becomes 52.42
Now, convert the following measurement: 32.49 m",57.54
9b68812c,"In Alice's Wonderland, numbers are secretly converted into a different numeral system. Some examples are given below:
8 -> VIII
87 -> LXXXVII
28 -> XXVIII
Now, write the number 53 in the Wonderland numeral system.",LIII
9b9bd32e,"In Alice's Wonderland, numbers are secretly converted into a different numeral system. Some examples are given below:
93 -> XCIII
16 -> XVI
65 -> LXV
Now, write the number 76 in the Wonderland numeral system.",LXXVI
9bbacb75,"In Alice's Wonderland, numbers are secretly converted into a different numeral system. Some examples are given below:
95 -> XCV
25 -> XXV
10 -> X
Now, write the number 98 in the Wonderland numeral system.",XCVIII
9bbca089,"In Alice's Wonderland, a secret bit manipulation rule transforms 8-bit binary numbers. The transformation involves operations like bit shifts, rotations, XOR, AND, OR, NOT, and possibly majority or choice functions.

Here are some examples of input -> output:
01111101 -> 00001111
01101010 -> 00100110
01110101 -> 00011111
01101011 -> 00100100
11011010 -> 00011001
10001101 -> 11010000
10101011 -> 10111100
00001100 -> 11000000
01100110 -> 00101110
10011100 -> 11010001

Now, determine the output for: 00001001",10000000
9bbe36f5,"In Alice's Wonderland, a secret unit conversion is applied to measurements. For example:
27.14 m becomes 44.08
23.22 m becomes 37.72
21.66 m becomes 35.18
32.7 m becomes 53.12
Now, convert the following measurement: 32.18 m",52.27
9bd287f6,"In Alice's Wonderland, a secret unit conversion is applied to measurements. For example:
26.88 m becomes 18.48
27.59 m becomes 18.97
26.46 m becomes 18.20
Now, convert the following measurement: 21.99 m",15.12
9bd675ce,"In Alice's Wonderland, numbers are secretly converted into a different numeral system. Some examples are given below:
17 -> XVII
35 -> XXXV
79 -> LXXIX
Now, write the number 19 in the Wonderland numeral system.",XIX
9bd747ec,"In Alice's Wonderland, the gravitational constant has been secretly changed. Here are some example observations:
For t = 3.17s, distance = 83.41 m
For t = 3.0s, distance = 74.71 m
For t = 1.3s, distance = 14.03 m
For t = 3.77s, distance = 117.98 m
For t = 3.78s, distance = 118.6 m
Now, determine the falling distance for t = 1.76s given d = 0.5*g*t^2.",25.71
9be2a93a,"In Alice's Wonderland, the gravitational constant has been secretly changed. Here are some example observations:
For t = 4.4s, distance = 110.83 m
For t = 2.42s, distance = 33.53 m
For t = 3.86s, distance = 85.29 m
For t = 2.68s, distance = 41.12 m
For t = 1.05s, distance = 6.31 m
Now, determine the falling distance for t = 4.12s given d = 0.5*g*t^2.",97.17
9bfca34c,"In Alice's Wonderland, a secret set of transformation rules is applied to equations. Below are a few examples:
]{+[> = ||
^[?>` = '`|`
<(?'] = '^^`
^^$>< = |`(
Now, determine the result for: <{$>^",|>`
9c0f518e,"In Alice's Wonderland, the gravitational constant has been secretly changed. Here are some example observations:
For t = 3.07s, distance = 39.27 m
For t = 3.35s, distance = 46.76 m
For t = 2.68s, distance = 29.92 m
For t = 1.09s, distance = 4.95 m
For t = 2.62s, distance = 28.6 m
Now, determine the falling distance for t = 3.9s given d = 0.5*g*t^2.",63.37
9c34c079,"In Alice's Wonderland, numbers are secretly converted into a different numeral system. Some examples are given below:
44 -> XLIV
4 -> IV
5 -> V
98 -> XCVIII
Now, write the number 88 in the Wonderland numeral system.",LXXXVIII
9c40ae95,"In Alice's Wonderland, a secret unit conversion is applied to measurements. For example:
27.75 m becomes 24.86
46.59 m becomes 41.74
11.5 m becomes 10.30
32.35 m becomes 28.98
38.02 m becomes 34.06
Now, convert the following measurement: 6.49 m",5.81
9c62e8ed,"In Alice's Wonderland, a secret unit conversion is applied to measurements. For example:
8.72 m becomes 10.49
30.93 m becomes 37.20
22.94 m becomes 27.59
Now, convert the following measurement: 38.92 m",46.81
9c697047,"In Alice's Wonderland, a secret set of transformation rules is applied to equations. Below are a few examples:
""""&:[ = #]#<
::`:{ = `'<
@<&'"" = ':""
:@-[< = <]
""@-@{ = [}
Now, determine the result for: ]{`'#",`:
9c7f280d,"In Alice's Wonderland, a secret unit conversion is applied to measurements. For example:
8.03 m becomes 4.76
9.23 m becomes 5.47
29.78 m becomes 17.66
Now, convert the following measurement: 14.69 m",8.71
9c814f12,"In Alice's Wonderland, a secret unit conversion is applied to measurements. For example:
31.08 m becomes 33.94
5.93 m becomes 6.48
24.03 m becomes 26.24
44.01 m becomes 48.06
46.03 m becomes 50.26
Now, convert the following measurement: 45.8 m",50.01
9c99c184,"In Alice's Wonderland, the gravitational constant has been secretly changed. Here are some example observations:
For t = 2.96s, distance = 67.11 m
For t = 3.52s, distance = 94.9 m
For t = 3.42s, distance = 89.58 m
For t = 3.12s, distance = 74.56 m
Now, determine the falling distance for t = 4.99s given d = 0.5*g*t^2.",190.71
9cb36e7f,"In Alice's Wonderland, a secret unit conversion is applied to measurements. For example:
18.45 m becomes 14.21
22.53 m becomes 17.35
19.46 m becomes 14.99
Now, convert the following measurement: 43.77 m",33.71
9ccbc655,"In Alice's Wonderland, numbers are secretly converted into a different numeral system. Some examples are given below:
82 -> LXXXII
47 -> XLVII
70 -> LXX
30 -> XXX
86 -> LXXXVI
Now, write the number 47 in the Wonderland numeral system.",XLVII
9ccbf65c,"In Alice's Wonderland, the gravitational constant has been secretly changed. Here are some example observations:
For t = 4.09s, distance = 142.96 m
For t = 1.7s, distance = 24.7 m
For t = 3.83s, distance = 125.36 m
For t = 3.68s, distance = 115.74 m
Now, determine the falling distance for t = 4.1s given d = 0.5*g*t^2.",143.66
9cce2d6a,"In Alice's Wonderland, numbers are secretly converted into a different numeral system. Some examples are given below:
97 -> XCVII
41 -> XLI
67 -> LXVII
72 -> LXXII
Now, write the number 66 in the Wonderland numeral system.",LXVI
9cd69c91,"In Alice's Wonderland, numbers are secretly converted into a different numeral system. Some examples are given below:
30 -> XXX
28 -> XXVIII
51 -> LI
31 -> XXXI
31 -> XXXI
Now, write the number 19 in the Wonderland numeral system.",XIX
9ceba70a,"In Alice's Wonderland, a secret set of transformation rules is applied to equations. Below are a few examples:
[(&[( = >}>(
""}{\% = !}
!!&\} = (!%>
(#{`[ = #!
!%&\> = (#}%
Now, determine the result for: ((&#%",##%
9d20c8a7,"In Alice's Wonderland, a secret set of transformation rules is applied to equations. Below are a few examples:
!/\]/ = !?)]
]?'|/ = )]
|/\![ = |:/]
]#'|} = )
/]\?} = :}:
Now, determine the result for: [}\!)",]]]}
9d2ed393,"In Alice's Wonderland, numbers are secretly converted into a different numeral system. Some examples are given below:
94 -> XCIV
7 -> VII
47 -> XLVII
30 -> XXX
40 -> XL
Now, write the number 59 in the Wonderland numeral system.",LIX
9d3e6c24,"In Alice's Wonderland, a secret unit conversion is applied to measurements. For example:
21.38 m becomes 21.46
7.32 m becomes 7.35
22.23 m becomes 22.31
25.94 m becomes 26.03
6.84 m becomes 6.86
Now, convert the following measurement: 28.16 m",28.26
9d50fd40,"In Alice's Wonderland, the gravitational constant has been secretly changed. Here are some example observations:
For t = 4.32s, distance = 78.11 m
For t = 4.32s, distance = 78.11 m
For t = 2.47s, distance = 25.54 m
Now, determine the falling distance for t = 4.74s given d = 0.5*g*t^2.",94.04
9d71fece,"In Alice's Wonderland, a secret set of transformation rules is applied to equations. Below are a few examples:
:&<&) = \&?&
&""<]> = :\>&
]]%): = &$
$`%?] = %""]
Now, determine the result for: :&%""""","""\"
9d897c61,"In Alice's Wonderland, numbers are secretly converted into a different numeral system. Some examples are given below:
86 -> LXXXVI
37 -> XXXVII
9 -> IX
Now, write the number 35 in the Wonderland numeral system.",XXXV
9da0bd69,"In Alice's Wonderland, a secret unit conversion is applied to measurements. For example:
48.13 m becomes 90.44
5.81 m becomes 10.92
13.62 m becomes 25.59
38.55 m becomes 72.44
8.75 m becomes 16.44
Now, convert the following measurement: 34.45 m",64.73
9da4282a,"In Alice's Wonderland, the gravitational constant has been secretly changed. Here are some example observations:
For t = 3.52s, distance = 33.86 m
For t = 4.43s, distance = 53.63 m
For t = 2.94s, distance = 23.62 m
For t = 1.18s, distance = 3.81 m
For t = 3.59s, distance = 35.22 m
Now, determine the falling distance for t = 3.91s given d = 0.5*g*t^2.",41.78
9dae880f,"In Alice's Wonderland, a secret set of transformation rules is applied to equations. Below are a few examples:
:'""`# = <""
[:>\[ = \)#
`#""$| = [)
:\}[# = <)[
#:>#` = #)::
Now, determine the result for: :<}`\",))[
9db488f0,"In Alice's Wonderland, the gravitational constant has been secretly changed. Here are some example observations:
For t = 3.76s, distance = 51.08 m
For t = 4.61s, distance = 76.79 m
For t = 4.9s, distance = 86.76 m
For t = 3.66s, distance = 48.4 m
Now, determine the falling distance for t = 3.8s given d = 0.5*g*t^2.",52.18
9db72c8e,"In Alice's Wonderland, numbers are secretly converted into a different numeral system. Some examples are given below:
20 -> XX
77 -> LXXVII
97 -> XCVII
Now, write the number 9 in the Wonderland numeral system.",IX
9dc61be2,"In Alice's Wonderland, numbers are secretly converted into a different numeral system. Some examples are given below:
22 -> XXII
93 -> XCIII
20 -> XX
69 -> LXIX
89 -> LXXXIX
Now, write the number 96 in the Wonderland numeral system.",XCVI
9dcd3480,"In Alice's Wonderland, numbers are secretly converted into a different numeral system. Some examples are given below:
5 -> V
74 -> LXXIV
15 -> XV
88 -> LXXXVIII
Now, write the number 88 in the Wonderland numeral system.",LXXXVIII
9dd32aa4,"In Alice's Wonderland, a secret unit conversion is applied to measurements. For example:
32.87 m becomes 44.98
30.21 m becomes 41.34
17.02 m becomes 23.29
46.15 m becomes 63.15
Now, convert the following measurement: 15.57 m",21.31
9ddcb69d,"In Alice's Wonderland, the gravitational constant has been secretly changed. Here are some example observations:
For t = 4.1s, distance = 46.8 m
For t = 4.95s, distance = 68.22 m
For t = 2.64s, distance = 19.4 m
For t = 3.35s, distance = 31.25 m
Now, determine the falling distance for t = 2.08s given d = 0.5*g*t^2.",12.05
9de10496,"In Alice's Wonderland, the gravitational constant has been secretly changed. Here are some example observations:
For t = 3.6s, distance = 119.06 m
For t = 3.73s, distance = 127.81 m
For t = 2.55s, distance = 59.74 m
For t = 4.74s, distance = 206.4 m
Now, determine the falling distance for t = 4.95s given d = 0.5*g*t^2.",225.1
9dfcd4be,"In Alice's Wonderland, a secret bit manipulation rule transforms 8-bit binary numbers. The transformation involves operations like bit shifts, rotations, XOR, AND, OR, NOT, and possibly majority or choice functions.

Here are some examples of input -> output:
00101001 -> 10000010
00101110 -> 10101010
11010110 -> 01100101
01111000 -> 00010111
01101001 -> 00010110
01111111 -> 00011111
01011000 -> 00010101

Now, determine the output for: 10101010",10101010
9e0eaab9,"In Alice's Wonderland, the gravitational constant has been secretly changed. Here are some example observations:
For t = 3.96s, distance = 68.41 m
For t = 4.44s, distance = 86.0 m
For t = 4.92s, distance = 105.6 m
For t = 2.87s, distance = 35.93 m
For t = 2.01s, distance = 17.62 m
Now, determine the falling distance for t = 4.78s given d = 0.5*g*t^2.",99.67
9e23b745,"In Alice's Wonderland, a secret unit conversion is applied to measurements. For example:
31.28 m becomes 24.78
30.25 m becomes 23.97
26.88 m becomes 21.30
38.42 m becomes 30.44
42.03 m becomes 33.30
Now, convert the following measurement: 40.0 m",31.69
9e35d96e,"In Alice's Wonderland, numbers are secretly converted into a different numeral system. Some examples are given below:
84 -> LXXXIV
9 -> IX
100 -> C
Now, write the number 45 in the Wonderland numeral system.",XLV
9e494425,"In Alice's Wonderland, a secret unit conversion is applied to measurements. For example:
25.18 m becomes 34.75
7.64 m becomes 10.54
7.72 m becomes 10.65
13.73 m becomes 18.95
Now, convert the following measurement: 40.18 m",55.45
9e5d12de,"In Alice's Wonderland, a secret unit conversion is applied to measurements. For example:
6.58 m becomes 5.92
11.14 m becomes 10.02
10.73 m becomes 9.65
7.71 m becomes 6.93
Now, convert the following measurement: 5.65 m",5.08
9e6025a2,"In Alice's Wonderland, a secret unit conversion is applied to measurements. For example:
27.78 m becomes 20.47
42.2 m becomes 31.10
5.93 m becomes 4.37
14.71 m becomes 10.84
Now, convert the following measurement: 47.11 m",34.72
9eaae1f1,"In Alice's Wonderland, a secret set of transformation rules is applied to equations. Below are a few examples:
[[*// = [[//
&[-|' = -[{
|[+{[ = /\:
Now, determine the result for: [|-/[",/\
9eacc9a2,"In Alice's Wonderland, a secret set of transformation rules is applied to equations. Below are a few examples:
:^-:[ = -{
{{+`: = ?}?
`}-[^ = -$
&{-:: = -?`
?&+?? = {?
Now, determine the result for: [%*:`",%?}%
9eb96ba5,"In Alice's Wonderland, a secret unit conversion is applied to measurements. For example:
10.25 m becomes 9.33
47.61 m becomes 43.35
37.51 m becomes 34.15
33.35 m becomes 30.36
Now, convert the following measurement: 16.89 m",15.38
9ec1c00b,"In Alice's Wonderland, numbers are secretly converted into a different numeral system. Some examples are given below:
56 -> LVI
80 -> LXXX
47 -> XLVII
Now, write the number 37 in the Wonderland numeral system.",XXXVII
9ecb7258,"In Alice's Wonderland, a secret unit conversion is applied to measurements. For example:
42.15 m becomes 72.49
21.15 m becomes 36.37
43.91 m becomes 75.52
11.39 m becomes 19.59
17.68 m becomes 30.41
Now, convert the following measurement: 33.26 m",57.20
9eccbafd,"In Alice's Wonderland, a secret set of transformation rules is applied to equations. Below are a few examples:
|'-%> = '!
@""-'} = `|
%>#""} = |%
`&-@| = @!@
Now, determine the result for: "">#'`",@>
9ef98294,"In Alice's Wonderland, a secret set of transformation rules is applied to equations. Below are a few examples:
05!93 = 9491
42|64 = 07
13!75 = 6671
58|62 = 111
43!68 = 3292
Now, determine the result for: 89]25",64]
9f015548,"In Alice's Wonderland, the gravitational constant has been secretly changed. Here are some example observations:
For t = 2.85s, distance = 61.05 m
For t = 4.99s, distance = 187.14 m
For t = 2.52s, distance = 47.73 m
Now, determine the falling distance for t = 3.43s given d = 0.5*g*t^2.",88.42
9f05494c,"In Alice's Wonderland, numbers are secretly converted into a different numeral system. Some examples are given below:
40 -> XL
49 -> XLIX
2 -> II
80 -> LXXX
Now, write the number 78 in the Wonderland numeral system.",LXXVIII
9f1015a1,"In Alice's Wonderland, a secret set of transformation rules is applied to equations. Below are a few examples:
#:+$# = #))
\#*(\ = :\(&
&^+&` = )#
Now, determine the result for: \)-&#",-$\
9f1d8753,"In Alice's Wonderland, numbers are secretly converted into a different numeral system. Some examples are given below:
24 -> XXIV
15 -> XV
32 -> XXXII
Now, write the number 84 in the Wonderland numeral system.",LXXXIV
9f1ff166,"In Alice's Wonderland, a secret set of transformation rules is applied to equations. Below are a few examples:
}#-'> = >""
?""-#' = /
""'*'] = '""}""
'/*>' = /'#""
Now, determine the result for: ""]-'/",[
9f4709f3,"In Alice's Wonderland, numbers are secretly converted into a different numeral system. Some examples are given below:
41 -> XLI
55 -> LV
77 -> LXXVII
25 -> XXV
Now, write the number 34 in the Wonderland numeral system.",XXXIV
9f6f33b2,"In Alice's Wonderland, the gravitational constant has been secretly changed. Here are some example observations:
For t = 1.93s, distance = 21.93 m
For t = 1.01s, distance = 6.01 m
For t = 1.49s, distance = 13.07 m
For t = 4.86s, distance = 139.06 m
Now, determine the falling distance for t = 2.32s given d = 0.5*g*t^2.",31.69
9f775ba6,"In Alice's Wonderland, the gravitational constant has been secretly changed. Here are some example observations:
For t = 1.39s, distance = 14.61 m
For t = 3.42s, distance = 88.43 m
For t = 4.21s, distance = 134.01 m
For t = 4.87s, distance = 179.31 m
For t = 2.66s, distance = 53.5 m
Now, determine the falling distance for t = 4.68s given d = 0.5*g*t^2.",165.6
9f8fda8a,"In Alice's Wonderland, a secret set of transformation rules is applied to equations. Below are a few examples:
|[-\[ = -|'
\\)## = !<<
""|)""\ = !![
(""+(' = \""""'
(:+\# = \''|
Now, determine the result for: <\)!\",\#
9f9b0251,"In Alice's Wonderland, a secret set of transformation rules is applied to equations. Below are a few examples:
'(*?/ = ^}(
)'*?' = ?@()
@'-)? = @@
}(+!( = ))
Now, determine the result for: ^}*!\",'!?/
9fafe218,"In Alice's Wonderland, a secret unit conversion is applied to measurements. For example:
36.95 m becomes 55.78
7.52 m becomes 11.35
41.61 m becomes 62.82
43.8 m becomes 66.12
Now, convert the following measurement: 19.6 m",29.59
9fbd6a44,"In Alice's Wonderland, a secret set of transformation rules is applied to equations. Below are a few examples:
[[+>( = >([[
@'-'[ = -@$
>#->@ = /:
\[*'( = '[$'
\#-'[ = ($
Now, determine the result for: $$*>\",::''
9fc651a6,"In Alice's Wonderland, a secret unit conversion is applied to measurements. For example:
12.56 m becomes 15.72
8.03 m becomes 10.05
36.84 m becomes 46.11
40.44 m becomes 50.62
5.93 m becomes 7.42
Now, convert the following measurement: 8.94 m",11.19
9fdb18b7,"In Alice's Wonderland, a secret set of transformation rules is applied to equations. Below are a few examples:
$?*#^ = $?#^
|%*## = |%##
?#+)^ = ?#)^
Now, determine the result for: |%-^^",^}
9ff449aa,"In Alice's Wonderland, a secret set of transformation rules is applied to equations. Below are a few examples:
:""-/% = -%%
{{-/{ = -|""
%(*'( = :|{
((*'( = |""|{
Now, determine the result for: (>+'""","%"">"
a00b9455,"In Alice's Wonderland, a secret unit conversion is applied to measurements. For example:
36.15 m becomes 60.77
17.63 m becomes 29.64
35.09 m becomes 58.99
Now, convert the following measurement: 6.49 m",10.91
a021ca5d,"In Alice's Wonderland, a secret set of transformation rules is applied to equations. Below are a few examples:
}%@^< = ')<<
&:@&% = ^'&:
:^(/: = /)
/&?}: = /&}:
/'?}& = /'}&
Now, determine the result for: }`@)`",)'&/
a027a729,"In Alice's Wonderland, a secret unit conversion is applied to measurements. For example:
45.28 m becomes 55.91
29.49 m becomes 36.42
34.61 m becomes 42.74
41.06 m becomes 50.70
15.36 m becomes 18.97
Now, convert the following measurement: 5.92 m",7.31
a02aeb6d,"In Alice's Wonderland, numbers are secretly converted into a different numeral system. Some examples are given below:
33 -> XXXIII
67 -> LXVII
99 -> XCIX
Now, write the number 2 in the Wonderland numeral system.",II
a033df06,"In Alice's Wonderland, the gravitational constant has been secretly changed. Here are some example observations:
For t = 4.36s, distance = 117.65 m
For t = 2.29s, distance = 32.46 m
For t = 4.9s, distance = 148.6 m
Now, determine the falling distance for t = 4.64s given d = 0.5*g*t^2.",133.25
a071db66,"In Alice's Wonderland, the gravitational constant has been secretly changed. Here are some example observations:
For t = 4.92s, distance = 177.8 m
For t = 1.58s, distance = 18.34 m
For t = 1.43s, distance = 15.02 m
For t = 1.46s, distance = 15.66 m
For t = 4.72s, distance = 163.64 m
Now, determine the falling distance for t = 4.48s given d = 0.5*g*t^2.",147.42
a087d342,"In Alice's Wonderland, numbers are secretly converted into a different numeral system. Some examples are given below:
79 -> LXXIX
95 -> XCV
3 -> III
43 -> XLIII
87 -> LXXXVII
Now, write the number 25 in the Wonderland numeral system.",XXV
a08bb4ab,"In Alice's Wonderland, numbers are secretly converted into a different numeral system. Some examples are given below:
96 -> XCVI
76 -> LXXVI
23 -> XXIII
66 -> LXVI
30 -> XXX
Now, write the number 32 in the Wonderland numeral system.",XXXII
a0a2ce5c,"In Alice's Wonderland, the gravitational constant has been secretly changed. Here are some example observations:
For t = 1.53s, distance = 13.0 m
For t = 3.35s, distance = 62.34 m
For t = 1.84s, distance = 18.81 m
For t = 4.81s, distance = 128.53 m
For t = 3.07s, distance = 52.36 m
Now, determine the falling distance for t = 2.19s given d = 0.5*g*t^2.",26.64
a0a4ca74,"In Alice's Wonderland, numbers are secretly converted into a different numeral system. Some examples are given below:
97 -> XCVII
91 -> XCI
63 -> LXIII
4 -> IV
Now, write the number 75 in the Wonderland numeral system.",LXXV
a0bb6a83,"In Alice's Wonderland, a secret unit conversion is applied to measurements. For example:
17.02 m becomes 14.07
32.04 m becomes 26.49
26.15 m becomes 21.62
Now, convert the following measurement: 10.47 m",8.66
a0c3de5f,"In Alice's Wonderland, numbers are secretly converted into a different numeral system. Some examples are given below:
84 -> LXXXIV
53 -> LIII
67 -> LXVII
7 -> VII
93 -> XCIII
Now, write the number 17 in the Wonderland numeral system.",XVII
a0db1e75,"In Alice's Wonderland, a secret set of transformation rules is applied to equations. Below are a few examples:
<(+]: = ?':
:?-/! = -'<
`/*:( = `(<?
!'-]( = -/'
'(*</ = /""'?
Now, determine the result for: ]<-`/","-""!"
a0e05d60,"In Alice's Wonderland, a secret unit conversion is applied to measurements. For example:
48.18 m becomes 38.71
24.84 m becomes 19.96
16.82 m becomes 13.51
Now, convert the following measurement: 46.09 m",37.03
a0e171c2,"In Alice's Wonderland, numbers are secretly converted into a different numeral system. Some examples are given below:
47 -> XLVII
27 -> XXVII
97 -> XCVII
Now, write the number 43 in the Wonderland numeral system.",XLIII
a0fc7b3e,"In Alice's Wonderland, the gravitational constant has been secretly changed. Here are some example observations:
For t = 4.0s, distance = 121.7 m
For t = 4.49s, distance = 153.34 m
For t = 3.93s, distance = 117.47 m
Now, determine the falling distance for t = 1.67s given d = 0.5*g*t^2.",21.21
a11311a4,"In Alice's Wonderland, a secret set of transformation rules is applied to equations. Below are a few examples:
%}\|{ = /^}
]/*%] = */(
@]\%/ = /|@
Now, determine the result for: }@\(^",%[
a11ce574,"In Alice's Wonderland, numbers are secretly converted into a different numeral system. Some examples are given below:
15 -> XV
26 -> XXVI
61 -> LXI
16 -> XVI
Now, write the number 71 in the Wonderland numeral system.",LXXI
a1220274,"In Alice's Wonderland, a secret set of transformation rules is applied to equations. Below are a few examples:
''-:[ = -&`
{:-<& = -<<
:`*`` = `}{:
`<*:} = `}`:
Now, determine the result for: `&*)<",&`{^
a1230047,"In Alice's Wonderland, a secret set of transformation rules is applied to equations. Below are a few examples:
""""-""& = :&
""""+""{ = :>
[$*$$ = [!![
Now, determine the result for: ${->&",%&
a127eb72,"In Alice's Wonderland, a secret unit conversion is applied to measurements. For example:
14.45 m becomes 21.82
23.05 m becomes 34.81
12.56 m becomes 18.97
7.12 m becomes 10.75
Now, convert the following measurement: 31.75 m",47.94
a12ad9cc,"In Alice's Wonderland, numbers are secretly converted into a different numeral system. Some examples are given below:
18 -> XVIII
3 -> III
10 -> X
32 -> XXXII
71 -> LXXI
Now, write the number 33 in the Wonderland numeral system.",XXXIII
a12f00f4,"In Alice's Wonderland, a secret set of transformation rules is applied to equations. Below are a few examples:
""'+<] = '<[
]""-[] = -))
\<*]< = $`$$
)\-$$ = [`
Now, determine the result for: )$+'`",$:[
a1503629,"In Alice's Wonderland, a secret set of transformation rules is applied to equations. Below are a few examples:
$|+%$ = [@'
@$*)' = @%|'
$<-$$ = -@|
Now, determine the result for: %<*@)",@)[[
a2460d78,"In Alice's Wonderland, a secret unit conversion is applied to measurements. For example:
11.21 m becomes 19.32
30.27 m becomes 52.16
47.2 m becomes 81.33
40.16 m becomes 69.20
13.06 m becomes 22.50
Now, convert the following measurement: 25.08 m",43.21
a25f86f4,"In Alice's Wonderland, numbers are secretly converted into a different numeral system. Some examples are given below:
52 -> LII
99 -> XCIX
61 -> LXI
45 -> XLV
2 -> II
Now, write the number 84 in the Wonderland numeral system.",LXXXIV
a26065d4,"In Alice's Wonderland, a secret set of transformation rules is applied to equations. Below are a few examples:
[|+<$ = [&
<#-'# = '
<&-<$ = <
&|+&` = <@
[`+<] = [#$
Now, determine the result for: <&+<#",<'
a266aeb5,"In Alice's Wonderland, a secret set of transformation rules is applied to equations. Below are a few examples:
?$+(( = [@
@{+@[ = ?[
[?*$@ = }]$?
?(-`{ = (}
Now, determine the result for: @@-$]",({
a292c7b0,"In Alice's Wonderland, numbers are secretly converted into a different numeral system. Some examples are given below:
22 -> XXII
46 -> XLVI
83 -> LXXXIII
73 -> LXXIII
Now, write the number 33 in the Wonderland numeral system.",XXXIII
a29b3e67,"In Alice's Wonderland, a secret unit conversion is applied to measurements. For example:
42.97 m becomes 75.27
34.64 m becomes 60.68
42.4 m becomes 74.28
27.73 m becomes 48.58
31.23 m becomes 54.71
Now, convert the following measurement: 32.42 m",56.79
a2b541a5,"In Alice's Wonderland, a secret unit conversion is applied to measurements. For example:
42.34 m becomes 39.21
24.87 m becomes 23.03
41.62 m becomes 38.54
24.64 m becomes 22.82
15.89 m becomes 14.72
Now, convert the following measurement: 34.09 m",31.57
a2b66927,"In Alice's Wonderland, a secret set of transformation rules is applied to equations. Below are a few examples:
]|-}{ = |]
]!+$# = {@
@]*]) = @}$
!$*!{ = {]@@
Now, determine the result for: )@-$|",{]
a2c36fcf,"In Alice's Wonderland, numbers are secretly converted into a different numeral system. Some examples are given below:
56 -> LVI
10 -> X
5 -> V
77 -> LXXVII
74 -> LXXIV
Now, write the number 32 in the Wonderland numeral system.",XXXII
a2c48401,"In Alice's Wonderland, the gravitational constant has been secretly changed. Here are some example observations:
For t = 1.96s, distance = 26.68 m
For t = 1.34s, distance = 12.47 m
For t = 4.0s, distance = 111.11 m
Now, determine the falling distance for t = 4.84s given d = 0.5*g*t^2.",162.68
a2c4f38b,"In Alice's Wonderland, a secret unit conversion is applied to measurements. For example:
7.14 m becomes 3.81
28.1 m becomes 14.99
39.81 m becomes 21.24
42.85 m becomes 22.87
Now, convert the following measurement: 41.02 m",21.89
a2c7144a,"In Alice's Wonderland, a secret unit conversion is applied to measurements. For example:
38.22 m becomes 73.42
45.76 m becomes 87.90
27.03 m becomes 51.92
Now, convert the following measurement: 27.42 m",52.67
a2ca3aae,"In Alice's Wonderland, a secret set of transformation rules is applied to equations. Below are a few examples:
/)-?< = )/
?/+<) = )[[
?:*>[ = [?:
\?+>) = \/[
Now, determine the result for: </*[)",\<?/
a2ccba8c,"In Alice's Wonderland, the gravitational constant has been secretly changed. Here are some example observations:
For t = 4.3s, distance = 149.82 m
For t = 4.82s, distance = 188.24 m
For t = 4.6s, distance = 171.45 m
For t = 3.78s, distance = 115.77 m
Now, determine the falling distance for t = 3.8s given d = 0.5*g*t^2.",117.0
a2ecd374,"In Alice's Wonderland, the gravitational constant has been secretly changed. Here are some example observations:
For t = 4.76s, distance = 121.18 m
For t = 3.04s, distance = 49.43 m
For t = 1.0s, distance = 5.35 m
Now, determine the falling distance for t = 2.58s given d = 0.5*g*t^2.",35.6
a2ffb6ac,"In Alice's Wonderland, the gravitational constant has been secretly changed. Here are some example observations:
For t = 3.69s, distance = 84.44 m
For t = 2.53s, distance = 39.69 m
For t = 3.25s, distance = 65.5 m
For t = 1.27s, distance = 10.0 m
Now, determine the falling distance for t = 2.07s given d = 0.5*g*t^2.",26.57
a3019a3a,"In Alice's Wonderland, numbers are secretly converted into a different numeral system. Some examples are given below:
71 -> LXXI
89 -> LXXXIX
98 -> XCVIII
66 -> LXVI
9 -> IX
Now, write the number 52 in the Wonderland numeral system.",LII
a30a2c4e,"In Alice's Wonderland, numbers are secretly converted into a different numeral system. Some examples are given below:
6 -> VI
4 -> IV
97 -> XCVII
Now, write the number 47 in the Wonderland numeral system.",XLVII
a310519e,"In Alice's Wonderland, a secret unit conversion is applied to measurements. For example:
15.66 m becomes 19.73
48.6 m becomes 61.22
26.67 m becomes 33.59
41.6 m becomes 52.40
21.39 m becomes 26.94
Now, convert the following measurement: 37.56 m",47.31
a312a246,"In Alice's Wonderland, numbers are secretly converted into a different numeral system. Some examples are given below:
14 -> XIV
46 -> XLVI
62 -> LXII
39 -> XXXIX
5 -> V
Now, write the number 94 in the Wonderland numeral system.",XCIV
a3183159,"In Alice's Wonderland, a secret set of transformation rules is applied to equations. Below are a few examples:
""?<}' = ""|
|'-}? = -]`
]($[{ = [{'[
Now, determine the result for: `|-}""",`{
a32325cf,"In Alice's Wonderland, the gravitational constant has been secretly changed. Here are some example observations:
For t = 4.96s, distance = 105.98 m
For t = 3.42s, distance = 50.39 m
For t = 1.68s, distance = 12.16 m
Now, determine the falling distance for t = 4.71s given d = 0.5*g*t^2.",95.56
a34467bf,"In Alice's Wonderland, a secret set of transformation rules is applied to equations. Below are a few examples:
^#-:? = #\>:
:{-\( = ?(??
(#$|{ = ?:#
>^[|) = [#?
Now, determine the result for: #?[(^",[\(
a35fa1a0,"In Alice's Wonderland, a secret set of transformation rules is applied to equations. Below are a few examples:
'#+(] = (]'#
""$-)# = -''
]]*""' = &$#`
]""+&( = &(]""
Now, determine the result for: '(*\""","""&`]"
a361a1b7,"In Alice's Wonderland, a secret set of transformation rules is applied to equations. Below are a few examples:
90@12 = 9012
99@42 = 9942
88<41 = 3609
74<61 = 4515
64<35 = 2241
Now, determine the result for: 53:99",:46
a362e44a,"In Alice's Wonderland, a secret set of transformation rules is applied to equations. Below are a few examples:
>[*>) = >/\{
][+){ = ][){
>/-[{ = \'
>)*>] = >\\>
Now, determine the result for: >[-\{",'%
a36744a2,"In Alice's Wonderland, the gravitational constant has been secretly changed. Here are some example observations:
For t = 1.27s, distance = 9.14 m
For t = 1.9s, distance = 20.46 m
For t = 1.66s, distance = 15.62 m
For t = 4.42s, distance = 110.74 m
For t = 4.93s, distance = 137.77 m
Now, determine the falling distance for t = 3.75s given d = 0.5*g*t^2.",79.71
a3a00a02,"In Alice's Wonderland, a secret set of transformation rules is applied to equations. Below are a few examples:
]^*&{ = ?^/:
]&+': = }]{
::+:: = }}}
&/+}/ = ]]
Now, determine the result for: {]+:{",^$
a3a2b6dc,"In Alice's Wonderland, a secret unit conversion is applied to measurements. For example:
17.63 m becomes 34.46
25.49 m becomes 49.83
17.76 m becomes 34.72
Now, convert the following measurement: 11.8 m",23.07
a3ac7ad2,"In Alice's Wonderland, a secret unit conversion is applied to measurements. For example:
17.76 m becomes 11.32
42.06 m becomes 26.80
41.66 m becomes 26.55
Now, convert the following measurement: 37.89 m",24.15
a3af84eb,"In Alice's Wonderland, numbers are secretly converted into a different numeral system. Some examples are given below:
60 -> LX
7 -> VII
100 -> C
7 -> VII
71 -> LXXI
Now, write the number 76 in the Wonderland numeral system.",LXXVI
a3da3c48,"In Alice's Wonderland, a secret set of transformation rules is applied to equations. Below are a few examples:
&:)@: = &|@}
|>(|$ = ''}
|$(}} = \@
Now, determine the result for: :](>>",\$
a3e72f6d,"In Alice's Wonderland, a secret set of transformation rules is applied to equations. Below are a few examples:
]/*&& = """"^
/:*:( = ""]:
]^)// = ]@@]
/&)]@ = ""!^@
!""?""& = {{
Now, determine the result for: ]]*!]",/!
a40497f9,"In Alice's Wonderland, a secret set of transformation rules is applied to equations. Below are a few examples:
}`-`< = $}
%)-#` = -<`
`/-]# = -#\
#<+}` = \$#
$/-}/ = -%)
Now, determine the result for: <%*]\",%]\<
a41f056f,"In Alice's Wonderland, a secret unit conversion is applied to measurements. For example:
16.53 m becomes 17.35
32.92 m becomes 34.56
9.72 m becomes 10.20
Now, convert the following measurement: 48.29 m",50.70
a4431938,"In Alice's Wonderland, numbers are secretly converted into a different numeral system. Some examples are given below:
75 -> LXXV
58 -> LVIII
67 -> LXVII
31 -> XXXI
Now, write the number 97 in the Wonderland numeral system.",XCVII
a4484f21,"In Alice's Wonderland, a secret unit conversion is applied to measurements. For example:
10.15 m becomes 14.22
22.78 m becomes 31.91
42.9 m becomes 60.10
46.6 m becomes 65.29
14.6 m becomes 20.45
Now, convert the following measurement: 36.04 m",50.49
a44ecc73,"In Alice's Wonderland, the gravitational constant has been secretly changed. Here are some example observations:
For t = 2.32s, distance = 24.87 m
For t = 1.01s, distance = 4.71 m
For t = 3.69s, distance = 62.92 m
For t = 4.63s, distance = 99.06 m
Now, determine the falling distance for t = 3.75s given d = 0.5*g*t^2.",64.98
a463d5a2,"In Alice's Wonderland, the gravitational constant has been secretly changed. Here are some example observations:
For t = 3.79s, distance = 119.48 m
For t = 3.44s, distance = 98.43 m
For t = 4.12s, distance = 141.19 m
For t = 3.0s, distance = 74.86 m
For t = 4.08s, distance = 138.46 m
Now, determine the falling distance for t = 2.32s given d = 0.5*g*t^2.",44.77
a4679943,"In Alice's Wonderland, numbers are secretly converted into a different numeral system. Some examples are given below:
25 -> XXV
60 -> LX
1 -> I
Now, write the number 53 in the Wonderland numeral system.",LIII
a47a489c,"In Alice's Wonderland, the gravitational constant has been secretly changed. Here are some example observations:
For t = 3.46s, distance = 60.7 m
For t = 2.77s, distance = 38.9 m
For t = 2.15s, distance = 23.44 m
For t = 4.0s, distance = 81.12 m
Now, determine the falling distance for t = 3.3s given d = 0.5*g*t^2.",55.21
a487ceeb,"In Alice's Wonderland, numbers are secretly converted into a different numeral system. Some examples are given below:
91 -> XCI
70 -> LXX
11 -> XI
74 -> LXXIV
49 -> XLIX
Now, write the number 4 in the Wonderland numeral system.",IV
a48b8329,"In Alice's Wonderland, a secret bit manipulation rule transforms 8-bit binary numbers. The transformation involves operations like bit shifts, rotations, XOR, AND, OR, NOT, and possibly majority or choice functions.

Here are some examples of input -> output:
10100011 -> 00111111
00010101 -> 10000101
00111011 -> 01101011
11110111 -> 11110011
01110101 -> 11011101
01101011 -> 10011110
00011011 -> 10100011
01011010 -> 00110110

Now, determine the output for: 11010100",00110101
a4a5fe71,"In Alice's Wonderland, the gravitational constant has been secretly changed. Here are some example observations:
For t = 1.11s, distance = 11.68 m
For t = 3.42s, distance = 110.91 m
For t = 3.22s, distance = 98.31 m
Now, determine the falling distance for t = 3.29s given d = 0.5*g*t^2.",102.64
a4ceedfb,"In Alice's Wonderland, numbers are secretly converted into a different numeral system. Some examples are given below:
92 -> XCII
11 -> XI
50 -> L
Now, write the number 27 in the Wonderland numeral system.",XXVII
a4e4ec1d,"In Alice's Wonderland, a secret set of transformation rules is applied to equations. Below are a few examples:
!>*!$ = %}@\
%|-%{ = $
>%-{{ = -!""
>$*!"" = $}>}
Now, determine the result for: }""-\$",>!
a4f165c1,"In Alice's Wonderland, the gravitational constant has been secretly changed. Here are some example observations:
For t = 1.02s, distance = 5.12 m
For t = 1.51s, distance = 11.23 m
For t = 1.15s, distance = 6.51 m
Now, determine the falling distance for t = 3.53s given d = 0.5*g*t^2.",61.38
a51b62b6,"In Alice's Wonderland, the gravitational constant has been secretly changed. Here are some example observations:
For t = 3.76s, distance = 89.04 m
For t = 4.29s, distance = 115.91 m
For t = 1.46s, distance = 13.42 m
Now, determine the falling distance for t = 2.09s given d = 0.5*g*t^2.",27.51
a51c0264,"In Alice's Wonderland, the gravitational constant has been secretly changed. Here are some example observations:
For t = 4.37s, distance = 115.14 m
For t = 2.13s, distance = 27.35 m
For t = 2.86s, distance = 49.32 m
For t = 2.66s, distance = 42.66 m
Now, determine the falling distance for t = 4.4s given d = 0.5*g*t^2.",116.73
a5208b7e,"In Alice's Wonderland, a secret bit manipulation rule transforms 8-bit binary numbers. The transformation involves operations like bit shifts, rotations, XOR, AND, OR, NOT, and possibly majority or choice functions.

Here are some examples of input -> output:
00001001 -> 01101001
10111101 -> 01010001
11010111 -> 10110111
01110100 -> 00101111
00000001 -> 01111101
00000101 -> 01110111
10001010 -> 10101110

Now, determine the output for: 00100110",10100010
a52aabb6,"In Alice's Wonderland, a secret set of transformation rules is applied to equations. Below are a few examples:
""&+&) = ^%]
"")+$] = ^)<
&&+^$ = )<
^""*<"" = ^&&]
!]-)) = <^
Now, determine the result for: )^+<%",!%
a52c726c,"In Alice's Wonderland, a secret set of transformation rules is applied to equations. Below are a few examples:
|?*'| = |{'?
'?-]] = )<
]$-?' = <'
]]+{) = <?
""<*?? = <'{$
Now, determine the result for: <?*""$",])?$
a5409e68,"In Alice's Wonderland, the gravitational constant has been secretly changed. Here are some example observations:
For t = 4.12s, distance = 112.59 m
For t = 4.83s, distance = 154.73 m
For t = 1.8s, distance = 21.49 m
For t = 1.65s, distance = 18.06 m
Now, determine the falling distance for t = 3.75s given d = 0.5*g*t^2.",93.27
a56a9fdc,"In Alice's Wonderland, a secret unit conversion is applied to measurements. For example:
41.65 m becomes 36.92
9.82 m becomes 8.70
36.8 m becomes 32.62
Now, convert the following measurement: 36.75 m",32.57
a57bcc2a,"In Alice's Wonderland, numbers are secretly converted into a different numeral system. Some examples are given below:
46 -> XLVI
99 -> XCIX
10 -> X
74 -> LXXIV
11 -> XI
Now, write the number 90 in the Wonderland numeral system.",XC
a57bcd23,"In Alice's Wonderland, numbers are secretly converted into a different numeral system. Some examples are given below:
37 -> XXXVII
34 -> XXXIV
24 -> XXIV
11 -> XI
Now, write the number 57 in the Wonderland numeral system.",LVII
a586d568,"In Alice's Wonderland, numbers are secretly converted into a different numeral system. Some examples are given below:
56 -> LVI
89 -> LXXXIX
16 -> XVI
Now, write the number 1 in the Wonderland numeral system.",I
a58d446b,"In Alice's Wonderland, a secret unit conversion is applied to measurements. For example:
21.84 m becomes 27.82
16.83 m becomes 21.44
9.78 m becomes 12.46
Now, convert the following measurement: 23.51 m",29.95
a5951fe4,"In Alice's Wonderland, numbers are secretly converted into a different numeral system. Some examples are given below:
1 -> I
94 -> XCIV
58 -> LVIII
75 -> LXXV
Now, write the number 77 in the Wonderland numeral system.",LXXVII
a5d2e952,"In Alice's Wonderland, the gravitational constant has been secretly changed. Here are some example observations:
For t = 4.47s, distance = 122.39 m
For t = 3.17s, distance = 61.55 m
For t = 3.41s, distance = 71.22 m
Now, determine the falling distance for t = 3.42s given d = 0.5*g*t^2.",71.64
a5ea81bb,"In Alice's Wonderland, a secret unit conversion is applied to measurements. For example:
9.61 m becomes 7.25
37.69 m becomes 28.43
17.24 m becomes 13.01
37.05 m becomes 27.95
Now, convert the following measurement: 17.62 m",13.29
a5eb0bcb,"In Alice's Wonderland, numbers are secretly converted into a different numeral system. Some examples are given below:
35 -> XXXV
86 -> LXXXVI
71 -> LXXI
50 -> L
Now, write the number 1 in the Wonderland numeral system.",I
a5f1991c,"In Alice's Wonderland, a secret set of transformation rules is applied to equations. Below are a few examples:
'>""&' = '>&'
&?/?} = '?
@'[!' = ''!
?&""|| = ?&||
>^""@@ = >^@@
Now, determine the result for: !?/&&",/|'
a610040a,"In Alice's Wonderland, a secret set of transformation rules is applied to equations. Below are a few examples:
@&-&? = ?:
<&*>| = >&|:
<""+<@ = <@<""
(""-|| = ""
@{+@| = @|@{
Now, determine the result for: &@*@{",:(|:
a6192d29,"In Alice's Wonderland, a secret bit manipulation rule transforms 8-bit binary numbers. The transformation involves operations like bit shifts, rotations, XOR, AND, OR, NOT, and possibly majority or choice functions.

Here are some examples of input -> output:
00101010 -> 00010100
10011011 -> 01100110
00110001 -> 01001000
11100011 -> 11110000
00011001 -> 00000110
10100111 -> 01001011
10000000 -> 00000000
01101100 -> 00011010
10001110 -> 00000111
11011001 -> 01110110

Now, determine the output for: 00110000",00001000
a62dd199,"In Alice's Wonderland, a secret bit manipulation rule transforms 8-bit binary numbers. The transformation involves operations like bit shifts, rotations, XOR, AND, OR, NOT, and possibly majority or choice functions.

Here are some examples of input -> output:
10001101 -> 00110011
10111000 -> 00111110
00000101 -> 01010111
11111100 -> 00111111
01101100 -> 10011111
01000001 -> 01110101
11010001 -> 11110101

Now, determine the output for: 11001010",10111011
a63caf28,"In Alice's Wonderland, a secret unit conversion is applied to measurements. For example:
5.6 m becomes 5.55
44.75 m becomes 44.37
44.34 m becomes 43.96
36.48 m becomes 36.17
Now, convert the following measurement: 30.12 m",29.86
a63cd4aa,"In Alice's Wonderland, the gravitational constant has been secretly changed. Here are some example observations:
For t = 1.18s, distance = 12.74 m
For t = 4.86s, distance = 216.06 m
For t = 2.73s, distance = 68.17 m
For t = 3.17s, distance = 91.92 m
Now, determine the falling distance for t = 2.59s given d = 0.5*g*t^2.",61.36
a63d9b34,"In Alice's Wonderland, the gravitational constant has been secretly changed. Here are some example observations:
For t = 3.01s, distance = 56.74 m
For t = 1.15s, distance = 8.28 m
For t = 4.26s, distance = 113.66 m
For t = 2.64s, distance = 43.65 m
Now, determine the falling distance for t = 3.24s given d = 0.5*g*t^2.",65.75
a644f19d,"In Alice's Wonderland, a secret set of transformation rules is applied to equations. Below are a few examples:
<`$<@ = !%
`($<} = %%`
!\|@@ = !##
[(|\} = %`(%
\`:#} = %#
Now, determine the result for: %%:#<",#:
a6704625,"In Alice's Wonderland, a secret bit manipulation rule transforms 8-bit binary numbers. The transformation involves operations like bit shifts, rotations, XOR, AND, OR, NOT, and possibly majority or choice functions.

Here are some examples of input -> output:
00010001 -> 11001110
01111000 -> 10001111
01100101 -> 01101111
10111000 -> 00010111
10001000 -> 01110111
01111100 -> 11001111
10100100 -> 11111101
01100111 -> 01001111
01110101 -> 01001110
11010001 -> 01011010

Now, determine the output for: 01000111",00001101
a692ec38,"In Alice's Wonderland, a secret set of transformation rules is applied to equations. Below are a few examples:
((*$# = $(](
>/*/( = ](}
]}+]: = ]((
}(+$) = ]}
Now, determine the result for: /:*/$","/""}"
a6b55544,"In Alice's Wonderland, numbers are secretly converted into a different numeral system. Some examples are given below:
60 -> LX
92 -> XCII
23 -> XXIII
40 -> XL
30 -> XXX
Now, write the number 21 in the Wonderland numeral system.",XXI
a6d242f1,"In Alice's Wonderland, the gravitational constant has been secretly changed. Here are some example observations:
For t = 3.88s, distance = 118.99 m
For t = 1.6s, distance = 20.23 m
For t = 3.99s, distance = 125.83 m
For t = 3.72s, distance = 109.38 m
Now, determine the falling distance for t = 3.7s given d = 0.5*g*t^2.",108.2
a6e65016,"In Alice's Wonderland, numbers are secretly converted into a different numeral system. Some examples are given below:
49 -> XLIX
2 -> II
47 -> XLVII
75 -> LXXV
Now, write the number 72 in the Wonderland numeral system.",LXXII
a6f1dc3e,"In Alice's Wonderland, the gravitational constant has been secretly changed. Here are some example observations:
For t = 2.95s, distance = 38.92 m
For t = 4.48s, distance = 89.76 m
For t = 4.93s, distance = 108.7 m
Now, determine the falling distance for t = 4.98s given d = 0.5*g*t^2.",110.92
a6f82438,"In Alice's Wonderland, the gravitational constant has been secretly changed. Here are some example observations:
For t = 4.85s, distance = 98.31 m
For t = 2.95s, distance = 36.37 m
For t = 4.52s, distance = 85.39 m
Now, determine the falling distance for t = 4.22s given d = 0.5*g*t^2.",74.43
a711fef6,"In Alice's Wonderland, numbers are secretly converted into a different numeral system. Some examples are given below:
86 -> LXXXVI
8 -> VIII
18 -> XVIII
48 -> XLVIII
Now, write the number 19 in the Wonderland numeral system.",XIX
a716f3a4,"In Alice's Wonderland, numbers are secretly converted into a different numeral system. Some examples are given below:
48 -> XLVIII
65 -> LXV
73 -> LXXIII
Now, write the number 98 in the Wonderland numeral system.",XCVIII
a722467f,"In Alice's Wonderland, numbers are secretly converted into a different numeral system. Some examples are given below:
71 -> LXXI
28 -> XXVIII
9 -> IX
Now, write the number 88 in the Wonderland numeral system.",LXXXVIII
a72a1ff9,"In Alice's Wonderland, the gravitational constant has been secretly changed. Here are some example observations:
For t = 2.29s, distance = 42.15 m
For t = 1.99s, distance = 31.83 m
For t = 2.38s, distance = 45.53 m
Now, determine the falling distance for t = 3.84s given d = 0.5*g*t^2.",118.52
a73be3a3,"In Alice's Wonderland, a secret unit conversion is applied to measurements. For example:
27.89 m becomes 47.96
49.14 m becomes 84.51
49.64 m becomes 85.37
Now, convert the following measurement: 33.06 m",56.85
a754db4a,"In Alice's Wonderland, numbers are secretly converted into a different numeral system. Some examples are given below:
10 -> X
100 -> C
84 -> LXXXIV
78 -> LXXVIII
Now, write the number 13 in the Wonderland numeral system.",XIII
a76146bb,"In Alice's Wonderland, numbers are secretly converted into a different numeral system. Some examples are given below:
51 -> LI
97 -> XCVII
59 -> LIX
Now, write the number 16 in the Wonderland numeral system.",XVI
a766d285,"In Alice's Wonderland, numbers are secretly converted into a different numeral system. Some examples are given below:
71 -> LXXI
30 -> XXX
76 -> LXXVI
Now, write the number 54 in the Wonderland numeral system.",LIV
a77be9fa,"In Alice's Wonderland, a secret set of transformation rules is applied to equations. Below are a few examples:
(^&$"" = [}\
\^!^[ = {[}
""$|:^ = ^\
Now, determine the result for: {>|$[","["""
a7836586,"In Alice's Wonderland, a secret set of transformation rules is applied to equations. Below are a few examples:
""|:[? = :""(
{<:?% = :|>
[`)[` = |(|
><)["" = |%""
""{)%[ = ?""
Now, determine the result for: {|:%?","%"""
a7a12cc7,"In Alice's Wonderland, a secret unit conversion is applied to measurements. For example:
18.01 m becomes 17.80
5.79 m becomes 5.72
5.39 m becomes 5.33
Now, convert the following measurement: 43.78 m",43.27
a7b82c09,"In Alice's Wonderland, the gravitational constant has been secretly changed. Here are some example observations:
For t = 4.84s, distance = 80.32 m
For t = 2.69s, distance = 24.81 m
For t = 4.44s, distance = 67.59 m
For t = 3.77s, distance = 48.73 m
For t = 1.52s, distance = 7.92 m
Now, determine the falling distance for t = 3.72s given d = 0.5*g*t^2.",47.45
a7b9b0bf,"In Alice's Wonderland, numbers are secretly converted into a different numeral system. Some examples are given below:
31 -> XXXI
70 -> LXX
43 -> XLIII
Now, write the number 37 in the Wonderland numeral system.",XXXVII
a7f5d296,"In Alice's Wonderland, numbers are secretly converted into a different numeral system. Some examples are given below:
68 -> LXVIII
61 -> LXI
67 -> LXVII
39 -> XXXIX
73 -> LXXIII
Now, write the number 64 in the Wonderland numeral system.",LXIV
a80e48ff,"In Alice's Wonderland, numbers are secretly converted into a different numeral system. Some examples are given below:
17 -> XVII
65 -> LXV
4 -> IV
94 -> XCIV
Now, write the number 15 in the Wonderland numeral system.",XV
a811373b,"In Alice's Wonderland, a secret unit conversion is applied to measurements. For example:
34.32 m becomes 31.77
48.09 m becomes 44.52
24.25 m becomes 22.45
41.8 m becomes 38.70
42.3 m becomes 39.16
Now, convert the following measurement: 19.99 m",18.51
a82332c8,"In Alice's Wonderland, the gravitational constant has been secretly changed. Here are some example observations:
For t = 4.64s, distance = 135.22 m
For t = 3.03s, distance = 57.66 m
For t = 3.19s, distance = 63.91 m
For t = 2.07s, distance = 26.91 m
For t = 1.77s, distance = 19.68 m
Now, determine the falling distance for t = 2.32s given d = 0.5*g*t^2.",33.81
a82f6ede,"In Alice's Wonderland, numbers are secretly converted into a different numeral system. Some examples are given below:
80 -> LXXX
93 -> XCIII
34 -> XXXIV
65 -> LXV
Now, write the number 69 in the Wonderland numeral system.",LXIX
a8323497,"In Alice's Wonderland, a secret set of transformation rules is applied to equations. Below are a few examples:
/&#:` = '`
<""+""{ = ""/$""
:$#{! = </
:/}!"" = $$
:'+{$ = $`/'
Now, determine the result for: '`}:""",$`
a8347740,"In Alice's Wonderland, a secret unit conversion is applied to measurements. For example:
41.28 m becomes 63.08
18.13 m becomes 27.70
14.48 m becomes 22.13
Now, convert the following measurement: 25.21 m",38.52
a85864a9,"In Alice's Wonderland, a secret set of transformation rules is applied to equations. Below are a few examples:
[}+[} = [}[}
:)*}/ = :)}/
)}-%` = -/[
%\-:| = )\
(%*%/ = (%%/
Now, determine the result for: (\*}:",(\}:
a86cb46c,"In Alice's Wonderland, the gravitational constant has been secretly changed. Here are some example observations:
For t = 2.4s, distance = 37.46 m
For t = 3.0s, distance = 58.53 m
For t = 1.43s, distance = 13.3 m
For t = 4.58s, distance = 136.41 m
For t = 4.12s, distance = 110.38 m
Now, determine the falling distance for t = 4.11s given d = 0.5*g*t^2.",109.85
a87565bb,"In Alice's Wonderland, a secret set of transformation rules is applied to equations. Below are a few examples:
46$71 = 74$
64^78 = 6478
77^61 = 7761
17^61 = 1761
Now, determine the result for: 81)85",67
a87bbb0b,"In Alice's Wonderland, a secret unit conversion is applied to measurements. For example:
27.45 m becomes 38.52
8.56 m becomes 12.01
15.02 m becomes 21.08
14.3 m becomes 20.06
13.36 m becomes 18.75
Now, convert the following measurement: 13.88 m",19.48
a88572c6,"In Alice's Wonderland, numbers are secretly converted into a different numeral system. Some examples are given below:
85 -> LXXXV
83 -> LXXXIII
22 -> XXII
Now, write the number 2 in the Wonderland numeral system.",II
a88f9fe3,"In Alice's Wonderland, a secret set of transformation rules is applied to equations. Below are a few examples:
>]+>< = !<\
#}*<} = }{<
?#+!> = >?\
}!*!# = {>((
Now, determine the result for: {}+><",<]
a88fbc44,"In Alice's Wonderland, numbers are secretly converted into a different numeral system. Some examples are given below:
32 -> XXXII
38 -> XXXVIII
88 -> LXXXVIII
83 -> LXXXIII
Now, write the number 88 in the Wonderland numeral system.",LXXXVIII
a8a4560e,"In Alice's Wonderland, a secret unit conversion is applied to measurements. For example:
30.16 m becomes 45.70
25.49 m becomes 38.62
34.22 m becomes 51.85
36.41 m becomes 55.17
7.82 m becomes 11.85
Now, convert the following measurement: 24.98 m",37.85
a8a73cf4,"In Alice's Wonderland, numbers are secretly converted into a different numeral system. Some examples are given below:
64 -> LXIV
83 -> LXXXIII
43 -> XLIII
Now, write the number 73 in the Wonderland numeral system.",LXXIII
a8aed893,"In Alice's Wonderland, the gravitational constant has been secretly changed. Here are some example observations:
For t = 3.06s, distance = 64.13 m
For t = 1.46s, distance = 14.6 m
For t = 2.22s, distance = 33.75 m
For t = 2.1s, distance = 30.2 m
For t = 1.0s, distance = 6.85 m
Now, determine the falling distance for t = 3.62s given d = 0.5*g*t^2.",89.75
a8dbe0c6,"In Alice's Wonderland, the gravitational constant has been secretly changed. Here are some example observations:
For t = 3.37s, distance = 102.6 m
For t = 2.36s, distance = 50.32 m
For t = 1.83s, distance = 30.26 m
For t = 3.57s, distance = 115.14 m
Now, determine the falling distance for t = 1.48s given d = 0.5*g*t^2.",19.79
a8ec75af,"In Alice's Wonderland, a secret unit conversion is applied to measurements. For example:
11.59 m becomes 22.03
49.44 m becomes 93.99
47.73 m becomes 90.74
Now, convert the following measurement: 9.46 m",17.99
a8f2c2b9,"In Alice's Wonderland, a secret bit manipulation rule transforms 8-bit binary numbers. The transformation involves operations like bit shifts, rotations, XOR, AND, OR, NOT, and possibly majority or choice functions.

Here are some examples of input -> output:
10011111 -> 11000111
00011111 -> 11100111
00010101 -> 11110111
11000010 -> 10111001
10110001 -> 01111110
11100000 -> 11111000
10110011 -> 00101110
01110100 -> 11011101
11100010 -> 10111000
00101100 -> 00011111

Now, determine the output for: 01111100",10011111
a901f565,"In Alice's Wonderland, numbers are secretly converted into a different numeral system. Some examples are given below:
79 -> LXXIX
100 -> C
35 -> XXXV
47 -> XLVII
Now, write the number 52 in the Wonderland numeral system.",LII
a926d5d0,"In Alice's Wonderland, a secret set of transformation rules is applied to equations. Below are a few examples:
//*|| = ]$&)
!$-$< = )|
]<+{$ = <&<
Now, determine the result for: !#-&|",/<
a94232ca,"In Alice's Wonderland, a secret bit manipulation rule transforms 8-bit binary numbers. The transformation involves operations like bit shifts, rotations, XOR, AND, OR, NOT, and possibly majority or choice functions.

Here are some examples of input -> output:
10101001 -> 10010100
11011101 -> 01011110
10000000 -> 01000000
11111010 -> 00011101
00111001 -> 10001110
10100111 -> 10010101
10101011 -> 10010101

Now, determine the output for: 00011111",10000011
a942a8ad,"In Alice's Wonderland, numbers are secretly converted into a different numeral system. Some examples are given below:
14 -> XIV
39 -> XXXIX
66 -> LXVI
71 -> LXXI
25 -> XXV
Now, write the number 12 in the Wonderland numeral system.",XII
a945525d,"In Alice's Wonderland, numbers are secretly converted into a different numeral system. Some examples are given below:
85 -> LXXXV
4 -> IV
61 -> LXI
21 -> XXI
Now, write the number 49 in the Wonderland numeral system.",XLIX
a9659516,"In Alice's Wonderland, a secret unit conversion is applied to measurements. For example:
10.96 m becomes 12.81
19.98 m becomes 23.36
46.37 m becomes 54.21
Now, convert the following measurement: 45.41 m",53.09
a989f88c,"In Alice's Wonderland, numbers are secretly converted into a different numeral system. Some examples are given below:
26 -> XXVI
87 -> LXXXVII
79 -> LXXIX
90 -> XC
Now, write the number 97 in the Wonderland numeral system.",XCVII
a98d4d53,"In Alice's Wonderland, a secret set of transformation rules is applied to equations. Below are a few examples:
||*[/ = #[|
:)-)$ = -[/
$$+[) = $$[)
Now, determine the result for: !$-$[",-)
a992d5f1,"In Alice's Wonderland, a secret unit conversion is applied to measurements. For example:
17.98 m becomes 12.84
14.35 m becomes 10.25
39.75 m becomes 28.38
Now, convert the following measurement: 18.64 m",13.31
a99ea0f0,"In Alice's Wonderland, a secret bit manipulation rule transforms 8-bit binary numbers. The transformation involves operations like bit shifts, rotations, XOR, AND, OR, NOT, and possibly majority or choice functions.

Here are some examples of input -> output:
10001001 -> 10111001
00111011 -> 11011111
00011000 -> 10011011
00011010 -> 00010011
10000100 -> 11011110
01111001 -> 01001111
01101101 -> 00011101

Now, determine the output for: 01010010",00101011
a9aa6c6e,"In Alice's Wonderland, a secret set of transformation rules is applied to equations. Below are a few examples:
${+&> = ${&>
&>|>$ = &/#
##^<$ = &>
Now, determine the result for: <(^{(",^</
a9b4f1ba,"In Alice's Wonderland, numbers are secretly converted into a different numeral system. Some examples are given below:
20 -> XX
24 -> XXIV
92 -> XCII
26 -> XXVI
Now, write the number 54 in the Wonderland numeral system.",LIV
a9b6b1cb,"In Alice's Wonderland, the gravitational constant has been secretly changed. Here are some example observations:
For t = 2.59s, distance = 40.4 m
For t = 3.4s, distance = 69.62 m
For t = 4.1s, distance = 101.24 m
Now, determine the falling distance for t = 4.45s given d = 0.5*g*t^2.",119.27
a9cdb53b,"In Alice's Wonderland, the gravitational constant has been secretly changed. Here are some example observations:
For t = 2.57s, distance = 50.39 m
For t = 4.24s, distance = 137.16 m
For t = 3.61s, distance = 99.43 m
For t = 2.29s, distance = 40.01 m
Now, determine the falling distance for t = 2.53s given d = 0.5*g*t^2.",48.84
a9d91ec1,"In Alice's Wonderland, a secret set of transformation rules is applied to equations. Below are a few examples:
!:[$? = ::?
&$[:} = %!
}}#:: = %%
%{#`} = :`
Now, determine the result for: '!>{?",:'%?
a9ded497,"In Alice's Wonderland, numbers are secretly converted into a different numeral system. Some examples are given below:
21 -> XXI
68 -> LXVIII
58 -> LVIII
37 -> XXXVII
Now, write the number 85 in the Wonderland numeral system.",LXXXV
aa05953e,"In Alice's Wonderland, a secret unit conversion is applied to measurements. For example:
35.11 m becomes 32.00
17.65 m becomes 16.09
5.19 m becomes 4.73
28.51 m becomes 25.98
Now, convert the following measurement: 13.41 m",12.22
aa075253,"In Alice's Wonderland, numbers are secretly converted into a different numeral system. Some examples are given below:
6 -> VI
81 -> LXXXI
93 -> XCIII
60 -> LX
Now, write the number 20 in the Wonderland numeral system.",XX
aa10e6b3,"In Alice's Wonderland, the gravitational constant has been secretly changed. Here are some example observations:
For t = 2.95s, distance = 68.63 m
For t = 4.23s, distance = 141.1 m
For t = 4.74s, distance = 177.18 m
For t = 2.87s, distance = 64.96 m
Now, determine the falling distance for t = 3.53s given d = 0.5*g*t^2.",98.27
aa1fd3d8,"In Alice's Wonderland, numbers are secretly converted into a different numeral system. Some examples are given below:
21 -> XXI
29 -> XXIX
78 -> LXXVIII
Now, write the number 26 in the Wonderland numeral system.",XXVI
aa248cfd,"In Alice's Wonderland, numbers are secretly converted into a different numeral system. Some examples are given below:
22 -> XXII
98 -> XCVIII
99 -> XCIX
47 -> XLVII
40 -> XL
Now, write the number 30 in the Wonderland numeral system.",XXX
aa2e27a3,"In Alice's Wonderland, a secret set of transformation rules is applied to equations. Below are a few examples:
`{*'} = `{'}
``*:' = ``:'
:(+'` = `/
/\*[/ = /\[/
:[+({ = :{[
Now, determine the result for: [{-((",$(
aa37b5db,"In Alice's Wonderland, the gravitational constant has been secretly changed. Here are some example observations:
For t = 4.05s, distance = 97.48 m
For t = 3.67s, distance = 80.04 m
For t = 1.6s, distance = 15.21 m
For t = 3.91s, distance = 90.86 m
Now, determine the falling distance for t = 3.02s given d = 0.5*g*t^2.",54.2
aa6cc257,"In Alice's Wonderland, numbers are secretly converted into a different numeral system. Some examples are given below:
95 -> XCV
7 -> VII
45 -> XLV
53 -> LIII
55 -> LV
Now, write the number 8 in the Wonderland numeral system.",VIII
aa72ae9f,"In Alice's Wonderland, a secret bit manipulation rule transforms 8-bit binary numbers. The transformation involves operations like bit shifts, rotations, XOR, AND, OR, NOT, and possibly majority or choice functions.

Here are some examples of input -> output:
01111100 -> 11110111
01101100 -> 10010111
01010111 -> 00001001
00101101 -> 00010011
00110110 -> 01001011
11011110 -> 00110111
00001110 -> 11011011
01010010 -> 00010111

Now, determine the output for: 10100111",00100110
aaa6fddc,"In Alice's Wonderland, the gravitational constant has been secretly changed. Here are some example observations:
For t = 2.8s, distance = 34.55 m
For t = 4.24s, distance = 79.23 m
For t = 4.53s, distance = 90.44 m
Now, determine the falling distance for t = 3.05s given d = 0.5*g*t^2.",41.0
aac98230,"In Alice's Wonderland, a secret unit conversion is applied to measurements. For example:
45.72 m becomes 61.18
37.76 m becomes 50.53
46.42 m becomes 62.12
Now, convert the following measurement: 21.86 m",29.25
aacd7119,"In Alice's Wonderland, the gravitational constant has been secretly changed. Here are some example observations:
For t = 1.08s, distance = 9.04 m
For t = 4.23s, distance = 138.61 m
For t = 1.79s, distance = 24.82 m
Now, determine the falling distance for t = 4.09s given d = 0.5*g*t^2.",129.59
aad35553,"In Alice's Wonderland, numbers are secretly converted into a different numeral system. Some examples are given below:
93 -> XCIII
7 -> VII
89 -> LXXXIX
33 -> XXXIII
60 -> LX
Now, write the number 20 in the Wonderland numeral system.",XX
aaf46fca,"In Alice's Wonderland, a secret unit conversion is applied to measurements. For example:
7.33 m becomes 13.53
17.13 m becomes 31.62
10.86 m becomes 20.05
37.73 m becomes 69.66
Now, convert the following measurement: 48.99 m",90.44
ab064b6a,"In Alice's Wonderland, a secret bit manipulation rule transforms 8-bit binary numbers. The transformation involves operations like bit shifts, rotations, XOR, AND, OR, NOT, and possibly majority or choice functions.

Here are some examples of input -> output:
10100100 -> 11110111
10010101 -> 00110011
10000101 -> 10110111
01010111 -> 10010010
01010110 -> 11011010
01011110 -> 10011000
10011110 -> 10101001
11111011 -> 11011001

Now, determine the output for: 00000000",11111111
ab323f35,"In Alice's Wonderland, a secret unit conversion is applied to measurements. For example:
35.98 m becomes 49.27
29.45 m becomes 40.32
19.99 m becomes 27.37
13.11 m becomes 17.95
Now, convert the following measurement: 6.72 m",9.20
ab407759,"In Alice's Wonderland, the gravitational constant has been secretly changed. Here are some example observations:
For t = 2.8s, distance = 30.69 m
For t = 1.04s, distance = 4.23 m
For t = 3.61s, distance = 51.01 m
For t = 2.45s, distance = 23.49 m
For t = 3.87s, distance = 58.62 m
Now, determine the falling distance for t = 1.63s given d = 0.5*g*t^2.",10.4
ab4e1a63,"In Alice's Wonderland, a secret unit conversion is applied to measurements. For example:
32.96 m becomes 26.11
35.09 m becomes 27.80
38.94 m becomes 30.85
40.76 m becomes 32.29
Now, convert the following measurement: 43.58 m",34.52
ab9e5b48,"In Alice's Wonderland, the gravitational constant has been secretly changed. Here are some example observations:
For t = 2.46s, distance = 35.82 m
For t = 3.41s, distance = 68.82 m
For t = 4.41s, distance = 115.1 m
For t = 4.82s, distance = 137.5 m
Now, determine the falling distance for t = 1.64s given d = 0.5*g*t^2.",15.92
abbb5d43,"In Alice's Wonderland, a secret set of transformation rules is applied to equations. Below are a few examples:
51^81 = 132
90/42 = 48
63^32 = 95
Now, determine the result for: 86{99",8513
abcfd0c1,"In Alice's Wonderland, numbers are secretly converted into a different numeral system. Some examples are given below:
95 -> XCV
41 -> XLI
67 -> LXVII
32 -> XXXII
Now, write the number 77 in the Wonderland numeral system.",LXXVII
abe83078,"In Alice's Wonderland, a secret set of transformation rules is applied to equations. Below are a few examples:
>>}($ = ^^
`/}>[ = ""!
><:^[ = :$""
""[+(/ = $(`[
`[:/! = /(
Now, determine the result for: $$}<$",`<
abeb338a,"In Alice's Wonderland, numbers are secretly converted into a different numeral system. Some examples are given below:
94 -> XCIV
17 -> XVII
71 -> LXXI
61 -> LXI
24 -> XXIV
Now, write the number 34 in the Wonderland numeral system.",XXXIV
abed1c35,"In Alice's Wonderland, numbers are secretly converted into a different numeral system. Some examples are given below:
80 -> LXXX
34 -> XXXIV
22 -> XXII
52 -> LII
20 -> XX
Now, write the number 83 in the Wonderland numeral system.",LXXXIII
abfd833f,"In Alice's Wonderland, a secret unit conversion is applied to measurements. For example:
36.66 m becomes 44.01
40.0 m becomes 48.02
43.22 m becomes 51.89
Now, convert the following measurement: 47.59 m",57.14
ac2189ae,"In Alice's Wonderland, the gravitational constant has been secretly changed. Here are some example observations:
For t = 4.31s, distance = 141.51 m
For t = 4.9s, distance = 182.91 m
For t = 3.31s, distance = 83.46 m
For t = 2.76s, distance = 58.03 m
Now, determine the falling distance for t = 4.56s given d = 0.5*g*t^2.",158.41
ac2b67ad,"In Alice's Wonderland, the gravitational constant has been secretly changed. Here are some example observations:
For t = 1.41s, distance = 12.98 m
For t = 3.48s, distance = 79.04 m
For t = 3.43s, distance = 76.79 m
For t = 2.25s, distance = 33.04 m
Now, determine the falling distance for t = 3.47s given d = 0.5*g*t^2.",78.59
ac394644,"In Alice's Wonderland, numbers are secretly converted into a different numeral system. Some examples are given below:
68 -> LXVIII
66 -> LXVI
98 -> XCVIII
78 -> LXXVIII
Now, write the number 20 in the Wonderland numeral system.",XX
ac5c723c,"In Alice's Wonderland, a secret unit conversion is applied to measurements. For example:
40.28 m becomes 29.67
9.74 m becomes 7.17
30.59 m becomes 22.53
41.61 m becomes 30.65
Now, convert the following measurement: 46.39 m",34.17
ac6bc99c,"In Alice's Wonderland, a secret unit conversion is applied to measurements. For example:
13.13 m becomes 19.63
46.42 m becomes 69.38
16.08 m becomes 24.03
27.41 m becomes 40.97
9.24 m becomes 13.81
Now, convert the following measurement: 28.67 m",42.85
ac96e25c,"In Alice's Wonderland, a secret set of transformation rules is applied to equations. Below are a few examples:
$[*?/ = $?\^
\'-[' = -/
$>-!! = ']
?]+>! = ^>
Now, determine the result for: '!->?",-'/
aca1d581,"In Alice's Wonderland, numbers are secretly converted into a different numeral system. Some examples are given below:
6 -> VI
75 -> LXXV
70 -> LXX
Now, write the number 17 in the Wonderland numeral system.",XVII
aca5c614,"In Alice's Wonderland, a secret set of transformation rules is applied to equations. Below are a few examples:
25+25 = 2525
77+53 = 5377
57*31 = 579
57*32 = 5271
43+76 = 7643
Now, determine the result for: 14-63",-5
aca82280,"In Alice's Wonderland, the gravitational constant has been secretly changed. Here are some example observations:
For t = 3.82s, distance = 93.34 m
For t = 2.16s, distance = 29.84 m
For t = 1.06s, distance = 7.19 m
For t = 4.77s, distance = 145.53 m
For t = 2.68s, distance = 45.94 m
Now, determine the falling distance for t = 3.03s given d = 0.5*g*t^2.",58.72
acf8c11f,"In Alice's Wonderland, a secret set of transformation rules is applied to equations. Below are a few examples:
)<\<! = )}""
""}#(' = ''[)
)!\)] = ([
((\][ = <""
Now, determine the result for: '!\[(","""'"
ad01d78c,"In Alice's Wonderland, numbers are secretly converted into a different numeral system. Some examples are given below:
5 -> V
51 -> LI
44 -> XLIV
78 -> LXXVIII
15 -> XV
Now, write the number 28 in the Wonderland numeral system.",XXVIII
ad3e6f0d,"In Alice's Wonderland, numbers are secretly converted into a different numeral system. Some examples are given below:
27 -> XXVII
53 -> LIII
14 -> XIV
Now, write the number 67 in the Wonderland numeral system.",LXVII
ad4b56d5,"In Alice's Wonderland, a secret unit conversion is applied to measurements. For example:
11.79 m becomes 18.74
20.13 m becomes 31.99
33.67 m becomes 53.50
Now, convert the following measurement: 29.65 m",47.12
ad59f0c6,"In Alice's Wonderland, a secret unit conversion is applied to measurements. For example:
8.63 m becomes 10.43
36.71 m becomes 44.37
43.21 m becomes 52.23
Now, convert the following measurement: 28.57 m",34.53
ad6d02db,"In Alice's Wonderland, numbers are secretly converted into a different numeral system. Some examples are given below:
32 -> XXXII
56 -> LVI
79 -> LXXIX
48 -> XLVIII
Now, write the number 83 in the Wonderland numeral system.",LXXXIII
ad789984,"In Alice's Wonderland, numbers are secretly converted into a different numeral system. Some examples are given below:
23 -> XXIII
51 -> LI
92 -> XCII
Now, write the number 44 in the Wonderland numeral system.",XLIV
ad794f4a,"In Alice's Wonderland, the gravitational constant has been secretly changed. Here are some example observations:
For t = 4.58s, distance = 134.72 m
For t = 4.46s, distance = 127.75 m
For t = 1.14s, distance = 8.35 m
For t = 3.13s, distance = 62.92 m
For t = 1.78s, distance = 20.35 m
Now, determine the falling distance for t = 4.49s given d = 0.5*g*t^2.",129.48
ad813fbb,"In Alice's Wonderland, numbers are secretly converted into a different numeral system. Some examples are given below:
87 -> LXXXVII
64 -> LXIV
53 -> LIII
36 -> XXXVI
2 -> II
Now, write the number 15 in the Wonderland numeral system.",XV
ada01a20,"In Alice's Wonderland, a secret bit manipulation rule transforms 8-bit binary numbers. The transformation involves operations like bit shifts, rotations, XOR, AND, OR, NOT, and possibly majority or choice functions.

Here are some examples of input -> output:
00011101 -> 10000001
01001011 -> 01101001
00110100 -> 10000110
11011001 -> 00001011
10010110 -> 11010010
01100011 -> 00101000
00001000 -> 00000001
01010010 -> 01001010
10111011 -> 00000011

Now, determine the output for: 00100110",10000000
adb33564,"In Alice's Wonderland, the gravitational constant has been secretly changed. Here are some example observations:
For t = 4.92s, distance = 195.84 m
For t = 1.37s, distance = 15.19 m
For t = 4.44s, distance = 159.49 m
For t = 4.66s, distance = 175.69 m
Now, determine the falling distance for t = 3.99s given d = 0.5*g*t^2.",128.8
adcc6292,"In Alice's Wonderland, a secret set of transformation rules is applied to equations. Below are a few examples:
![*!} = [@:!
/%+^^ = /%^^
}@*[[ = @@//
}!*[[ = @%^%
Now, determine the result for: @:-[^",-}^
adf7fc5b,"In Alice's Wonderland, numbers are secretly converted into a different numeral system. Some examples are given below:
66 -> LXVI
66 -> LXVI
93 -> XCIII
61 -> LXI
Now, write the number 42 in the Wonderland numeral system.",XLII
ae2edf41,"In Alice's Wonderland, a secret unit conversion is applied to measurements. For example:
22.09 m becomes 30.83
40.2 m becomes 56.11
15.38 m becomes 21.47
10.74 m becomes 14.99
Now, convert the following measurement: 13.5 m",18.84
ae305718,"In Alice's Wonderland, numbers are secretly converted into a different numeral system. Some examples are given below:
67 -> LXVII
58 -> LVIII
21 -> XXI
93 -> XCIII
54 -> LIV
Now, write the number 35 in the Wonderland numeral system.",XXXV
ae3d84e7,"In Alice's Wonderland, a secret set of transformation rules is applied to equations. Below are a few examples:
&%+@] = `?&
@>*<@ = &>?<
@`*`% = `^&%
Now, determine the result for: `]*@>",<<<
ae4aef23,"In Alice's Wonderland, a secret set of transformation rules is applied to equations. Below are a few examples:
#<+`[ = `#<
%[+<| = ?!<
!&+!^ = ?[
[[+#& = [?<
?^-!% = -&^
Now, determine the result for: `|+&?",%<<
ae554b7f,"In Alice's Wonderland, a secret unit conversion is applied to measurements. For example:
34.96 m becomes 56.65
8.22 m becomes 13.32
24.9 m becomes 40.35
32.49 m becomes 52.65
Now, convert the following measurement: 8.56 m",13.87
ae566562,"In Alice's Wonderland, a secret bit manipulation rule transforms 8-bit binary numbers. The transformation involves operations like bit shifts, rotations, XOR, AND, OR, NOT, and possibly majority or choice functions.

Here are some examples of input -> output:
00010010 -> 11000010
00011011 -> 11100011
11011100 -> 10011011
00000110 -> 11000000
11001110 -> 11011001
01101110 -> 11001101
00111111 -> 11100111

Now, determine the output for: 11001101",11111001
ae5e65cf,"In Alice's Wonderland, the gravitational constant has been secretly changed. Here are some example observations:
For t = 1.13s, distance = 12.18 m
For t = 4.47s, distance = 190.54 m
For t = 3.44s, distance = 112.85 m
Now, determine the falling distance for t = 3.44s given d = 0.5*g*t^2.",112.85
ae64d5e4,"In Alice's Wonderland, a secret set of transformation rules is applied to equations. Below are a few examples:
[`-[{ = &
//-/? = &?
^}+!"" = ""?!
""}+`! = !/
Now, determine the result for: [[-&/",[
ae6be599,"In Alice's Wonderland, a secret set of transformation rules is applied to equations. Below are a few examples:
$|*?] = $|?]
$$+|# = %%]
%#-""\ = -%%
Now, determine the result for: $?+]$",#`
ae6c8cf6,"In Alice's Wonderland, the gravitational constant has been secretly changed. Here are some example observations:
For t = 1.1s, distance = 4.53 m
For t = 4.51s, distance = 76.21 m
For t = 3.2s, distance = 38.37 m
For t = 2.57s, distance = 24.75 m
Now, determine the falling distance for t = 2.95s given d = 0.5*g*t^2.",32.61
aec8d5f2,"In Alice's Wonderland, the gravitational constant has been secretly changed. Here are some example observations:
For t = 4.87s, distance = 115.04 m
For t = 3.11s, distance = 46.92 m
For t = 1.08s, distance = 5.66 m
Now, determine the falling distance for t = 4.08s given d = 0.5*g*t^2.",80.75
aed00579,"In Alice's Wonderland, numbers are secretly converted into a different numeral system. Some examples are given below:
75 -> LXXV
1 -> I
32 -> XXXII
63 -> LXIII
49 -> XLIX
Now, write the number 95 in the Wonderland numeral system.",XCV
aedac0c7,"In Alice's Wonderland, numbers are secretly converted into a different numeral system. Some examples are given below:
75 -> LXXV
62 -> LXII
22 -> XXII
Now, write the number 93 in the Wonderland numeral system.",XCIII
af0e4262,"In Alice's Wonderland, a secret set of transformation rules is applied to equations. Below are a few examples:
>{*{\ = \/>$
//*@$ = {@>$
$'*/\ = {@""$
){*/$ = """">]
>>*>{ = /\@]
Now, determine the result for: ""@-/$",]{
af260055,"In Alice's Wonderland, the gravitational constant has been secretly changed. Here are some example observations:
For t = 3.03s, distance = 45.86 m
For t = 1.86s, distance = 17.28 m
For t = 3.49s, distance = 60.84 m
For t = 1.29s, distance = 8.31 m
Now, determine the falling distance for t = 4.98s given d = 0.5*g*t^2.",123.88
af34964a,"In Alice's Wonderland, a secret set of transformation rules is applied to equations. Below are a few examples:
[(*') = ])&
:(-[: = ''
%&*&) = %"")&
/(*&( = /:'/
%(+:' = %(:'
Now, determine the result for: &]*](",]:[:
af447d2a,"In Alice's Wonderland, a secret unit conversion is applied to measurements. For example:
40.2 m becomes 63.40
40.34 m becomes 63.62
13.46 m becomes 21.23
14.67 m becomes 23.14
Now, convert the following measurement: 19.15 m",30.20
af52a14c,"In Alice's Wonderland, the gravitational constant has been secretly changed. Here are some example observations:
For t = 4.88s, distance = 59.11 m
For t = 2.33s, distance = 13.47 m
For t = 3.21s, distance = 25.57 m
For t = 1.46s, distance = 5.29 m
For t = 2.29s, distance = 13.02 m
Now, determine the falling distance for t = 1.31s given d = 0.5*g*t^2.",4.26
af6ce080,"In Alice's Wonderland, a secret unit conversion is applied to measurements. For example:
24.56 m becomes 37.45
9.76 m becomes 14.88
42.42 m becomes 64.68
Now, convert the following measurement: 46.38 m",70.72
af7ec090,"In Alice's Wonderland, a secret set of transformation rules is applied to equations. Below are a few examples:
\'-\] = -}^
$`*$' = >$])
&&-`^ = -)^
Now, determine the result for: $\*'`",'''^
af89acac,"In Alice's Wonderland, numbers are secretly converted into a different numeral system. Some examples are given below:
37 -> XXXVII
40 -> XL
19 -> XIX
Now, write the number 86 in the Wonderland numeral system.",LXXXVI
af95c8aa,"In Alice's Wonderland, a secret set of transformation rules is applied to equations. Below are a few examples:
?\*}? = ""'\]
&\+<< = !$
&'-\< = ""\
!\*<] = ]$!
Now, determine the result for: }'+'$",'\]
af9989c2,"In Alice's Wonderland, the gravitational constant has been secretly changed. Here are some example observations:
For t = 2.7s, distance = 64.51 m
For t = 2.08s, distance = 38.28 m
For t = 4.75s, distance = 199.65 m
Now, determine the falling distance for t = 1.81s given d = 0.5*g*t^2.",28.99
afa9a53b,"In Alice's Wonderland, a secret set of transformation rules is applied to equations. Below are a few examples:
@|&>| = &!""
^""&@! = ![
:|`': = :>%:
Now, determine the result for: ^^&:@",&%|
afb53516,"In Alice's Wonderland, a secret set of transformation rules is applied to equations. Below are a few examples:
[&-:# = -%>
|:+/> = #""
#>+</ = #[:
%""+%& = #|:
[&*>/ = ><&""
Now, determine the result for: #%*</",<%&:
afc57a97,"In Alice's Wonderland, a secret unit conversion is applied to measurements. For example:
43.05 m becomes 47.50
48.25 m becomes 53.24
24.84 m becomes 27.41
25.06 m becomes 27.65
Now, convert the following measurement: 49.63 m",54.76
afca7259,"In Alice's Wonderland, a secret set of transformation rules is applied to equations. Below are a few examples:
|{:}/ = |!&""
&""(!? = ?>
#}(!"" = >!(
?""`}} = {""&
Now, determine the result for: ?}`/>",>>&
afcac7af,"In Alice's Wonderland, a secret set of transformation rules is applied to equations. Below are a few examples:
47+15 = 421
55+09 = 441
71*66 = 3211
Now, determine the result for: 01-91",-9
afdb7326,"In Alice's Wonderland, a secret set of transformation rules is applied to equations. Below are a few examples:
(\-:< = $:^
(>-$> = ((
(\%)( = %^@
Now, determine the result for: @^%(^",%\
afdd0e06,"In Alice's Wonderland, numbers are secretly converted into a different numeral system. Some examples are given below:
52 -> LII
76 -> LXXVI
57 -> LVII
87 -> LXXXVII
61 -> LXI
Now, write the number 94 in the Wonderland numeral system.",XCIV
afe2bad5,"In Alice's Wonderland, numbers are secretly converted into a different numeral system. Some examples are given below:
95 -> XCV
95 -> XCV
30 -> XXX
Now, write the number 92 in the Wonderland numeral system.",XCII
afe800aa,"In Alice's Wonderland, numbers are secretly converted into a different numeral system. Some examples are given below:
43 -> XLIII
83 -> LXXXIII
86 -> LXXXVI
Now, write the number 52 in the Wonderland numeral system.",LII
b003a657,"In Alice's Wonderland, numbers are secretly converted into a different numeral system. Some examples are given below:
48 -> XLVIII
26 -> XXVI
2 -> II
Now, write the number 5 in the Wonderland numeral system.",V
b0101680,"In Alice's Wonderland, a secret unit conversion is applied to measurements. For example:
13.75 m becomes 26.61
36.11 m becomes 69.88
44.05 m becomes 85.25
Now, convert the following measurement: 8.32 m",16.10
b0206bb7,"In Alice's Wonderland, a secret set of transformation rules is applied to equations. Below are a few examples:
){+&# = //
!/*&@ = /{@}
{)-&! = -/#
{}*)} = &#{#
]!-}{ = -@&
Now, determine the result for: ${*)}",]$!
b03bd7fb,"In Alice's Wonderland, numbers are secretly converted into a different numeral system. Some examples are given below:
10 -> X
29 -> XXIX
19 -> XIX
18 -> XVIII
88 -> LXXXVIII
Now, write the number 59 in the Wonderland numeral system.",LIX
b06625c4,"In Alice's Wonderland, a secret set of transformation rules is applied to equations. Below are a few examples:
""""*$"" = <&#
$]-<# = $<
&&+^) = ]&
/&-^$ = $$
Now, determine the result for: ""$*$]",^&/
b075e716,"In Alice's Wonderland, a secret set of transformation rules is applied to equations. Below are a few examples:
53[16 = 68
51[77 = 127
70-54 = 16
52[61 = 112
Now, determine the result for: 30+80",2400
b0853608,"In Alice's Wonderland, numbers are secretly converted into a different numeral system. Some examples are given below:
87 -> LXXXVII
20 -> XX
31 -> XXXI
29 -> XXIX
Now, write the number 41 in the Wonderland numeral system.",XLI
b08a469a,"In Alice's Wonderland, a secret unit conversion is applied to measurements. For example:
24.35 m becomes 39.98
27.39 m becomes 44.97
29.2 m becomes 47.94
16.53 m becomes 27.14
Now, convert the following measurement: 41.91 m",68.81
b09cdfaf,"In Alice's Wonderland, numbers are secretly converted into a different numeral system. Some examples are given below:
4 -> IV
68 -> LXVIII
96 -> XCVI
95 -> XCV
Now, write the number 48 in the Wonderland numeral system.",XLVIII
b0b84b53,"In Alice's Wonderland, the gravitational constant has been secretly changed. Here are some example observations:
For t = 3.35s, distance = 56.08 m
For t = 1.97s, distance = 19.39 m
For t = 1.29s, distance = 8.32 m
For t = 4.14s, distance = 85.64 m
For t = 1.85s, distance = 17.1 m
Now, determine the falling distance for t = 1.57s given d = 0.5*g*t^2.",12.32
b0bf8ae4,"In Alice's Wonderland, numbers are secretly converted into a different numeral system. Some examples are given below:
96 -> XCVI
91 -> XCI
98 -> XCVIII
28 -> XXVIII
Now, write the number 4 in the Wonderland numeral system.",IV
b0c908ce,"In Alice's Wonderland, numbers are secretly converted into a different numeral system. Some examples are given below:
13 -> XIII
85 -> LXXXV
45 -> XLV
81 -> LXXXI
31 -> XXXI
Now, write the number 96 in the Wonderland numeral system.",XCVI
b1181806,"In Alice's Wonderland, a secret set of transformation rules is applied to equations. Below are a few examples:
'><&% = (&}
%/<%> = &^
))?)> = $}$)
&%<^/ = (%$
Now, determine the result for: ((|&&",|>>
b15368e8,"In Alice's Wonderland, a secret set of transformation rules is applied to equations. Below are a few examples:
^^+`$ = (`
(\*{"" = (\{""
(`-^( = `""
{^+$[ = `\\
^[*^[ = ^[^[
Now, determine the result for: \{+\`",^{
b158ab98,"In Alice's Wonderland, a secret bit manipulation rule transforms 8-bit binary numbers. The transformation involves operations like bit shifts, rotations, XOR, AND, OR, NOT, and possibly majority or choice functions.

Here are some examples of input -> output:
10001100 -> 00000000
01111000 -> 00000010
00000010 -> 00000000
01001001 -> 00000010
01100101 -> 00000001
11100011 -> 10000000
00100111 -> 10000001
11001000 -> 00000010
11011000 -> 00000110
10100011 -> 10000000

Now, determine the output for: 10100110",00000001
b1686291,"In Alice's Wonderland, the gravitational constant has been secretly changed. Here are some example observations:
For t = 4.68s, distance = 126.46 m
For t = 1.69s, distance = 16.49 m
For t = 4.77s, distance = 131.37 m
For t = 2.18s, distance = 27.44 m
Now, determine the falling distance for t = 3.32s given d = 0.5*g*t^2.",63.64
b16d6db2,"In Alice's Wonderland, a secret set of transformation rules is applied to equations. Below are a few examples:
`@*[) = {<%)
]]-:@ = -<[
:%*@) = )%[<
{]-:< = `)
]%-]% = ""
Now, determine the result for: %`+{%",":""<"
b1733f3e,"In Alice's Wonderland, a secret set of transformation rules is applied to equations. Below are a few examples:
$<-{# = $'
$&+// = !<
)/+$) = '//
!<+&# = {$/
)<*]/ = ''!/
Now, determine the result for: ''-!]",]/
b1798629,"In Alice's Wonderland, numbers are secretly converted into a different numeral system. Some examples are given below:
5 -> V
64 -> LXIV
41 -> XLI
Now, write the number 19 in the Wonderland numeral system.",XIX
b1a745db,"In Alice's Wonderland, numbers are secretly converted into a different numeral system. Some examples are given below:
10 -> X
75 -> LXXV
89 -> LXXXIX
48 -> XLVIII
Now, write the number 71 in the Wonderland numeral system.",LXXI
b1b0af1d,"In Alice's Wonderland, numbers are secretly converted into a different numeral system. Some examples are given below:
69 -> LXIX
68 -> LXVIII
94 -> XCIV
84 -> LXXXIV
Now, write the number 53 in the Wonderland numeral system.",LIII
b1de518a,"In Alice's Wonderland, a secret bit manipulation rule transforms 8-bit binary numbers. The transformation involves operations like bit shifts, rotations, XOR, AND, OR, NOT, and possibly majority or choice functions.

Here are some examples of input -> output:
00110100 -> 00110111
10101101 -> 11011101
01001111 -> 00010001
01000110 -> 01001011
01001100 -> 00001111
01111011 -> 11011111
10100110 -> 10010110

Now, determine the output for: 10101110",11000111
b1ec7742,"In Alice's Wonderland, a secret unit conversion is applied to measurements. For example:
13.93 m becomes 8.69
25.92 m becomes 16.17
6.49 m becomes 4.05
32.81 m becomes 20.47
Now, convert the following measurement: 39.09 m",24.38
b2285221,"In Alice's Wonderland, numbers are secretly converted into a different numeral system. Some examples are given below:
81 -> LXXXI
54 -> LIV
81 -> LXXXI
72 -> LXXII
83 -> LXXXIII
Now, write the number 47 in the Wonderland numeral system.",XLVII
b236ba44,"In Alice's Wonderland, a secret bit manipulation rule transforms 8-bit binary numbers. The transformation involves operations like bit shifts, rotations, XOR, AND, OR, NOT, and possibly majority or choice functions.

Here are some examples of input -> output:
01111111 -> 10111111
01001101 -> 01101110
10110101 -> 11111011
01100110 -> 01110111
11001011 -> 01110101
00100100 -> 01111111
10010010 -> 11111101

Now, determine the output for: 10001000",11011101
b24ad7be,"In Alice's Wonderland, numbers are secretly converted into a different numeral system. Some examples are given below:
41 -> XLI
62 -> LXII
58 -> LVIII
73 -> LXXIII
Now, write the number 91 in the Wonderland numeral system.",XCI
b250470b,"In Alice's Wonderland, numbers are secretly converted into a different numeral system. Some examples are given below:
100 -> C
37 -> XXXVII
58 -> LVIII
45 -> XLV
Now, write the number 78 in the Wonderland numeral system.",LXXVIII
b2506950,"In Alice's Wonderland, numbers are secretly converted into a different numeral system. Some examples are given below:
98 -> XCVIII
65 -> LXV
58 -> LVIII
Now, write the number 44 in the Wonderland numeral system.",XLIV
b25c11fe,"In Alice's Wonderland, numbers are secretly converted into a different numeral system. Some examples are given below:
74 -> LXXIV
24 -> XXIV
59 -> LIX
Now, write the number 54 in the Wonderland numeral system.",LIV
b2615471,"In Alice's Wonderland, the gravitational constant has been secretly changed. Here are some example observations:
For t = 3.65s, distance = 38.09 m
For t = 1.42s, distance = 5.77 m
For t = 2.1s, distance = 12.61 m
For t = 3.96s, distance = 44.84 m
For t = 2.41s, distance = 16.61 m
Now, determine the falling distance for t = 4.88s given d = 0.5*g*t^2.",68.09
b265a4af,"In Alice's Wonderland, a secret bit manipulation rule transforms 8-bit binary numbers. The transformation involves operations like bit shifts, rotations, XOR, AND, OR, NOT, and possibly majority or choice functions.

Here are some examples of input -> output:
00001110 -> 00000100
01000001 -> 10000110
00011010 -> 00010100
11101011 -> 01011111
01101101 -> 01001110
01111001 -> 00010110
11001011 -> 10011111
00001000 -> 00010000
00011111 -> 00000010
01010110 -> 10100100

Now, determine the output for: 00110110",00100100
b271a61c,"In Alice's Wonderland, a secret set of transformation rules is applied to equations. Below are a few examples:
}\!}/ = <}@^
/\!'? = }^@?
^@)}{ = \^
Now, determine the result for: /<*\/",*@^
b275443b,"In Alice's Wonderland, a secret bit manipulation rule transforms 8-bit binary numbers. The transformation involves operations like bit shifts, rotations, XOR, AND, OR, NOT, and possibly majority or choice functions.

Here are some examples of input -> output:
00111100 -> 01111111
11001001 -> 01111010
00001101 -> 11010011
01100100 -> 10111111
11111110 -> 11000111
00100111 -> 00100101
00101111 -> 00010111
00011100 -> 10110111

Now, determine the output for: 10100001",00111000
b2a8384e,"In Alice's Wonderland, a secret set of transformation rules is applied to equations. Below are a few examples:
#]-$] = >|
>]*$> = )((
>$+>} = >$>}
)(-<> = $]
})+}) = })})
Now, determine the result for: <#-""""",-$
b2b00de0,"In Alice's Wonderland, numbers are secretly converted into a different numeral system. Some examples are given below:
74 -> LXXIV
70 -> LXX
93 -> XCIII
73 -> LXXIII
Now, write the number 97 in the Wonderland numeral system.",XCVII
b2b349aa,"In Alice's Wonderland, numbers are secretly converted into a different numeral system. Some examples are given below:
11 -> XI
81 -> LXXXI
80 -> LXXX
66 -> LXVI
36 -> XXXVI
Now, write the number 9 in the Wonderland numeral system.",IX
b2cbea0f,"In Alice's Wonderland, the gravitational constant has been secretly changed. Here are some example observations:
For t = 1.88s, distance = 25.57 m
For t = 2.52s, distance = 45.95 m
For t = 4.56s, distance = 150.45 m
For t = 2.21s, distance = 35.34 m
Now, determine the falling distance for t = 4.94s given d = 0.5*g*t^2.",176.57
b2e5c467,"In Alice's Wonderland, a secret set of transformation rules is applied to equations. Below are a few examples:
35@81 = 17
95@97 = 831
25@32 = 57
Now, determine the result for: 61^07",9111
b2ea0c09,"In Alice's Wonderland, a secret unit conversion is applied to measurements. For example:
15.43 m becomes 28.13
27.21 m becomes 49.60
33.89 m becomes 61.77
44.73 m becomes 81.53
Now, convert the following measurement: 12.14 m",22.13
b2f2ad54,"In Alice's Wonderland, the gravitational constant has been secretly changed. Here are some example observations:
For t = 2.25s, distance = 37.76 m
For t = 2.04s, distance = 31.04 m
For t = 1.29s, distance = 12.41 m
For t = 1.17s, distance = 10.21 m
For t = 4.03s, distance = 121.15 m
Now, determine the falling distance for t = 1.66s given d = 0.5*g*t^2.",20.55
b303bb5a,"In Alice's Wonderland, the gravitational constant has been secretly changed. Here are some example observations:
For t = 2.22s, distance = 14.04 m
For t = 4.44s, distance = 56.17 m
For t = 4.59s, distance = 60.03 m
For t = 3.53s, distance = 35.5 m
Now, determine the falling distance for t = 2.21s given d = 0.5*g*t^2.",13.92
b3745e98,"In Alice's Wonderland, a secret set of transformation rules is applied to equations. Below are a few examples:
!!*!! = !'$@
%>->[ = -']
%'-'@ = -|
%>+[! = $']
Now, determine the result for: @\-|>",!'
b3884d15,"In Alice's Wonderland, a secret unit conversion is applied to measurements. For example:
27.21 m becomes 22.44
12.91 m becomes 10.65
11.69 m becomes 9.64
42.58 m becomes 35.12
Now, convert the following measurement: 25.65 m",21.16
b391ffe1,"In Alice's Wonderland, a secret set of transformation rules is applied to equations. Below are a few examples:
//+}` = >!
^>*^@ = }/>}
>^+^` = /[`
^^*/> = #@>}
Now, determine the result for: @/+[`",#!
b3b8ed86,"In Alice's Wonderland, the gravitational constant has been secretly changed. Here are some example observations:
For t = 3.51s, distance = 70.66 m
For t = 4.75s, distance = 129.4 m
For t = 2.75s, distance = 43.37 m
Now, determine the falling distance for t = 4.78s given d = 0.5*g*t^2.",131.04
b3c0b44e,"In Alice's Wonderland, a secret unit conversion is applied to measurements. For example:
35.06 m becomes 36.93
45.15 m becomes 47.56
44.34 m becomes 46.71
20.98 m becomes 22.10
23.47 m becomes 24.73
Now, convert the following measurement: 40.82 m",43.00
b3c2142f,"In Alice's Wonderland, a secret unit conversion is applied to measurements. For example:
23.47 m becomes 11.98
38.99 m becomes 19.91
11.33 m becomes 5.78
Now, convert the following measurement: 22.06 m",11.26
b3ce071c,"In Alice's Wonderland, a secret bit manipulation rule transforms 8-bit binary numbers. The transformation involves operations like bit shifts, rotations, XOR, AND, OR, NOT, and possibly majority or choice functions.

Here are some examples of input -> output:
11111001 -> 11111111
11010101 -> 00011010
01100001 -> 10111100
00111001 -> 01101111
10001110 -> 11011001
00110101 -> 01000111
11010001 -> 00011010
11101010 -> 10011101

Now, determine the output for: 10000001",11111011
b3d91fcf,"In Alice's Wonderland, numbers are secretly converted into a different numeral system. Some examples are given below:
77 -> LXXVII
31 -> XXXI
62 -> LXII
96 -> XCVI
Now, write the number 86 in the Wonderland numeral system.",LXXXVI
b3e1b612,"In Alice's Wonderland, numbers are secretly converted into a different numeral system. Some examples are given below:
86 -> LXXXVI
27 -> XXVII
6 -> VI
81 -> LXXXI
62 -> LXII
Now, write the number 54 in the Wonderland numeral system.",LIV
b3e6f386,"In Alice's Wonderland, the gravitational constant has been secretly changed. Here are some example observations:
For t = 4.43s, distance = 127.88 m
For t = 4.3s, distance = 120.49 m
For t = 4.87s, distance = 154.55 m
For t = 4.09s, distance = 109.01 m
Now, determine the falling distance for t = 1.48s given d = 0.5*g*t^2.",14.27
b414004c,"In Alice's Wonderland, a secret unit conversion is applied to measurements. For example:
45.1 m becomes 62.50
46.77 m becomes 64.81
19.02 m becomes 26.36
8.5 m becomes 11.78
Now, convert the following measurement: 49.26 m",68.26
b4229b4a,"In Alice's Wonderland, a secret bit manipulation rule transforms 8-bit binary numbers. The transformation involves operations like bit shifts, rotations, XOR, AND, OR, NOT, and possibly majority or choice functions.

Here are some examples of input -> output:
01110110 -> 11100111
10110010 -> 10110101
11110100 -> 10101110
10000100 -> 11111111
01111110 -> 11000111
01111100 -> 11001110
10101111 -> 11101011

Now, determine the output for: 00001101",11111011
b45003a6,"In Alice's Wonderland, a secret bit manipulation rule transforms 8-bit binary numbers. The transformation involves operations like bit shifts, rotations, XOR, AND, OR, NOT, and possibly majority or choice functions.

Here are some examples of input -> output:
01111010 -> 01001111
11011011 -> 01111011
10001101 -> 00110001
00110010 -> 01000110
10100110 -> 11010100
11101110 -> 11011101
00011111 -> 01100011

Now, determine the output for: 10110101",00110110
b451be8a,"In Alice's Wonderland, a secret set of transformation rules is applied to equations. Below are a few examples:
52@06 = 53@
81<88 = 4851
32<25 = 6911
13<34 = 3331
Now, determine the result for: 22%42",64
b47e8621,"In Alice's Wonderland, a secret set of transformation rules is applied to equations. Below are a few examples:
'|-}] = -|\
}]-]> = <
]&*\< = \<]&
<|*|< = |<<|
Now, determine the result for: ((+<'",><<
b4906db9,"In Alice's Wonderland, the gravitational constant has been secretly changed. Here are some example observations:
For t = 2.43s, distance = 47.8 m
For t = 3.33s, distance = 89.76 m
For t = 3.29s, distance = 87.61 m
Now, determine the falling distance for t = 4.18s given d = 0.5*g*t^2.",141.43
b4abe02a,"In Alice's Wonderland, numbers are secretly converted into a different numeral system. Some examples are given below:
14 -> XIV
15 -> XV
46 -> XLVI
Now, write the number 20 in the Wonderland numeral system.",XX
b4b73143,"In Alice's Wonderland, a secret set of transformation rules is applied to equations. Below are a few examples:
?{%["" = ?\!{
:!*""{ = ?##
/#*{# = #/
Now, determine the result for: >!%!/",>\:
b4cf2c41,"In Alice's Wonderland, numbers are secretly converted into a different numeral system. Some examples are given below:
41 -> XLI
93 -> XCIII
22 -> XXII
46 -> XLVI
78 -> LXXVIII
Now, write the number 13 in the Wonderland numeral system.",XIII
b4ddb69d,"In Alice's Wonderland, a secret bit manipulation rule transforms 8-bit binary numbers. The transformation involves operations like bit shifts, rotations, XOR, AND, OR, NOT, and possibly majority or choice functions.

Here are some examples of input -> output:
00110000 -> 00000110
00011110 -> 10001011
11111101 -> 01111111
01000000 -> 00001000
01101010 -> 01100101
10100110 -> 01010100
10010101 -> 11100010
11011100 -> 11101011

Now, determine the output for: 00000000",00000000
b4eab219,"In Alice's Wonderland, a secret set of transformation rules is applied to equations. Below are a few examples:
/>+<^ = ##<
/)+`[ = \>
\(-/[ = \<
(>+^` = /`<
>(+\> = \(<
Now, determine the result for: \#+`>",(#<
b50cf853,"In Alice's Wonderland, a secret set of transformation rules is applied to equations. Below are a few examples:
>>*&( = >>&(
{{-?( = -|
\>*&& = \>&&
>|+?"" = &{""
Now, determine the result for: |?*""}","|?""}"
b50ea68b,"In Alice's Wonderland, the gravitational constant has been secretly changed. Here are some example observations:
For t = 4.24s, distance = 77.17 m
For t = 3.09s, distance = 40.99 m
For t = 4.54s, distance = 88.48 m
For t = 4.03s, distance = 69.71 m
For t = 1.56s, distance = 10.45 m
Now, determine the falling distance for t = 1.56s given d = 0.5*g*t^2.",10.45
b52c6d87,"In Alice's Wonderland, the gravitational constant has been secretly changed. Here are some example observations:
For t = 1.43s, distance = 15.7 m
For t = 1.31s, distance = 13.18 m
For t = 4.31s, distance = 142.66 m
For t = 3.93s, distance = 118.61 m
For t = 1.49s, distance = 17.05 m
Now, determine the falling distance for t = 4.65s given d = 0.5*g*t^2.",166.05
b539561d,"In Alice's Wonderland, a secret unit conversion is applied to measurements. For example:
49.92 m becomes 98.45
14.76 m becomes 29.11
27.08 m becomes 53.41
49.35 m becomes 97.33
19.06 m becomes 37.59
Now, convert the following measurement: 41.69 m",82.22
b56d38be,"In Alice's Wonderland, a secret set of transformation rules is applied to equations. Below are a few examples:
""^*/{ = /)$[
[/+/"" = ^$)
)#+#$ = #[)
&^+'& = ^{)
Now, determine the result for: &#+^^",[/)
b5a20f35,"In Alice's Wonderland, the gravitational constant has been secretly changed. Here are some example observations:
For t = 3.55s, distance = 33.21 m
For t = 3.94s, distance = 40.91 m
For t = 3.45s, distance = 31.37 m
For t = 4.89s, distance = 63.01 m
Now, determine the falling distance for t = 2.19s given d = 0.5*g*t^2.",12.64
b5a936a9,"In Alice's Wonderland, a secret set of transformation rules is applied to equations. Below are a few examples:
(`*|& = `"">&
&^+}| = &'
|^*""& = &^}""
Now, determine the result for: ^>->`","-""("
b5ab0286,"In Alice's Wonderland, the gravitational constant has been secretly changed. Here are some example observations:
For t = 3.22s, distance = 57.08 m
For t = 3.21s, distance = 56.73 m
For t = 4.93s, distance = 133.81 m
Now, determine the falling distance for t = 4.6s given d = 0.5*g*t^2.",116.5
b5aba795,"In Alice's Wonderland, a secret unit conversion is applied to measurements. For example:
13.9 m becomes 22.04
10.86 m becomes 17.22
28.35 m becomes 44.95
Now, convert the following measurement: 40.46 m",64.16
b5aef408,"In Alice's Wonderland, a secret unit conversion is applied to measurements. For example:
44.52 m becomes 27.78
21.59 m becomes 13.47
7.8 m becomes 4.87
34.23 m becomes 21.36
Now, convert the following measurement: 44.72 m",27.90
b5bfe52b,"In Alice's Wonderland, the gravitational constant has been secretly changed. Here are some example observations:
For t = 2.15s, distance = 41.5 m
For t = 2.74s, distance = 67.41 m
For t = 4.21s, distance = 159.14 m
For t = 2.09s, distance = 39.22 m
Now, determine the falling distance for t = 3.38s given d = 0.5*g*t^2.",102.58
b609746e,"In Alice's Wonderland, a secret unit conversion is applied to measurements. For example:
5.05 m becomes 9.53
17.79 m becomes 33.56
20.93 m becomes 39.48
Now, convert the following measurement: 16.03 m",30.24
b61470ef,"In Alice's Wonderland, a secret bit manipulation rule transforms 8-bit binary numbers. The transformation involves operations like bit shifts, rotations, XOR, AND, OR, NOT, and possibly majority or choice functions.

Here are some examples of input -> output:
00101011 -> 01100011
11100000 -> 00000111
01100001 -> 01100101
01000111 -> 10100001
00010010 -> 01011111
01100010 -> 10100011
00001100 -> 11100100
01111010 -> 10010101
11111010 -> 10110111
11000111 -> 10000011

Now, determine the output for: 00100000",10110111
b61afd75,"In Alice's Wonderland, a secret bit manipulation rule transforms 8-bit binary numbers. The transformation involves operations like bit shifts, rotations, XOR, AND, OR, NOT, and possibly majority or choice functions.

Here are some examples of input -> output:
01011110 -> 11010111
01010010 -> 10010101
00001111 -> 11101111
00011111 -> 11101111
11011001 -> 01100110
11100111 -> 01001011
01100111 -> 01111011
10111011 -> 00011110
11010101 -> 00100101
00100110 -> 01011011

Now, determine the output for: 11110101",00101101
b62453dc,"In Alice's Wonderland, a secret set of transformation rules is applied to equations. Below are a few examples:
91*96 = 9691
99-98 = 01
16*74 = 7416
Now, determine the result for: 43-19",-75
b63d963c,"In Alice's Wonderland, a secret set of transformation rules is applied to equations. Below are a few examples:
""<-#! = -)<
#<+#^ = ^(
(]+`# = }(
^<*)) = ##)]
]""*^# = #!`#
Now, determine the result for: "")+`)",<<!
b6611da0,"In Alice's Wonderland, numbers are secretly converted into a different numeral system. Some examples are given below:
98 -> XCVIII
15 -> XV
37 -> XXXVII
Now, write the number 4 in the Wonderland numeral system.",IV
b6879296,"In Alice's Wonderland, a secret unit conversion is applied to measurements. For example:
29.27 m becomes 32.35
32.07 m becomes 35.45
24.93 m becomes 27.55
48.26 m becomes 53.34
Now, convert the following measurement: 24.91 m",27.53
b69d2e78,"In Alice's Wonderland, a secret set of transformation rules is applied to equations. Below are a few examples:
)`+|| = \`\
]`+## = ?/
|\-@@ = |
\\+@) = ?#
Now, determine the result for: )#+?|",|)\
b6cd32c1,"In Alice's Wonderland, the gravitational constant has been secretly changed. Here are some example observations:
For t = 3.2s, distance = 62.43 m
For t = 3.76s, distance = 86.19 m
For t = 3.83s, distance = 89.43 m
For t = 4.95s, distance = 149.39 m
Now, determine the falling distance for t = 3.19s given d = 0.5*g*t^2.",62.04
b6cef316,"In Alice's Wonderland, the gravitational constant has been secretly changed. Here are some example observations:
For t = 4.69s, distance = 95.55 m
For t = 3.71s, distance = 59.79 m
For t = 1.8s, distance = 14.07 m
Now, determine the falling distance for t = 3.58s given d = 0.5*g*t^2.",55.67
b745e6d1,"In Alice's Wonderland, numbers are secretly converted into a different numeral system. Some examples are given below:
21 -> XXI
69 -> LXIX
91 -> XCI
Now, write the number 86 in the Wonderland numeral system.",LXXXVI
b75d7598,"In Alice's Wonderland, the gravitational constant has been secretly changed. Here are some example observations:
For t = 4.36s, distance = 144.11 m
For t = 2.8s, distance = 59.43 m
For t = 3.97s, distance = 119.48 m
For t = 2.92s, distance = 64.64 m
For t = 3.0s, distance = 68.23 m
Now, determine the falling distance for t = 3.28s given d = 0.5*g*t^2.",81.56
b78aeb93,"In Alice's Wonderland, numbers are secretly converted into a different numeral system. Some examples are given below:
74 -> LXXIV
56 -> LVI
60 -> LX
40 -> XL
34 -> XXXIV
Now, write the number 6 in the Wonderland numeral system.",VI
b794b844,"In Alice's Wonderland, a secret unit conversion is applied to measurements. For example:
22.16 m becomes 13.29
32.56 m becomes 19.53
20.07 m becomes 12.04
31.22 m becomes 18.72
12.11 m becomes 7.26
Now, convert the following measurement: 38.08 m",22.84
b79f2b10,"In Alice's Wonderland, a secret bit manipulation rule transforms 8-bit binary numbers. The transformation involves operations like bit shifts, rotations, XOR, AND, OR, NOT, and possibly majority or choice functions.

Here are some examples of input -> output:
11001000 -> 01000110
10000000 -> 00000100
01110001 -> 00001001
00101011 -> 00001001
01111011 -> 00001001
00000011 -> 00011000
11010001 -> 00001110
11000110 -> 00110010
00000010 -> 00010000
11101000 -> 00000111

Now, determine the output for: 10101110",00100001
b7a94434,"In Alice's Wonderland, a secret unit conversion is applied to measurements. For example:
31.67 m becomes 60.43
31.97 m becomes 61.00
34.86 m becomes 66.51
Now, convert the following measurement: 31.02 m",59.18
b7b1d1a8,"In Alice's Wonderland, a secret set of transformation rules is applied to equations. Below are a few examples:
41""98 = ""57
47]64 = 3009
58-87 = 144
91-84 = 174
16-30 = 45
Now, determine the result for: 74""17",57
b7b61c0b,"In Alice's Wonderland, the gravitational constant has been secretly changed. Here are some example observations:
For t = 1.53s, distance = 8.36 m
For t = 3.1s, distance = 34.32 m
For t = 4.49s, distance = 72.0 m
Now, determine the falling distance for t = 3.02s given d = 0.5*g*t^2.",32.57
b7e92a59,"In Alice's Wonderland, a secret set of transformation rules is applied to equations. Below are a few examples:
[&*[$ = [|!|
\@+""\ = ""\\@
|@*!! = !@${
@{-:! = -$
""@+&\ = &\""@
Now, determine the result for: ""[*@|","""@|"
b7ee7b4c,"In Alice's Wonderland, numbers are secretly converted into a different numeral system. Some examples are given below:
89 -> LXXXIX
7 -> VII
41 -> XLI
Now, write the number 66 in the Wonderland numeral system.",LXVI
b7f86f42,"In Alice's Wonderland, a secret unit conversion is applied to measurements. For example:
46.17 m becomes 46.67
28.29 m becomes 28.60
34.98 m becomes 35.36
Now, convert the following measurement: 9.53 m",9.63
b8432f69,"In Alice's Wonderland, a secret set of transformation rules is applied to equations. Below are a few examples:
[}-[& = -\{
[:-@{ = {{
!@+{| = {|!@
!:+)& = )&!:
{[-!| = -:!
Now, determine the result for: !{*!}",:&&
b84affc2,"In Alice's Wonderland, numbers are secretly converted into a different numeral system. Some examples are given below:
71 -> LXXI
87 -> LXXXVII
52 -> LII
Now, write the number 12 in the Wonderland numeral system.",XII
b85d359c,"In Alice's Wonderland, numbers are secretly converted into a different numeral system. Some examples are given below:
53 -> LIII
75 -> LXXV
52 -> LII
Now, write the number 23 in the Wonderland numeral system.",XXIII
b8722d19,"In Alice's Wonderland, a secret bit manipulation rule transforms 8-bit binary numbers. The transformation involves operations like bit shifts, rotations, XOR, AND, OR, NOT, and possibly majority or choice functions.

Here are some examples of input -> output:
00011101 -> 10001100
11101011 -> 01110111
10101100 -> 01010101
10100000 -> 00000101
00110101 -> 00111001
00011110 -> 10001000
10010010 -> 11011100

Now, determine the output for: 10000100",00100100
b8955624,"In Alice's Wonderland, a secret set of transformation rules is applied to equations. Below are a few examples:
>|:^< = })?
^\!\< = >'
)>/|' = )|?'
<<!^\ = !'<
}':}] = ]}
Now, determine the result for: ^':'}",))?
b8aa3072,"In Alice's Wonderland, a secret bit manipulation rule transforms 8-bit binary numbers. The transformation involves operations like bit shifts, rotations, XOR, AND, OR, NOT, and possibly majority or choice functions.

Here are some examples of input -> output:
11001101 -> 11000110
01111111 -> 00000111
00110010 -> 00010001
11110100 -> 00101010
00110110 -> 00000011
10100010 -> 01011001
00111010 -> 00010101

Now, determine the output for: 00101111",00000011
b8b948af,"In Alice's Wonderland, a secret unit conversion is applied to measurements. For example:
27.73 m becomes 49.51
5.38 m becomes 9.61
5.23 m becomes 9.34
45.68 m becomes 81.56
5.61 m becomes 10.02
Now, convert the following measurement: 17.51 m",31.26
b8d749d6,"In Alice's Wonderland, a secret unit conversion is applied to measurements. For example:
32.0 m becomes 22.30
6.8 m becomes 4.74
35.15 m becomes 24.49
12.18 m becomes 8.49
Now, convert the following measurement: 17.19 m",11.98
b8e2b866,"In Alice's Wonderland, the gravitational constant has been secretly changed. Here are some example observations:
For t = 3.57s, distance = 64.17 m
For t = 3.44s, distance = 59.58 m
For t = 2.2s, distance = 24.37 m
Now, determine the falling distance for t = 4.08s given d = 0.5*g*t^2.",83.81
b8e2c327,"In Alice's Wonderland, a secret unit conversion is applied to measurements. For example:
22.74 m becomes 37.49
26.58 m becomes 43.82
43.65 m becomes 71.96
Now, convert the following measurement: 22.39 m",36.91
b8e5057a,"In Alice's Wonderland, a secret bit manipulation rule transforms 8-bit binary numbers. The transformation involves operations like bit shifts, rotations, XOR, AND, OR, NOT, and possibly majority or choice functions.

Here are some examples of input -> output:
10111100 -> 11101111
11111110 -> 11100111
01101111 -> 11110011
10110111 -> 11101011
10011000 -> 11111111
01001001 -> 11111111
10110011 -> 11111011
01101011 -> 11110011
11010010 -> 11110110
10100111 -> 11101001

Now, determine the output for: 01100101",11111010
b8f00ea7,"In Alice's Wonderland, a secret set of transformation rules is applied to equations. Below are a few examples:
82:87 = :05
41:15 = :73
42:31 = 11
11#21 = 32
Now, determine the result for: 36\28",5615
b8f1e3b9,"In Alice's Wonderland, numbers are secretly converted into a different numeral system. Some examples are given below:
40 -> XL
36 -> XXXVI
62 -> LXII
Now, write the number 85 in the Wonderland numeral system.",LXXXV
b8f8ae0d,"In Alice's Wonderland, numbers are secretly converted into a different numeral system. Some examples are given below:
23 -> XXIII
69 -> LXIX
44 -> XLIV
Now, write the number 14 in the Wonderland numeral system.",XIV
b9034c71,"In Alice's Wonderland, a secret unit conversion is applied to measurements. For example:
33.5 m becomes 30.96
24.14 m becomes 22.31
17.6 m becomes 16.27
6.51 m becomes 6.02
43.23 m becomes 39.95
Now, convert the following measurement: 11.63 m",10.75
b908398b,"In Alice's Wonderland, numbers are secretly converted into a different numeral system. Some examples are given below:
80 -> LXXX
65 -> LXV
39 -> XXXIX
Now, write the number 57 in the Wonderland numeral system.",LVII
b9599f23,"In Alice's Wonderland, numbers are secretly converted into a different numeral system. Some examples are given below:
15 -> XV
47 -> XLVII
1 -> I
57 -> LVII
53 -> LIII
Now, write the number 6 in the Wonderland numeral system.",VI
b9623afc,"In Alice's Wonderland, numbers are secretly converted into a different numeral system. Some examples are given below:
84 -> LXXXIV
30 -> XXX
39 -> XXXIX
5 -> V
Now, write the number 35 in the Wonderland numeral system.",XXXV
b9b5a2c1,"In Alice's Wonderland, a secret set of transformation rules is applied to equations. Below are a few examples:
&&*$( = :<:&
`|*[& = }|`#
::*`} = (`:
&|-|< = `&
&:*[` = <<:|
Now, determine the result for: |#-`|",&`
b9bf883d,"In Alice's Wonderland, a secret set of transformation rules is applied to equations. Below are a few examples:
31?46 = 77
38@95 = 3611
31-83 = -52
Now, determine the result for: 25?75",100
b9e7c7c4,"In Alice's Wonderland, a secret bit manipulation rule transforms 8-bit binary numbers. The transformation involves operations like bit shifts, rotations, XOR, AND, OR, NOT, and possibly majority or choice functions.

Here are some examples of input -> output:
11110101 -> 00000001
10100100 -> 00000000
00111010 -> 00000000
01110000 -> 00000000
10011110 -> 00000001
10010110 -> 00000001
10100001 -> 00000000

Now, determine the output for: 01111110",00000000
b9f1d959,"In Alice's Wonderland, a secret set of transformation rules is applied to equations. Below are a few examples:
:>+(( = [&[
{{-(: = `\
>[-:( = -\>
[\+{[ = ""`
&`+""[ = "">
Now, determine the result for: $\+""[",:>
b9fe8578,"In Alice's Wonderland, a secret unit conversion is applied to measurements. For example:
25.89 m becomes 48.04
44.79 m becomes 83.11
7.35 m becomes 13.64
Now, convert the following measurement: 32.16 m",59.68
ba3e8a2b,"In Alice's Wonderland, numbers are secretly converted into a different numeral system. Some examples are given below:
94 -> XCIV
10 -> X
85 -> LXXXV
46 -> XLVI
39 -> XXXIX
Now, write the number 64 in the Wonderland numeral system.",LXIV
ba573ba5,"In Alice's Wonderland, numbers are secretly converted into a different numeral system. Some examples are given below:
4 -> IV
5 -> V
72 -> LXXII
34 -> XXXIV
Now, write the number 53 in the Wonderland numeral system.",LIII
ba70f3c5,"In Alice's Wonderland, the gravitational constant has been secretly changed. Here are some example observations:
For t = 3.45s, distance = 65.51 m
For t = 4.73s, distance = 123.13 m
For t = 3.47s, distance = 66.27 m
For t = 2.39s, distance = 31.44 m
Now, determine the falling distance for t = 3.66s given d = 0.5*g*t^2.",73.73
ba76c1d2,"In Alice's Wonderland, a secret set of transformation rules is applied to equations. Below are a few examples:
""/}!& = &!`
&""@{> = {{)
/{}!? = {/[`
[&:>[ = :>
Now, determine the result for: [""}""""",{`>!
ba7d54c4,"In Alice's Wonderland, a secret set of transformation rules is applied to equations. Below are a few examples:
||]'< = )`
|`&`@ = `''<
@`&@) = ''@>
Now, determine the result for: )""&)<",>((<
baab28bb,"In Alice's Wonderland, a secret set of transformation rules is applied to equations. Below are a few examples:
::+!"" = >#
\:-|! = \\
\/+""/ = $/
:{*## = \>""{
Now, determine the result for: >/+\!",#!
bac14bcd,"In Alice's Wonderland, numbers are secretly converted into a different numeral system. Some examples are given below:
49 -> XLIX
23 -> XXIII
49 -> XLIX
Now, write the number 19 in the Wonderland numeral system.",XIX
badfde6d,"In Alice's Wonderland, numbers are secretly converted into a different numeral system. Some examples are given below:
25 -> XXV
72 -> LXXII
22 -> XXII
Now, write the number 89 in the Wonderland numeral system.",LXXXIX
bae637a5,"In Alice's Wonderland, a secret unit conversion is applied to measurements. For example:
22.05 m becomes 20.59
35.01 m becomes 32.69
18.95 m becomes 17.69
Now, convert the following measurement: 19.85 m",18.53
bae825ba,"In Alice's Wonderland, the gravitational constant has been secretly changed. Here are some example observations:
For t = 1.9s, distance = 12.65 m
For t = 4.48s, distance = 70.34 m
For t = 3.56s, distance = 44.42 m
For t = 4.63s, distance = 75.13 m
Now, determine the falling distance for t = 3.65s given d = 0.5*g*t^2.",46.69
baebfd26,"In Alice's Wonderland, a secret set of transformation rules is applied to equations. Below are a few examples:
}>+'> = }>'>
]""+{' = ]""{'
{}*'] = '!@]
Now, determine the result for: <""*}(",">@("""
bb056bc9,"In Alice's Wonderland, a secret bit manipulation rule transforms 8-bit binary numbers. The transformation involves operations like bit shifts, rotations, XOR, AND, OR, NOT, and possibly majority or choice functions.

Here are some examples of input -> output:
11111101 -> 11111111
00100100 -> 01001111
00100001 -> 01111010
01010011 -> 00111101
10011111 -> 01111111
10111111 -> 11111111
01100111 -> 01011001
00011100 -> 01101111

Now, determine the output for: 01000110",11010101
bb1ed6b9,"In Alice's Wonderland, a secret unit conversion is applied to measurements. For example:
27.79 m becomes 36.76
30.27 m becomes 40.04
42.9 m becomes 56.75
18.2 m becomes 24.07
Now, convert the following measurement: 27.18 m",35.95
bb1ee8e2,"In Alice's Wonderland, a secret set of transformation rules is applied to equations. Below are a few examples:
$/+&& = /#&
#]*?% = |/%%
?|-$? = #&
\%+[% = /&$
|\*|| = ?/?
Now, determine the result for: [/-?[",&
bb2ff0b5,"In Alice's Wonderland, numbers are secretly converted into a different numeral system. Some examples are given below:
66 -> LXVI
52 -> LII
47 -> XLVII
87 -> LXXXVII
54 -> LIV
Now, write the number 59 in the Wonderland numeral system.",LIX
bb46a671,"In Alice's Wonderland, the gravitational constant has been secretly changed. Here are some example observations:
For t = 2.37s, distance = 33.72 m
For t = 1.9s, distance = 21.67 m
For t = 4.53s, distance = 123.19 m
For t = 4.23s, distance = 107.41 m
For t = 3.42s, distance = 70.21 m
Now, determine the falling distance for t = 2.06s given d = 0.5*g*t^2.",25.47
bb486d21,"In Alice's Wonderland, the gravitational constant has been secretly changed. Here are some example observations:
For t = 1.56s, distance = 10.96 m
For t = 3.45s, distance = 53.62 m
For t = 2.26s, distance = 23.01 m
For t = 1.72s, distance = 13.33 m
Now, determine the falling distance for t = 4.96s given d = 0.5*g*t^2.",110.82
bb49a75a,"In Alice's Wonderland, a secret unit conversion is applied to measurements. For example:
43.78 m becomes 63.54
17.99 m becomes 26.11
49.3 m becomes 71.55
Now, convert the following measurement: 5.42 m",7.87
bb91177f,"In Alice's Wonderland, a secret bit manipulation rule transforms 8-bit binary numbers. The transformation involves operations like bit shifts, rotations, XOR, AND, OR, NOT, and possibly majority or choice functions.

Here are some examples of input -> output:
10110110 -> 10010011
01011011 -> 11001001
01111000 -> 00001111
11001101 -> 11100101
11100101 -> 10110101
11000111 -> 11110001
11110100 -> 00010111

Now, determine the output for: 01100100",00110111
bb9611b7,"In Alice's Wonderland, the gravitational constant has been secretly changed. Here are some example observations:
For t = 3.57s, distance = 81.47 m
For t = 4.29s, distance = 117.65 m
For t = 2.36s, distance = 35.6 m
For t = 4.09s, distance = 106.93 m
For t = 4.94s, distance = 156.0 m
Now, determine the falling distance for t = 4.53s given d = 0.5*g*t^2.",131.18
bb9dd0ad,"In Alice's Wonderland, a secret set of transformation rules is applied to equations. Below are a few examples:
%?*%/ = *>
>%*`] = *`%
\?#""} = ""]\`
\%$?] = `>%
//*""} = *?>
Now, determine the result for: ""}#^/",/^//
bba15400,"In Alice's Wonderland, numbers are secretly converted into a different numeral system. Some examples are given below:
50 -> L
35 -> XXXV
42 -> XLII
Now, write the number 60 in the Wonderland numeral system.",LX
bba186c3,"In Alice's Wonderland, a secret set of transformation rules is applied to equations. Below are a few examples:
14-04 = 18
99-07 = 961
66*95 = 7
Now, determine the result for: 71)42",704
bbb61c3a,"In Alice's Wonderland, a secret unit conversion is applied to measurements. For example:
20.01 m becomes 34.08
36.25 m becomes 61.74
17.45 m becomes 29.72
25.1 m becomes 42.75
14.2 m becomes 24.19
Now, convert the following measurement: 36.67 m",62.46
bbcd608d,"In Alice's Wonderland, a secret set of transformation rules is applied to equations. Below are a few examples:
&]:)) = \
'(#%` = '])[
{[#%) = &(%)
&`:`[ = ')
%(:`[ = '&
Now, determine the result for: )'<(%",''[
bc0cbe05,"In Alice's Wonderland, the gravitational constant has been secretly changed. Here are some example observations:
For t = 3.68s, distance = 46.96 m
For t = 3.41s, distance = 40.32 m
For t = 2.41s, distance = 20.14 m
For t = 3.74s, distance = 48.5 m
Now, determine the falling distance for t = 2.7s given d = 0.5*g*t^2.",25.28
bc1ef494,"In Alice's Wonderland, a secret set of transformation rules is applied to equations. Below are a few examples:
]!-{{ = ){
]:-\{ = ))
:\+<! = )]<
{:-#( = \)
Now, determine the result for: )(*\#",#)]
bc2649ba,"In Alice's Wonderland, the gravitational constant has been secretly changed. Here are some example observations:
For t = 4.08s, distance = 108.14 m
For t = 4.64s, distance = 139.87 m
For t = 3.75s, distance = 91.36 m
For t = 1.61s, distance = 16.84 m
For t = 1.55s, distance = 15.61 m
Now, determine the falling distance for t = 4.24s given d = 0.5*g*t^2.",116.79
bc38b75b,"In Alice's Wonderland, the gravitational constant has been secretly changed. Here are some example observations:
For t = 1.94s, distance = 35.32 m
For t = 3.91s, distance = 143.49 m
For t = 1.41s, distance = 18.66 m
For t = 3.04s, distance = 86.74 m
For t = 2.6s, distance = 63.45 m
Now, determine the falling distance for t = 1.64s given d = 0.5*g*t^2.",25.24
bc4aca62,"In Alice's Wonderland, the gravitational constant has been secretly changed. Here are some example observations:
For t = 2.37s, distance = 49.72 m
For t = 2.44s, distance = 52.7 m
For t = 1.41s, distance = 17.6 m
Now, determine the falling distance for t = 3.91s given d = 0.5*g*t^2.",135.33
bc586060,"In Alice's Wonderland, the gravitational constant has been secretly changed. Here are some example observations:
For t = 1.64s, distance = 7.43 m
For t = 3.77s, distance = 39.29 m
For t = 2.62s, distance = 18.98 m
For t = 1.23s, distance = 4.18 m
Now, determine the falling distance for t = 4.38s given d = 0.5*g*t^2.",53.03
bc60a72a,"In Alice's Wonderland, a secret unit conversion is applied to measurements. For example:
33.32 m becomes 34.85
30.77 m becomes 32.18
33.65 m becomes 35.20
41.04 m becomes 42.92
10.39 m becomes 10.87
Now, convert the following measurement: 36.2 m",37.86
bc64667d,"In Alice's Wonderland, a secret unit conversion is applied to measurements. For example:
23.37 m becomes 40.67
30.89 m becomes 53.76
21.46 m becomes 37.35
Now, convert the following measurement: 37.76 m",65.72
bc788c0e,"In Alice's Wonderland, numbers are secretly converted into a different numeral system. Some examples are given below:
86 -> LXXXVI
74 -> LXXIV
73 -> LXXIII
29 -> XXIX
31 -> XXXI
Now, write the number 21 in the Wonderland numeral system.",XXI
bcacfbc9,"In Alice's Wonderland, the gravitational constant has been secretly changed. Here are some example observations:
For t = 1.76s, distance = 7.77 m
For t = 1.3s, distance = 4.24 m
For t = 1.71s, distance = 7.34 m
Now, determine the falling distance for t = 1.75s given d = 0.5*g*t^2.",7.69
bcb0993a,"In Alice's Wonderland, a secret set of transformation rules is applied to equations. Below are a few examples:
{(-{"" = :(!
||'[{ = [(\(
|\+{` = +""[
Now, determine the result for: [(-""`",!!!
bcc6b180,"In Alice's Wonderland, the gravitational constant has been secretly changed. Here are some example observations:
For t = 1.33s, distance = 5.6 m
For t = 4.17s, distance = 55.06 m
For t = 2.38s, distance = 17.94 m
Now, determine the falling distance for t = 4.53s given d = 0.5*g*t^2.",64.98
bcdf769f,"In Alice's Wonderland, numbers are secretly converted into a different numeral system. Some examples are given below:
21 -> XXI
96 -> XCVI
38 -> XXXVIII
Now, write the number 87 in the Wonderland numeral system.",LXXXVII
bce10d97,"In Alice's Wonderland, a secret set of transformation rules is applied to equations. Below are a few examples:
41*84 = 8441
45+21 = 66
95+58 = 441
21*83 = 8321
Now, determine the result for: 31-45",2
bcff7dbe,"In Alice's Wonderland, a secret set of transformation rules is applied to equations. Below are a few examples:
[[-#& = /[
>}-)> = [#
>/+/} = @)
Now, determine the result for: #)-[#",>[
bd01bfeb,"In Alice's Wonderland, a secret set of transformation rules is applied to equations. Below are a few examples:
""#-""{ = '
'?*'& = ##?
?&-^& = -{:
Now, determine the result for: ""#-&&",&^
bd056c6b,"In Alice's Wonderland, numbers are secretly converted into a different numeral system. Some examples are given below:
18 -> XVIII
32 -> XXXII
96 -> XCVI
72 -> LXXII
Now, write the number 19 in the Wonderland numeral system.",XIX
bd1200b2,"In Alice's Wonderland, the gravitational constant has been secretly changed. Here are some example observations:
For t = 1.04s, distance = 8.43 m
For t = 2.11s, distance = 34.69 m
For t = 1.48s, distance = 17.07 m
For t = 2.01s, distance = 31.48 m
For t = 3.85s, distance = 115.51 m
Now, determine the falling distance for t = 3.67s given d = 0.5*g*t^2.",104.96
bd36a922,"In Alice's Wonderland, a secret set of transformation rules is applied to equations. Below are a few examples:
$:?<! = />
[|'/$ = [|/$
|>?[> = /:
Now, determine the result for: <>?![",?(
bd76e1f9,"In Alice's Wonderland, the gravitational constant has been secretly changed. Here are some example observations:
For t = 1.09s, distance = 9.76 m
For t = 4.88s, distance = 195.71 m
For t = 4.92s, distance = 198.93 m
For t = 1.66s, distance = 22.65 m
Now, determine the falling distance for t = 4.39s given d = 0.5*g*t^2.",158.38
bd9df216,"In Alice's Wonderland, the gravitational constant has been secretly changed. Here are some example observations:
For t = 2.41s, distance = 37.79 m
For t = 2.18s, distance = 30.92 m
For t = 1.69s, distance = 18.58 m
Now, determine the falling distance for t = 4.86s given d = 0.5*g*t^2.",153.67
bda7ee30,"In Alice's Wonderland, a secret unit conversion is applied to measurements. For example:
13.74 m becomes 13.15
12.9 m becomes 12.34
21.84 m becomes 20.90
Now, convert the following measurement: 6.43 m",6.15
bdbc5f60,"In Alice's Wonderland, the gravitational constant has been secretly changed. Here are some example observations:
For t = 3.97s, distance = 129.83 m
For t = 4.62s, distance = 175.82 m
For t = 3.36s, distance = 93.0 m
For t = 4.06s, distance = 135.78 m
Now, determine the falling distance for t = 1.82s given d = 0.5*g*t^2.",27.29
bdcccbab,"In Alice's Wonderland, the gravitational constant has been secretly changed. Here are some example observations:
For t = 2.58s, distance = 16.58 m
For t = 4.54s, distance = 51.35 m
For t = 4.26s, distance = 45.21 m
For t = 3.45s, distance = 29.65 m
Now, determine the falling distance for t = 2.96s given d = 0.5*g*t^2.",21.83
bdd3c961,"In Alice's Wonderland, numbers are secretly converted into a different numeral system. Some examples are given below:
44 -> XLIV
52 -> LII
73 -> LXXIII
43 -> XLIII
Now, write the number 70 in the Wonderland numeral system.",LXX
be0a10de,"In Alice's Wonderland, a secret set of transformation rules is applied to equations. Below are a few examples:
\\(\[ = (!
]$?""} = )>$
)""@"""" = )[[$
)$?!> = '[
Now, determine the result for: $!?]!",""">"
be366ebb,"In Alice's Wonderland, numbers are secretly converted into a different numeral system. Some examples are given below:
50 -> L
90 -> XC
43 -> XLIII
79 -> LXXIX
Now, write the number 80 in the Wonderland numeral system.",LXXX
be5795da,"In Alice's Wonderland, a secret unit conversion is applied to measurements. For example:
15.59 m becomes 29.87
15.68 m becomes 30.04
17.14 m becomes 32.84
Now, convert the following measurement: 39.79 m",76.24
be5971d7,"In Alice's Wonderland, a secret set of transformation rules is applied to equations. Below are a few examples:
09+17 = 161
11+44 = 55
43*07 = 0743
Now, determine the result for: 18-32",-85
be69de9f,"In Alice's Wonderland, the gravitational constant has been secretly changed. Here are some example observations:
For t = 4.31s, distance = 118.04 m
For t = 1.5s, distance = 14.3 m
For t = 3.77s, distance = 90.31 m
Now, determine the falling distance for t = 4.15s given d = 0.5*g*t^2.",109.43
be7101dc,"In Alice's Wonderland, a secret set of transformation rules is applied to equations. Below are a few examples:
[#*[: = */
[%""^\ = [%^\
[\+#& = %^^&
:)+}^ = ^^:\
/&+:/ = :/&
Now, determine the result for: %/+^#",\:%#
be787193,"In Alice's Wonderland, numbers are secretly converted into a different numeral system. Some examples are given below:
43 -> XLIII
26 -> XXVI
82 -> LXXXII
59 -> LIX
Now, write the number 37 in the Wonderland numeral system.",XXXVII
be7a9eb1,"In Alice's Wonderland, a secret set of transformation rules is applied to equations. Below are a few examples:
'@&%] = %:'?
][""]> = %?
%`\]> = ]'?
Now, determine the result for: ?]&[]",[]`'
be7b3d06,"In Alice's Wonderland, the gravitational constant has been secretly changed. Here are some example observations:
For t = 4.04s, distance = 109.18 m
For t = 3.27s, distance = 71.53 m
For t = 1.1s, distance = 8.09 m
For t = 3.09s, distance = 63.87 m
Now, determine the falling distance for t = 2.71s given d = 0.5*g*t^2.",49.13
be8de8a1,"In Alice's Wonderland, a secret bit manipulation rule transforms 8-bit binary numbers. The transformation involves operations like bit shifts, rotations, XOR, AND, OR, NOT, and possibly majority or choice functions.

Here are some examples of input -> output:
00110000 -> 01111110
11100010 -> 11111001
01001011 -> 00110101
11110101 -> 01111010
11100001 -> 11110000
11111001 -> 11111100
00100110 -> 10111111
01111111 -> 11001111
01101001 -> 00110100

Now, determine the output for: 11011110",10001111
bebb9447,"In Alice's Wonderland, a secret set of transformation rules is applied to equations. Below are a few examples:
#(-!"" = %$
%@*(% = ##]
""%-(] = ]>
!]*$! = @%|$
""]*!"" = @>@(
Now, determine the result for: >(-$>",%#
bebef9bd,"In Alice's Wonderland, numbers are secretly converted into a different numeral system. Some examples are given below:
17 -> XVII
35 -> XXXV
71 -> LXXI
89 -> LXXXIX
Now, write the number 35 in the Wonderland numeral system.",XXXV
bedd4e39,"In Alice's Wonderland, numbers are secretly converted into a different numeral system. Some examples are given below:
89 -> LXXXIX
26 -> XXVI
5 -> V
Now, write the number 78 in the Wonderland numeral system.",LXXVIII
bf00d07d,"In Alice's Wonderland, a secret unit conversion is applied to measurements. For example:
45.49 m becomes 36.92
5.45 m becomes 4.42
34.71 m becomes 28.17
Now, convert the following measurement: 26.82 m",21.77
bf2220e7,"In Alice's Wonderland, a secret set of transformation rules is applied to equations. Below are a few examples:
|^+|` = |^|`
#@+`) = #@`)
^#*#: = ^##:
^:*`"" = ^:`""
Now, determine the result for: (:-(""",:
bf290c73,"In Alice's Wonderland, a secret unit conversion is applied to measurements. For example:
29.21 m becomes 17.35
11.82 m becomes 7.02
41.42 m becomes 24.60
30.03 m becomes 17.84
Now, convert the following measurement: 10.35 m",6.15
bf39ab88,"In Alice's Wonderland, numbers are secretly converted into a different numeral system. Some examples are given below:
41 -> XLI
97 -> XCVII
61 -> LXI
Now, write the number 39 in the Wonderland numeral system.",XXXIX
bf8524b5,"In Alice's Wonderland, the gravitational constant has been secretly changed. Here are some example observations:
For t = 2.64s, distance = 64.28 m
For t = 2.14s, distance = 42.23 m
For t = 4.44s, distance = 181.81 m
For t = 1.61s, distance = 23.91 m
Now, determine the falling distance for t = 4.3s given d = 0.5*g*t^2.",170.52
bfa327dc,"In Alice's Wonderland, numbers are secretly converted into a different numeral system. Some examples are given below:
84 -> LXXXIV
17 -> XVII
2 -> II
23 -> XXIII
81 -> LXXXI
Now, write the number 32 in the Wonderland numeral system.",XXXII
bfae1468,"In Alice's Wonderland, a secret unit conversion is applied to measurements. For example:
22.08 m becomes 31.60
15.71 m becomes 22.48
8.8 m becomes 12.59
11.99 m becomes 17.16
Now, convert the following measurement: 16.65 m",23.83
bfc0527d,"In Alice's Wonderland, numbers are secretly converted into a different numeral system. Some examples are given below:
53 -> LIII
31 -> XXXI
37 -> XXXVII
76 -> LXXVI
Now, write the number 17 in the Wonderland numeral system.",XVII
bfd2dc4c,"In Alice's Wonderland, the gravitational constant has been secretly changed. Here are some example observations:
For t = 1.74s, distance = 20.93 m
For t = 4.34s, distance = 130.23 m
For t = 4.52s, distance = 141.25 m
Now, determine the falling distance for t = 3.19s given d = 0.5*g*t^2.",70.36
bfd485cf,"In Alice's Wonderland, a secret unit conversion is applied to measurements. For example:
40.84 m becomes 60.07
10.67 m becomes 15.69
47.97 m becomes 70.56
19.52 m becomes 28.71
Now, convert the following measurement: 20.31 m",29.87
bfdf8d36,"In Alice's Wonderland, the gravitational constant has been secretly changed. Here are some example observations:
For t = 1.72s, distance = 18.4 m
For t = 4.72s, distance = 138.54 m
For t = 4.63s, distance = 133.3 m
Now, determine the falling distance for t = 1.1s given d = 0.5*g*t^2.",7.52
c00f2605,"In Alice's Wonderland, a secret set of transformation rules is applied to equations. Below are a few examples:
$]*[$ = $][$
""{-^& = ??
{^*&? = {^&?
[]*?] = []?]
Now, determine the result for: ?[-^&","&"""
c01cebb4,"In Alice's Wonderland, a secret set of transformation rules is applied to equations. Below are a few examples:
/[*{} = '}`{
<{+// = }})
</-)[ = -'!
{/+{[ = !!
Now, determine the result for: ')-<$",-[}
c05828eb,"In Alice's Wonderland, a secret set of transformation rules is applied to equations. Below are a few examples:
@!-@% = -)|
(!+!> = )@
)!+&( = &)/
)%-""@ = @
Now, determine the result for: )>-!@",-!|
c05f5733,"In Alice's Wonderland, a secret bit manipulation rule transforms 8-bit binary numbers. The transformation involves operations like bit shifts, rotations, XOR, AND, OR, NOT, and possibly majority or choice functions.

Here are some examples of input -> output:
11000001 -> 00001000
10010001 -> 00000010
10111000 -> 01010001
10100010 -> 00010100
00110100 -> 00100000
00010110 -> 00100000
11001110 -> 00011001

Now, determine the output for: 10110101",00101010
c0648741,"In Alice's Wonderland, a secret unit conversion is applied to measurements. For example:
46.17 m becomes 23.18
7.09 m becomes 3.56
17.43 m becomes 8.75
Now, convert the following measurement: 19.96 m",10.02
c080cfdd,"In Alice's Wonderland, numbers are secretly converted into a different numeral system. Some examples are given below:
84 -> LXXXIV
16 -> XVI
73 -> LXXIII
76 -> LXXVI
44 -> XLIV
Now, write the number 45 in the Wonderland numeral system.",XLV
c090ea30,"In Alice's Wonderland, numbers are secretly converted into a different numeral system. Some examples are given below:
38 -> XXXVIII
39 -> XXXIX
35 -> XXXV
Now, write the number 23 in the Wonderland numeral system.",XXIII
c0cf74f0,"In Alice's Wonderland, numbers are secretly converted into a different numeral system. Some examples are given below:
6 -> VI
23 -> XXIII
55 -> LV
4 -> IV
Now, write the number 35 in the Wonderland numeral system.",XXXV
c0d3279f,"In Alice's Wonderland, numbers are secretly converted into a different numeral system. Some examples are given below:
17 -> XVII
21 -> XXI
43 -> XLIII
Now, write the number 73 in the Wonderland numeral system.",LXXIII
c0dc290c,"In Alice's Wonderland, the gravitational constant has been secretly changed. Here are some example observations:
For t = 2.8s, distance = 40.86 m
For t = 2.8s, distance = 40.86 m
For t = 1.33s, distance = 9.22 m
For t = 3.58s, distance = 66.79 m
Now, determine the falling distance for t = 2.49s given d = 0.5*g*t^2.",32.31
c0f6e1b8,"In Alice's Wonderland, the gravitational constant has been secretly changed. Here are some example observations:
For t = 4.84s, distance = 208.22 m
For t = 4.18s, distance = 155.3 m
For t = 3.79s, distance = 127.67 m
Now, determine the falling distance for t = 4.8s given d = 0.5*g*t^2.",204.79
c11ca3ef,"In Alice's Wonderland, the gravitational constant has been secretly changed. Here are some example observations:
For t = 4.43s, distance = 125.83 m
For t = 3.17s, distance = 64.43 m
For t = 1.3s, distance = 10.84 m
For t = 3.16s, distance = 64.03 m
For t = 1.33s, distance = 11.34 m
Now, determine the falling distance for t = 4.63s given d = 0.5*g*t^2.",137.45
c11f1c92,"In Alice's Wonderland, the gravitational constant has been secretly changed. Here are some example observations:
For t = 3.25s, distance = 75.8 m
For t = 1.38s, distance = 13.67 m
For t = 3.69s, distance = 97.72 m
For t = 1.13s, distance = 9.16 m
Now, determine the falling distance for t = 3.0s given d = 0.5*g*t^2.",64.59
c163f9e9,"In Alice's Wonderland, a secret unit conversion is applied to measurements. For example:
35.87 m becomes 71.00
6.9 m becomes 13.66
44.65 m becomes 88.37
35.88 m becomes 71.02
Now, convert the following measurement: 27.19 m",53.82
c18ee385,"In Alice's Wonderland, a secret unit conversion is applied to measurements. For example:
13.46 m becomes 7.00
9.7 m becomes 5.04
14.39 m becomes 7.48
31.57 m becomes 16.41
Now, convert the following measurement: 26.07 m",13.55
c1bebdf1,"In Alice's Wonderland, a secret unit conversion is applied to measurements. For example:
8.96 m becomes 7.94
33.1 m becomes 29.31
37.44 m becomes 33.16
46.66 m becomes 41.32
48.98 m becomes 43.38
Now, convert the following measurement: 23.6 m",20.90
c1c7963e,"In Alice's Wonderland, a secret unit conversion is applied to measurements. For example:
48.12 m becomes 37.61
44.29 m becomes 34.62
38.36 m becomes 29.98
Now, convert the following measurement: 6.59 m",5.15
c1fa87b4,"In Alice's Wonderland, numbers are secretly converted into a different numeral system. Some examples are given below:
78 -> LXXVIII
20 -> XX
49 -> XLIX
64 -> LXIV
Now, write the number 69 in the Wonderland numeral system.",LXIX
c22ba76c,"In Alice's Wonderland, the gravitational constant has been secretly changed. Here are some example observations:
For t = 4.58s, distance = 191.41 m
For t = 1.57s, distance = 22.49 m
For t = 2.37s, distance = 51.25 m
For t = 4.79s, distance = 209.36 m
For t = 2.03s, distance = 37.6 m
Now, determine the falling distance for t = 1.45s given d = 0.5*g*t^2.",19.19
c22d205e,"In Alice's Wonderland, a secret unit conversion is applied to measurements. For example:
19.67 m becomes 39.24
8.27 m becomes 16.50
10.35 m becomes 20.65
36.81 m becomes 73.43
13.75 m becomes 27.43
Now, convert the following measurement: 5.63 m",11.23
c23e84e7,"In Alice's Wonderland, the gravitational constant has been secretly changed. Here are some example observations:
For t = 4.98s, distance = 137.01 m
For t = 1.98s, distance = 21.66 m
For t = 3.68s, distance = 74.82 m
For t = 1.22s, distance = 8.22 m
Now, determine the falling distance for t = 1.06s given d = 0.5*g*t^2.",6.21
c24074a8,"In Alice's Wonderland, a secret set of transformation rules is applied to equations. Below are a few examples:
??#(& = #]/
]/#|/ = #}<
?|>?] = /()}
}}>?< = ?|%
}/>?) = )&}
Now, determine the result for: ]]`]%",&/
c2540e41,"In Alice's Wonderland, numbers are secretly converted into a different numeral system. Some examples are given below:
93 -> XCIII
28 -> XXVIII
63 -> LXIII
Now, write the number 69 in the Wonderland numeral system.",LXIX
c268537a,"In Alice's Wonderland, numbers are secretly converted into a different numeral system. Some examples are given below:
72 -> LXXII
67 -> LXVII
14 -> XIV
39 -> XXXIX
Now, write the number 26 in the Wonderland numeral system.",XXVI
c270d664,"In Alice's Wonderland, the gravitational constant has been secretly changed. Here are some example observations:
For t = 3.57s, distance = 41.77 m
For t = 2.11s, distance = 14.59 m
For t = 4.15s, distance = 56.44 m
For t = 2.02s, distance = 13.37 m
For t = 4.43s, distance = 64.31 m
Now, determine the falling distance for t = 1.01s given d = 0.5*g*t^2.",3.34
c2920548,"In Alice's Wonderland, a secret unit conversion is applied to measurements. For example:
19.2 m becomes 17.44
35.22 m becomes 31.99
45.07 m becomes 40.93
21.06 m becomes 19.13
Now, convert the following measurement: 11.65 m",10.58
c2945f2c,"In Alice's Wonderland, a secret set of transformation rules is applied to equations. Below are a few examples:
81+79 = 511
19-41 = 7
58-87 = 7
Now, determine the result for: 07*79",1976
c29b704e,"In Alice's Wonderland, a secret unit conversion is applied to measurements. For example:
35.81 m becomes 33.92
30.41 m becomes 28.80
39.06 m becomes 37.00
27.58 m becomes 26.12
19.51 m becomes 18.48
Now, convert the following measurement: 39.16 m",37.09
c2b593de,"In Alice's Wonderland, numbers are secretly converted into a different numeral system. Some examples are given below:
97 -> XCVII
91 -> XCI
20 -> XX
46 -> XLVI
Now, write the number 59 in the Wonderland numeral system.",LIX
c2b9b28d,"In Alice's Wonderland, numbers are secretly converted into a different numeral system. Some examples are given below:
11 -> XI
93 -> XCIII
2 -> II
69 -> LXIX
Now, write the number 42 in the Wonderland numeral system.",XLII
c2b9bbcf,"In Alice's Wonderland, a secret unit conversion is applied to measurements. For example:
23.74 m becomes 33.48
9.4 m becomes 13.26
18.75 m becomes 26.44
27.01 m becomes 38.09
Now, convert the following measurement: 23.41 m",33.01
c2bd8080,"In Alice's Wonderland, the gravitational constant has been secretly changed. Here are some example observations:
For t = 1.79s, distance = 26.31 m
For t = 3.24s, distance = 86.21 m
For t = 1.33s, distance = 14.53 m
For t = 3.91s, distance = 125.54 m
Now, determine the falling distance for t = 4.97s given d = 0.5*g*t^2.",202.84
c2c322a6,"In Alice's Wonderland, a secret unit conversion is applied to measurements. For example:
29.05 m becomes 20.59
24.86 m becomes 17.62
34.17 m becomes 24.21
Now, convert the following measurement: 20.79 m",14.73
c2e61e4e,"In Alice's Wonderland, numbers are secretly converted into a different numeral system. Some examples are given below:
57 -> LVII
48 -> XLVIII
38 -> XXXVIII
15 -> XV
Now, write the number 51 in the Wonderland numeral system.",LI
c2eca2a0,"In Alice's Wonderland, the gravitational constant has been secretly changed. Here are some example observations:
For t = 2.62s, distance = 50.98 m
For t = 4.11s, distance = 125.46 m
For t = 4.11s, distance = 125.46 m
For t = 3.34s, distance = 82.85 m
For t = 4.64s, distance = 159.9 m
Now, determine the falling distance for t = 1.78s given d = 0.5*g*t^2.",23.53
c2ef4b48,"In Alice's Wonderland, numbers are secretly converted into a different numeral system. Some examples are given below:
13 -> XIII
39 -> XXXIX
43 -> XLIII
Now, write the number 21 in the Wonderland numeral system.",XXI
c2f263df,"In Alice's Wonderland, the gravitational constant has been secretly changed. Here are some example observations:
For t = 3.44s, distance = 51.38 m
For t = 3.6s, distance = 56.27 m
For t = 3.3s, distance = 47.28 m
For t = 4.56s, distance = 90.28 m
Now, determine the falling distance for t = 4.52s given d = 0.5*g*t^2.",88.71
c2f4b1f8,"In Alice's Wonderland, numbers are secretly converted into a different numeral system. Some examples are given below:
80 -> LXXX
86 -> LXXXVI
10 -> X
Now, write the number 43 in the Wonderland numeral system.",XLIII
c305d626,"In Alice's Wonderland, a secret unit conversion is applied to measurements. For example:
28.15 m becomes 42.47
25.77 m becomes 38.88
24.85 m becomes 37.49
40.96 m becomes 61.79
15.87 m becomes 23.94
Now, convert the following measurement: 42.05 m",63.44
c32681cb,"In Alice's Wonderland, a secret set of transformation rules is applied to equations. Below are a few examples:
$<*&& = [%<
&)*<$ = @""&[
%&*@@ = `&|
Now, determine the result for: &$-)|",<&
c328b4f0,"In Alice's Wonderland, the gravitational constant has been secretly changed. Here are some example observations:
For t = 1.76s, distance = 12.84 m
For t = 4.94s, distance = 101.13 m
For t = 4.42s, distance = 80.96 m
Now, determine the falling distance for t = 2.73s given d = 0.5*g*t^2.",30.89
c32e1c7b,"In Alice's Wonderland, a secret set of transformation rules is applied to equations. Below are a few examples:
\[%&$ = &}""$
\`|': = [[`
`\%\& = `&'""
'/|$} = [:$
Now, determine the result for: \&|$`",[$[
c348a3ce,"In Alice's Wonderland, numbers are secretly converted into a different numeral system. Some examples are given below:
77 -> LXXVII
6 -> VI
95 -> XCV
17 -> XVII
18 -> XVIII
Now, write the number 10 in the Wonderland numeral system.",X
c37e694c,"In Alice's Wonderland, a secret set of transformation rules is applied to equations. Below are a few examples:
'}*&@ = '&{/
'/-%> = %
&\-/] = }
Now, determine the result for: /{*{\",{&\\
c38b9c9e,"In Alice's Wonderland, numbers are secretly converted into a different numeral system. Some examples are given below:
37 -> XXXVII
45 -> XLV
58 -> LVIII
Now, write the number 83 in the Wonderland numeral system.",LXXXIII
c398a90e,"In Alice's Wonderland, a secret unit conversion is applied to measurements. For example:
46.82 m becomes 93.16
25.39 m becomes 50.52
22.51 m becomes 44.79
38.7 m becomes 77.00
45.02 m becomes 89.58
Now, convert the following measurement: 29.21 m",58.12
c3a92731,"In Alice's Wonderland, numbers are secretly converted into a different numeral system. Some examples are given below:
29 -> XXIX
63 -> LXIII
74 -> LXXIV
85 -> LXXXV
Now, write the number 1 in the Wonderland numeral system.",I
c3ab014b,"In Alice's Wonderland, a secret bit manipulation rule transforms 8-bit binary numbers. The transformation involves operations like bit shifts, rotations, XOR, AND, OR, NOT, and possibly majority or choice functions.

Here are some examples of input -> output:
01001001 -> 10011010
10001010 -> 00010101
00111110 -> 00001100
10001001 -> 00010011
11001101 -> 10011011
10100010 -> 01010101
01010111 -> 00001110
10001100 -> 00011001
01110000 -> 01100000
11110000 -> 01100001

Now, determine the output for: 00011101",00010010
c3bc4f2b,"In Alice's Wonderland, a secret unit conversion is applied to measurements. For example:
5.32 m becomes 5.96
40.91 m becomes 45.87
34.48 m becomes 38.66
34.98 m becomes 39.22
Now, convert the following measurement: 24.79 m",27.79
c3e8c44f,"In Alice's Wonderland, the gravitational constant has been secretly changed. Here are some example observations:
For t = 3.81s, distance = 118.23 m
For t = 4.98s, distance = 201.99 m
For t = 1.72s, distance = 24.1 m
For t = 3.21s, distance = 83.92 m
Now, determine the falling distance for t = 2.71s given d = 0.5*g*t^2.",59.82
c3f62d1d,"In Alice's Wonderland, the gravitational constant has been secretly changed. Here are some example observations:
For t = 4.84s, distance = 147.27 m
For t = 1.84s, distance = 21.28 m
For t = 4.48s, distance = 126.18 m
Now, determine the falling distance for t = 2.38s given d = 0.5*g*t^2.",35.61
c3fb6417,"In Alice's Wonderland, the gravitational constant has been secretly changed. Here are some example observations:
For t = 1.25s, distance = 7.63 m
For t = 4.7s, distance = 107.91 m
For t = 3.53s, distance = 60.87 m
For t = 1.34s, distance = 8.77 m
Now, determine the falling distance for t = 3.44s given d = 0.5*g*t^2.",57.81
c413ac69,"In Alice's Wonderland, a secret set of transformation rules is applied to equations. Below are a few examples:
^""*{: = /{{
{]*""^ = """"/
/]+}% = {^%
Now, determine the result for: ^}+}:","{""]"
c42412f4,"In Alice's Wonderland, numbers are secretly converted into a different numeral system. Some examples are given below:
24 -> XXIV
51 -> LI
6 -> VI
7 -> VII
80 -> LXXX
Now, write the number 74 in the Wonderland numeral system.",LXXIV
c43b5a13,"In Alice's Wonderland, a secret set of transformation rules is applied to equations. Below are a few examples:
/:+<{ = |<
|&-/| = {|
$(+){ = |{
Now, determine the result for: $)+:$",)|
c45529cf,"In Alice's Wonderland, numbers are secretly converted into a different numeral system. Some examples are given below:
2 -> II
28 -> XXVIII
21 -> XXI
82 -> LXXXII
Now, write the number 43 in the Wonderland numeral system.",XLIII
c4865201,"In Alice's Wonderland, numbers are secretly converted into a different numeral system. Some examples are given below:
33 -> XXXIII
81 -> LXXXI
98 -> XCVIII
12 -> XII
5 -> V
Now, write the number 38 in the Wonderland numeral system.",XXXVIII
c48ff53a,"In Alice's Wonderland, a secret unit conversion is applied to measurements. For example:
42.72 m becomes 51.89
46.03 m becomes 55.91
36.75 m becomes 44.64
12.08 m becomes 14.67
Now, convert the following measurement: 39.64 m",48.15
c4987e55,"In Alice's Wonderland, numbers are secretly converted into a different numeral system. Some examples are given below:
42 -> XLII
55 -> LV
20 -> XX
Now, write the number 2 in the Wonderland numeral system.",II
c49e08e9,"In Alice's Wonderland, the gravitational constant has been secretly changed. Here are some example observations:
For t = 2.46s, distance = 50.49 m
For t = 4.08s, distance = 138.88 m
For t = 4.47s, distance = 166.7 m
For t = 4.56s, distance = 173.49 m
For t = 4.16s, distance = 144.38 m
Now, determine the falling distance for t = 4.1s given d = 0.5*g*t^2.",140.25
c4c86b79,"In Alice's Wonderland, numbers are secretly converted into a different numeral system. Some examples are given below:
18 -> XVIII
8 -> VIII
16 -> XVI
36 -> XXXVI
73 -> LXXIII
Now, write the number 36 in the Wonderland numeral system.",XXXVI
c4d37945,"In Alice's Wonderland, the gravitational constant has been secretly changed. Here are some example observations:
For t = 1.31s, distance = 16.37 m
For t = 2.08s, distance = 41.28 m
For t = 4.99s, distance = 237.58 m
Now, determine the falling distance for t = 4.74s given d = 0.5*g*t^2.",214.37
c4d9c1cb,"In Alice's Wonderland, a secret unit conversion is applied to measurements. For example:
43.08 m becomes 31.75
49.14 m becomes 36.21
38.5 m becomes 28.37
Now, convert the following measurement: 33.85 m",24.94
c4ded23c,"In Alice's Wonderland, a secret unit conversion is applied to measurements. For example:
21.3 m becomes 39.65
20.02 m becomes 37.27
44.85 m becomes 83.49
20.87 m becomes 38.85
Now, convert the following measurement: 44.84 m",83.47
c51de6da,"In Alice's Wonderland, the gravitational constant has been secretly changed. Here are some example observations:
For t = 4.08s, distance = 162.92 m
For t = 1.59s, distance = 24.74 m
For t = 1.41s, distance = 19.46 m
Now, determine the falling distance for t = 1.54s given d = 0.5*g*t^2.",23.21
c5326116,"In Alice's Wonderland, numbers are secretly converted into a different numeral system. Some examples are given below:
27 -> XXVII
33 -> XXXIII
67 -> LXVII
95 -> XCV
81 -> LXXXI
Now, write the number 69 in the Wonderland numeral system.",LXIX
c540010b,"In Alice's Wonderland, the gravitational constant has been secretly changed. Here are some example observations:
For t = 1.98s, distance = 16.3 m
For t = 4.41s, distance = 80.85 m
For t = 4.83s, distance = 96.98 m
For t = 4.43s, distance = 81.58 m
For t = 1.68s, distance = 11.73 m
Now, determine the falling distance for t = 3.07s given d = 0.5*g*t^2.",39.18
c553fca8,"In Alice's Wonderland, a secret unit conversion is applied to measurements. For example:
48.79 m becomes 50.11
20.97 m becomes 21.54
28.67 m becomes 29.44
Now, convert the following measurement: 16.96 m",17.42
c55729f0,"In Alice's Wonderland, numbers are secretly converted into a different numeral system. Some examples are given below:
33 -> XXXIII
26 -> XXVI
51 -> LI
64 -> LXIV
Now, write the number 32 in the Wonderland numeral system.",XXXII
c561264c,"In Alice's Wonderland, a secret set of transformation rules is applied to equations. Below are a few examples:
54-34 = 2
42-01 = 41
86-52 = 34
93-35 = -41
46*72 = 7246
Now, determine the result for: 79+02",0279
c5955a0a,"In Alice's Wonderland, a secret set of transformation rules is applied to equations. Below are a few examples:
$:-[[ = (&
:?-)[ = $
$(-&$ = &$
Now, determine the result for: &:-&|",@'
c5b058d6,"In Alice's Wonderland, a secret set of transformation rules is applied to equations. Below are a few examples:
72)27 = 99
26#48 = 22
42#45 = 3
24#14 = 10
Now, determine the result for: 94)40",134
c5bd62f6,"In Alice's Wonderland, numbers are secretly converted into a different numeral system. Some examples are given below:
58 -> LVIII
47 -> XLVII
77 -> LXXVII
Now, write the number 11 in the Wonderland numeral system.",XI
c5bf415c,"In Alice's Wonderland, a secret set of transformation rules is applied to equations. Below are a few examples:
|>+<< = <^[
|<*^^ = |>>
[`+%[ = >%
<@+<: = >^[
`%*<` = <`><
Now, determine the result for: `<+^@",>:[
c5ce7236,"In Alice's Wonderland, a secret bit manipulation rule transforms 8-bit binary numbers. The transformation involves operations like bit shifts, rotations, XOR, AND, OR, NOT, and possibly majority or choice functions.

Here are some examples of input -> output:
01011100 -> 00110111
10101010 -> 00101011
01100111 -> 10111101
01101000 -> 10011110
11111110 -> 11111111
00111010 -> 01101111
00011111 -> 10111111
01001101 -> 01010011
01000111 -> 01111101
01101110 -> 10011011

Now, determine the output for: 01100001",10111000
c5f9313f,"In Alice's Wonderland, numbers are secretly converted into a different numeral system. Some examples are given below:
62 -> LXII
21 -> XXI
41 -> XLI
4 -> IV
94 -> XCIV
Now, write the number 72 in the Wonderland numeral system.",LXXII
c601d300,"In Alice's Wonderland, the gravitational constant has been secretly changed. Here are some example observations:
For t = 3.62s, distance = 110.56 m
For t = 4.94s, distance = 205.89 m
For t = 2.22s, distance = 41.58 m
Now, determine the falling distance for t = 2.45s given d = 0.5*g*t^2.",50.64
c628614c,"In Alice's Wonderland, numbers are secretly converted into a different numeral system. Some examples are given below:
62 -> LXII
14 -> XIV
31 -> XXXI
49 -> XLIX
Now, write the number 26 in the Wonderland numeral system.",XXVI
c6359bdd,"In Alice's Wonderland, numbers are secretly converted into a different numeral system. Some examples are given below:
95 -> XCV
7 -> VII
69 -> LXIX
Now, write the number 6 in the Wonderland numeral system.",VI
c6382a0a,"In Alice's Wonderland, the gravitational constant has been secretly changed. Here are some example observations:
For t = 2.42s, distance = 42.96 m
For t = 1.73s, distance = 21.96 m
For t = 1.69s, distance = 20.95 m
For t = 2.86s, distance = 60.01 m
For t = 2.8s, distance = 57.51 m
Now, determine the falling distance for t = 2.4s given d = 0.5*g*t^2.",42.26
c640593b,"In Alice's Wonderland, numbers are secretly converted into a different numeral system. Some examples are given below:
12 -> XII
44 -> XLIV
32 -> XXXII
56 -> LVI
Now, write the number 18 in the Wonderland numeral system.",XVIII
c644a425,"In Alice's Wonderland, the gravitational constant has been secretly changed. Here are some example observations:
For t = 1.43s, distance = 9.42 m
For t = 4.3s, distance = 85.16 m
For t = 2.35s, distance = 25.43 m
For t = 1.36s, distance = 8.52 m
Now, determine the falling distance for t = 2.73s given d = 0.5*g*t^2.",34.33
c65654a5,"In Alice's Wonderland, a secret bit manipulation rule transforms 8-bit binary numbers. The transformation involves operations like bit shifts, rotations, XOR, AND, OR, NOT, and possibly majority or choice functions.

Here are some examples of input -> output:
11000000 -> 11111101
00001010 -> 10000111
01111000 -> 11011110
00110011 -> 10101011
00001100 -> 10101111
10000110 -> 11010101
01000110 -> 11010110

Now, determine the output for: 11011001",01010001
c65911c6,"In Alice's Wonderland, numbers are secretly converted into a different numeral system. Some examples are given below:
70 -> LXX
85 -> LXXXV
59 -> LIX
Now, write the number 2 in the Wonderland numeral system.",II
c65ab88f,"In Alice's Wonderland, numbers are secretly converted into a different numeral system. Some examples are given below:
87 -> LXXXVII
92 -> XCII
25 -> XXV
Now, write the number 51 in the Wonderland numeral system.",LI
c6961082,"In Alice's Wonderland, a secret set of transformation rules is applied to equations. Below are a few examples:
55'82 = '27
27'50 = '23
54'75 = '21
84'23 = '61
64'64 = 0
Now, determine the result for: 69]99",6831
c69a5a03,"In Alice's Wonderland, numbers are secretly converted into a different numeral system. Some examples are given below:
1 -> I
81 -> LXXXI
32 -> XXXII
37 -> XXXVII
39 -> XXXIX
Now, write the number 57 in the Wonderland numeral system.",LVII
c69b17bf,"In Alice's Wonderland, a secret set of transformation rules is applied to equations. Below are a few examples:
)%-%> = `)
?>+)$ = &^
:&+/& = ??>
Now, determine the result for: )^-$)",?)
c6a5f3f8,"In Alice's Wonderland, the gravitational constant has been secretly changed. Here are some example observations:
For t = 3.11s, distance = 86.66 m
For t = 4.15s, distance = 154.31 m
For t = 4.56s, distance = 186.31 m
For t = 2.91s, distance = 75.87 m
Now, determine the falling distance for t = 4.23s given d = 0.5*g*t^2.",160.32
c6b21376,"In Alice's Wonderland, numbers are secretly converted into a different numeral system. Some examples are given below:
90 -> XC
52 -> LII
40 -> XL
Now, write the number 31 in the Wonderland numeral system.",XXXI
c6c03357,"In Alice's Wonderland, the gravitational constant has been secretly changed. Here are some example observations:
For t = 3.89s, distance = 125.13 m
For t = 3.27s, distance = 88.42 m
For t = 2.54s, distance = 53.35 m
For t = 2.76s, distance = 62.99 m
Now, determine the falling distance for t = 1.38s given d = 0.5*g*t^2.",15.75
c6c3376a,"In Alice's Wonderland, the gravitational constant has been secretly changed. Here are some example observations:
For t = 4.45s, distance = 118.0 m
For t = 2.73s, distance = 44.41 m
For t = 1.73s, distance = 17.83 m
For t = 1.25s, distance = 9.31 m
Now, determine the falling distance for t = 1.64s given d = 0.5*g*t^2.",16.03
c6c75305,"In Alice's Wonderland, a secret set of transformation rules is applied to equations. Below are a few examples:
""$+}% = }%""$
\$+(` = (`\$
""}*\"" = >""/""
Now, determine the result for: `}*//",/\}%
c6ccffe6,"In Alice's Wonderland, numbers are secretly converted into a different numeral system. Some examples are given below:
45 -> XLV
25 -> XXV
46 -> XLVI
85 -> LXXXV
26 -> XXVI
Now, write the number 62 in the Wonderland numeral system.",LXII
c6d3c9a4,"In Alice's Wonderland, the gravitational constant has been secretly changed. Here are some example observations:
For t = 3.82s, distance = 76.46 m
For t = 4.41s, distance = 101.9 m
For t = 3.48s, distance = 63.45 m
For t = 4.47s, distance = 104.69 m
For t = 2.79s, distance = 40.79 m
Now, determine the falling distance for t = 3.57s given d = 0.5*g*t^2.",66.78
c6da25af,"In Alice's Wonderland, a secret set of transformation rules is applied to equations. Below are a few examples:
65+76 = 2573
21:89 = 68
13+76 = 7702
Now, determine the result for: 16}95",121
c6e60b82,"In Alice's Wonderland, a secret set of transformation rules is applied to equations. Below are a few examples:
#[<#| = :>
()%\} = #\
)#%:} = )@
Now, determine the result for: #[<[|",@)
c6f31b15,"In Alice's Wonderland, numbers are secretly converted into a different numeral system. Some examples are given below:
78 -> LXXVIII
47 -> XLVII
77 -> LXXVII
Now, write the number 9 in the Wonderland numeral system.",IX
c70056a7,"In Alice's Wonderland, numbers are secretly converted into a different numeral system. Some examples are given below:
74 -> LXXIV
43 -> XLIII
34 -> XXXIV
62 -> LXII
Now, write the number 97 in the Wonderland numeral system.",XCVII
c70fbbb3,"In Alice's Wonderland, a secret unit conversion is applied to measurements. For example:
6.2 m becomes 12.34
10.4 m becomes 20.71
21.82 m becomes 43.44
9.73 m becomes 19.37
42.61 m becomes 84.84
Now, convert the following measurement: 32.27 m",64.25
c744d26e,"In Alice's Wonderland, a secret set of transformation rules is applied to equations. Below are a few examples:
'[*|} = '[|}
|>*>> = |>>>
}|+## = '/
?`+># = #`>
|>*%` = |>%`
Now, determine the result for: %'+?>",#>/
c7492d2e,"In Alice's Wonderland, the gravitational constant has been secretly changed. Here are some example observations:
For t = 2.93s, distance = 63.78 m
For t = 2.14s, distance = 34.03 m
For t = 1.5s, distance = 16.72 m
For t = 1.56s, distance = 18.08 m
Now, determine the falling distance for t = 2.88s given d = 0.5*g*t^2.",61.63
c75c45b2,"In Alice's Wonderland, the gravitational constant has been secretly changed. Here are some example observations:
For t = 2.55s, distance = 38.93 m
For t = 2.62s, distance = 41.1 m
For t = 1.78s, distance = 18.97 m
Now, determine the falling distance for t = 2.55s given d = 0.5*g*t^2.",38.93
c75d1d59,"In Alice's Wonderland, numbers are secretly converted into a different numeral system. Some examples are given below:
8 -> VIII
48 -> XLVIII
4 -> IV
57 -> LVII
Now, write the number 7 in the Wonderland numeral system.",VII
c76fc189,"In Alice's Wonderland, a secret set of transformation rules is applied to equations. Below are a few examples:
>&*]] = (<!&
!#*!# = !][]
(!-<# = ->>
Now, determine the result for: >&-!!",-(<
c77b6f81,"In Alice's Wonderland, numbers are secretly converted into a different numeral system. Some examples are given below:
67 -> LXVII
38 -> XXXVIII
53 -> LIII
Now, write the number 92 in the Wonderland numeral system.",XCII
c7849be5,"In Alice's Wonderland, a secret unit conversion is applied to measurements. For example:
28.48 m becomes 26.40
7.59 m becomes 7.04
6.47 m becomes 6.00
5.43 m becomes 5.03
Now, convert the following measurement: 38.6 m",35.78
c79321e4,"In Alice's Wonderland, a secret unit conversion is applied to measurements. For example:
21.79 m becomes 14.99
42.75 m becomes 29.42
23.01 m becomes 15.83
44.66 m becomes 30.73
Now, convert the following measurement: 34.58 m",23.79
c7aae192,"In Alice's Wonderland, a secret set of transformation rules is applied to equations. Below are a few examples:
""}+{"" = ``
#{-{# = >}
{>*(# = {`{\
Now, determine the result for: \""*}}",">""("
c7f88491,"In Alice's Wonderland, numbers are secretly converted into a different numeral system. Some examples are given below:
17 -> XVII
68 -> LXVIII
70 -> LXX
46 -> XLVI
2 -> II
Now, write the number 9 in the Wonderland numeral system.",IX
c8009e3f,"In Alice's Wonderland, numbers are secretly converted into a different numeral system. Some examples are given below:
17 -> XVII
38 -> XXXVIII
48 -> XLVIII
Now, write the number 3 in the Wonderland numeral system.",III
c8199213,"In Alice's Wonderland, a secret unit conversion is applied to measurements. For example:
45.95 m becomes 28.58
11.92 m becomes 7.41
7.38 m becomes 4.59
Now, convert the following measurement: 43.06 m",26.78
c8200012,"In Alice's Wonderland, the gravitational constant has been secretly changed. Here are some example observations:
For t = 4.67s, distance = 169.18 m
For t = 1.14s, distance = 10.08 m
For t = 4.6s, distance = 164.15 m
Now, determine the falling distance for t = 1.49s given d = 0.5*g*t^2.",17.22
c84544db,"In Alice's Wonderland, a secret set of transformation rules is applied to equations. Below are a few examples:
18|74 = |56
61|89 = |28
95|59 = 36
13|99 = |86
Now, determine the result for: 20#24",2024
c87ce9ea,"In Alice's Wonderland, a secret set of transformation rules is applied to equations. Below are a few examples:
::>/: = (\""%
("">@! = /#!%
@@]""@ = \
""%)%@ = :/
Now, determine the result for: /:)(/","""""%"
c87d761a,"In Alice's Wonderland, a secret set of transformation rules is applied to equations. Below are a few examples:
?`->} = }@
?(+\( = '\}
`(+?\ = '`[
Now, determine the result for: ?}+>`",'`(
c885e697,"In Alice's Wonderland, a secret set of transformation rules is applied to equations. Below are a few examples:
66-83 = -82
12+59 = 611
55-54 = -01
79+78 = 481
Now, determine the result for: 34*82",8234
c88eb75e,"In Alice's Wonderland, numbers are secretly converted into a different numeral system. Some examples are given below:
36 -> XXXVI
21 -> XXI
17 -> XVII
78 -> LXXVIII
Now, write the number 5 in the Wonderland numeral system.",V
c8b57f1d,"In Alice's Wonderland, a secret set of transformation rules is applied to equations. Below are a few examples:
""]>|| = \)
)\@)] = %[
%):)\ = /|{]
\)>%"" = %/>
{/@\] = \&
Now, determine the result for: |/>%\",""")"
c8c3c654,"In Alice's Wonderland, the gravitational constant has been secretly changed. Here are some example observations:
For t = 2.67s, distance = 41.0 m
For t = 1.15s, distance = 7.61 m
For t = 4.87s, distance = 136.39 m
For t = 3.81s, distance = 83.48 m
For t = 4.25s, distance = 103.87 m
Now, determine the falling distance for t = 3.14s given d = 0.5*g*t^2.",56.7
c8c65001,"In Alice's Wonderland, a secret bit manipulation rule transforms 8-bit binary numbers. The transformation involves operations like bit shifts, rotations, XOR, AND, OR, NOT, and possibly majority or choice functions.

Here are some examples of input -> output:
00011110 -> 00001111
11010010 -> 01101000
01000111 -> 10101010
01001001 -> 00100000
11110110 -> 11111110
01010010 -> 00101000
01111100 -> 10111110

Now, determine the output for: 11001000",00010000
c8d6d308,"In Alice's Wonderland, a secret unit conversion is applied to measurements. For example:
47.83 m becomes 61.99
22.28 m becomes 28.88
37.64 m becomes 48.78
33.12 m becomes 42.93
Now, convert the following measurement: 42.36 m",54.90
c8f3be11,"In Alice's Wonderland, a secret unit conversion is applied to measurements. For example:
42.83 m becomes 50.15
30.23 m becomes 35.40
12.35 m becomes 14.46
6.74 m becomes 7.89
45.35 m becomes 53.10
Now, convert the following measurement: 36.26 m",42.46
c910716e,"In Alice's Wonderland, numbers are secretly converted into a different numeral system. Some examples are given below:
22 -> XXII
81 -> LXXXI
7 -> VII
Now, write the number 55 in the Wonderland numeral system.",LV
c91ba3ac,"In Alice's Wonderland, a secret unit conversion is applied to measurements. For example:
35.68 m becomes 32.68
6.46 m becomes 5.92
23.73 m becomes 21.73
35.42 m becomes 32.44
48.04 m becomes 44.00
Now, convert the following measurement: 39.98 m",36.61
c922dbb4,"In Alice's Wonderland, a secret set of transformation rules is applied to equations. Below are a few examples:
:\*:@ = ""@"">
>\*:# = #>>@
<#+<: = <#<:
Now, determine the result for: <&-:@",>@
c934ffa1,"In Alice's Wonderland, a secret set of transformation rules is applied to equations. Below are a few examples:
""#?)) = #|)""
#&+\# = \!
\""@\$ = &""
Now, determine the result for: #""@""#",||
c9463bb4,"In Alice's Wonderland, a secret set of transformation rules is applied to equations. Below are a few examples:
&/+!# = &`%
&!*!< = &)>?
!?+<) = &`/
!%->/ = )
Now, determine the result for: /)*#<",)!!!
c9780577,"In Alice's Wonderland, a secret set of transformation rules is applied to equations. Below are a few examples:
|?-?@ = )`
`{+|? = ]]`
!\*`\ = !|??
Now, determine the result for: \{+{|",)?
c9a63747,"In Alice's Wonderland, a secret unit conversion is applied to measurements. For example:
22.27 m becomes 16.31
19.51 m becomes 14.29
47.49 m becomes 34.79
Now, convert the following measurement: 12.6 m",9.23
c9c5c755,"In Alice's Wonderland, numbers are secretly converted into a different numeral system. Some examples are given below:
72 -> LXXII
59 -> LIX
74 -> LXXIV
77 -> LXXVII
Now, write the number 42 in the Wonderland numeral system.",XLII
c9e16aff,"In Alice's Wonderland, a secret set of transformation rules is applied to equations. Below are a few examples:
$:+#] = ${
}?-$( = ]<
]}-:"" = <(
Now, determine the result for: (]*]:",]:(]
c9e2bade,"In Alice's Wonderland, numbers are secretly converted into a different numeral system. Some examples are given below:
70 -> LXX
90 -> XC
57 -> LVII
Now, write the number 71 in the Wonderland numeral system.",LXXI
ca055f19,"In Alice's Wonderland, numbers are secretly converted into a different numeral system. Some examples are given below:
11 -> XI
99 -> XCIX
39 -> XXXIX
2 -> II
Now, write the number 36 in the Wonderland numeral system.",XXXVI
ca09e0c5,"In Alice's Wonderland, numbers are secretly converted into a different numeral system. Some examples are given below:
57 -> LVII
23 -> XXIII
43 -> XLIII
63 -> LXIII
48 -> XLVIII
Now, write the number 8 in the Wonderland numeral system.",VIII
ca109b5e,"In Alice's Wonderland, a secret set of transformation rules is applied to equations. Below are a few examples:
{#:`{ = !?^#
^\:{[ = !&^?
`\>{! = >??
Now, determine the result for: !`%[^",?#?
ca27fcab,"In Alice's Wonderland, a secret unit conversion is applied to measurements. For example:
12.22 m becomes 14.23
44.52 m becomes 51.83
10.75 m becomes 12.51
Now, convert the following measurement: 8.15 m",9.49
ca2bb5f5,"In Alice's Wonderland, the gravitational constant has been secretly changed. Here are some example observations:
For t = 4.6s, distance = 120.16 m
For t = 3.01s, distance = 51.45 m
For t = 2.59s, distance = 38.09 m
For t = 4.54s, distance = 117.04 m
For t = 4.97s, distance = 140.26 m
Now, determine the falling distance for t = 1.37s given d = 0.5*g*t^2.",10.66
ca43107b,"In Alice's Wonderland, a secret set of transformation rules is applied to equations. Below are a few examples:
{?'#@ = [@!
{!*#[ = @?^(
?#*@[ = [?@%
Now, determine the result for: {^}^|",?
ca439170,"In Alice's Wonderland, numbers are secretly converted into a different numeral system. Some examples are given below:
74 -> LXXIV
99 -> XCIX
1 -> I
Now, write the number 61 in the Wonderland numeral system.",LXI
ca5db1c0,"In Alice's Wonderland, a secret set of transformation rules is applied to equations. Below are a few examples:
^%-""` = ""|
""@*?` = ?""^
%@*`) = ""%""
Now, determine the result for: (""-'|",^
ca7325ee,"In Alice's Wonderland, the gravitational constant has been secretly changed. Here are some example observations:
For t = 2.31s, distance = 21.42 m
For t = 2.6s, distance = 27.13 m
For t = 4.03s, distance = 65.18 m
Now, determine the falling distance for t = 1.58s given d = 0.5*g*t^2.",10.02
ca79b453,"In Alice's Wonderland, a secret unit conversion is applied to measurements. For example:
32.34 m becomes 46.81
7.35 m becomes 10.64
42.08 m becomes 60.91
Now, convert the following measurement: 35.72 m",51.70
ca85809b,"In Alice's Wonderland, a secret set of transformation rules is applied to equations. Below are a few examples:
%&\[% = &#`#
![>`@ = `&`
`^>%# = ]]
Now, determine the result for: &&\%[",%!^&
ca9db731,"In Alice's Wonderland, a secret unit conversion is applied to measurements. For example:
24.51 m becomes 34.78
14.88 m becomes 21.12
27.73 m becomes 39.35
36.38 m becomes 51.63
Now, convert the following measurement: 25.61 m",36.34
cabc0445,"In Alice's Wonderland, the gravitational constant has been secretly changed. Here are some example observations:
For t = 2.09s, distance = 12.49 m
For t = 3.77s, distance = 40.64 m
For t = 3.95s, distance = 44.62 m
Now, determine the falling distance for t = 2.64s given d = 0.5*g*t^2.",19.93
cad363de,"In Alice's Wonderland, numbers are secretly converted into a different numeral system. Some examples are given below:
41 -> XLI
94 -> XCIV
33 -> XXXIII
21 -> XXI
49 -> XLIX
Now, write the number 74 in the Wonderland numeral system.",LXXIV
cad4b9a7,"In Alice's Wonderland, a secret set of transformation rules is applied to equations. Below are a few examples:
^^*""# = ""@['
%""-@@ = -""%
['*%"" = ""#'""
?%*^"" = %^['
Now, determine the result for: ?""*""(","#""^"
cad64a33,"In Alice's Wonderland, the gravitational constant has been secretly changed. Here are some example observations:
For t = 1.37s, distance = 17.8 m
For t = 3.18s, distance = 95.89 m
For t = 1.85s, distance = 32.45 m
For t = 4.18s, distance = 165.67 m
For t = 3.71s, distance = 130.51 m
Now, determine the falling distance for t = 2.64s given d = 0.5*g*t^2.",66.09
cae68989,"In Alice's Wonderland, numbers are secretly converted into a different numeral system. Some examples are given below:
23 -> XXIII
48 -> XLVIII
71 -> LXXI
57 -> LVII
38 -> XXXVIII
Now, write the number 83 in the Wonderland numeral system.",LXXXIII
cae7a6bb,"In Alice's Wonderland, a secret unit conversion is applied to measurements. For example:
34.12 m becomes 27.64
24.69 m becomes 20.00
9.15 m becomes 7.41
5.05 m becomes 4.09
46.06 m becomes 37.32
Now, convert the following measurement: 5.41 m",4.38
caf5574a,"In Alice's Wonderland, the gravitational constant has been secretly changed. Here are some example observations:
For t = 4.61s, distance = 182.12 m
For t = 3.07s, distance = 80.77 m
For t = 1.09s, distance = 10.18 m
For t = 2.15s, distance = 39.61 m
Now, determine the falling distance for t = 4.19s given d = 0.5*g*t^2.",150.45
caf7fbe3,"In Alice's Wonderland, a secret unit conversion is applied to measurements. For example:
40.34 m becomes 49.15
37.09 m becomes 45.19
43.34 m becomes 52.81
28.14 m becomes 34.29
Now, convert the following measurement: 34.42 m",41.94
cb0a13b8,"In Alice's Wonderland, numbers are secretly converted into a different numeral system. Some examples are given below:
63 -> LXIII
41 -> XLI
78 -> LXXVIII
69 -> LXIX
Now, write the number 35 in the Wonderland numeral system.",XXXV
cb239867,"In Alice's Wonderland, a secret bit manipulation rule transforms 8-bit binary numbers. The transformation involves operations like bit shifts, rotations, XOR, AND, OR, NOT, and possibly majority or choice functions.

Here are some examples of input -> output:
00101011 -> 10101100
10110010 -> 01001010
00100000 -> 10000000
00001011 -> 00100100
01110110 -> 01011001
11110001 -> 01001111
10101111 -> 10101110

Now, determine the output for: 11100000",10000011
cb288348,"In Alice's Wonderland, a secret unit conversion is applied to measurements. For example:
34.07 m becomes 57.99
24.13 m becomes 41.07
44.35 m becomes 75.49
5.24 m becomes 8.92
Now, convert the following measurement: 23.5 m",40.00
cb2d7718,"In Alice's Wonderland, numbers are secretly converted into a different numeral system. Some examples are given below:
27 -> XXVII
60 -> LX
1 -> I
Now, write the number 52 in the Wonderland numeral system.",LII
cb7475e5,"In Alice's Wonderland, a secret unit conversion is applied to measurements. For example:
23.95 m becomes 42.94
17.64 m becomes 31.62
22.79 m becomes 40.86
39.26 m becomes 70.38
45.04 m becomes 80.75
Now, convert the following measurement: 36.83 m",66.03
cb7bb0d0,"In Alice's Wonderland, a secret set of transformation rules is applied to equations. Below are a few examples:
?:-:@ = -@
''-## = -[[
!'-'@ = -@
!$*[$ = @:[:
>$-:[ = -'?
Now, determine the result for: @>+[@",}!
cb7bd3d2,"In Alice's Wonderland, a secret set of transformation rules is applied to equations. Below are a few examples:
%(-'! = -]]
[%)(/ = %%
]%&<% = [?<<
Now, determine the result for: [()`'",[[?
cbab2a46,"In Alice's Wonderland, a secret unit conversion is applied to measurements. For example:
47.31 m becomes 81.56
6.53 m becomes 11.26
19.71 m becomes 33.98
8.09 m becomes 13.95
Now, convert the following measurement: 31.57 m",54.43
cc0fd7a8,"In Alice's Wonderland, numbers are secretly converted into a different numeral system. Some examples are given below:
34 -> XXXIV
89 -> LXXXIX
67 -> LXVII
Now, write the number 65 in the Wonderland numeral system.",LXV
cc3ea471,"In Alice's Wonderland, a secret set of transformation rules is applied to equations. Below are a few examples:
)\-}{ = -'}
\{-\\ = -}
''+/< = }\'
}}-}) = -'
)'*!^ = \{'^
Now, determine the result for: {)-<}",-!!
cc4a4b69,"In Alice's Wonderland, the gravitational constant has been secretly changed. Here are some example observations:
For t = 2.16s, distance = 31.1 m
For t = 2.15s, distance = 30.81 m
For t = 3.86s, distance = 99.31 m
Now, determine the falling distance for t = 4.82s given d = 0.5*g*t^2.",154.85
cc4ee1b4,"In Alice's Wonderland, numbers are secretly converted into a different numeral system. Some examples are given below:
66 -> LXVI
78 -> LXXVIII
81 -> LXXXI
85 -> LXXXV
65 -> LXV
Now, write the number 11 in the Wonderland numeral system.",XI
cc5d037a,"In Alice's Wonderland, the gravitational constant has been secretly changed. Here are some example observations:
For t = 4.29s, distance = 121.86 m
For t = 2.06s, distance = 28.1 m
For t = 3.88s, distance = 99.68 m
Now, determine the falling distance for t = 4.51s given d = 0.5*g*t^2.",134.68
cc6a45f8,"In Alice's Wonderland, a secret unit conversion is applied to measurements. For example:
30.78 m becomes 38.88
27.27 m becomes 34.45
5.91 m becomes 7.47
33.27 m becomes 42.03
46.89 m becomes 59.23
Now, convert the following measurement: 22.12 m",27.94
cc716361,"In Alice's Wonderland, the gravitational constant has been secretly changed. Here are some example observations:
For t = 1.3s, distance = 4.78 m
For t = 2.8s, distance = 22.19 m
For t = 2.35s, distance = 15.63 m
Now, determine the falling distance for t = 2.95s given d = 0.5*g*t^2.",24.64
cc735e46,"In Alice's Wonderland, a secret set of transformation rules is applied to equations. Below are a few examples:
65(87 = (22
71(58 = (13
51`93 = 144
Now, determine the result for: 44:82",4482
cc7dd4ae,"In Alice's Wonderland, a secret bit manipulation rule transforms 8-bit binary numbers. The transformation involves operations like bit shifts, rotations, XOR, AND, OR, NOT, and possibly majority or choice functions.

Here are some examples of input -> output:
01010101 -> 01010111
10001110 -> 10100111
10100001 -> 00101000
01001010 -> 00000010
01010100 -> 00010101
00001100 -> 00000011
11010110 -> 00010101
00111101 -> 00000101
10011000 -> 00000110
11001100 -> 00100011

Now, determine the output for: 01111110",00000011
cc92d89f,"In Alice's Wonderland, a secret set of transformation rules is applied to equations. Below are a few examples:
^(-^( = >
^[+`[ = ^[`[
[[-(} = -|)
?""*([ = ""^)|
Now, determine the result for: ?|-""""",)[
cca64860,"In Alice's Wonderland, a secret set of transformation rules is applied to equations. Below are a few examples:
?$#&{ = ((){
$&#$^ = ""))&
)(#{? = )))]
!?#]? = ($^{
Now, determine the result for: ""!+??",(
cca882b8,"In Alice's Wonderland, a secret set of transformation rules is applied to equations. Below are a few examples:
>{`!{ = >{!#
{|$|| = '<!
[&${& = <'
Now, determine the result for: !{`>)",>)<|
cca9f6af,"In Alice's Wonderland, the gravitational constant has been secretly changed. Here are some example observations:
For t = 2.39s, distance = 26.96 m
For t = 3.99s, distance = 75.13 m
For t = 1.79s, distance = 15.12 m
For t = 1.79s, distance = 15.12 m
For t = 3.7s, distance = 64.61 m
Now, determine the falling distance for t = 4.08s given d = 0.5*g*t^2.",78.56
ccb53663,"In Alice's Wonderland, a secret unit conversion is applied to measurements. For example:
34.42 m becomes 34.12
30.47 m becomes 30.21
44.14 m becomes 43.76
Now, convert the following measurement: 27.48 m",27.24
ccbae35a,"In Alice's Wonderland, a secret unit conversion is applied to measurements. For example:
13.39 m becomes 22.06
28.14 m becomes 46.36
26.11 m becomes 43.01
Now, convert the following measurement: 29.58 m",48.73
cceeca1e,"In Alice's Wonderland, numbers are secretly converted into a different numeral system. Some examples are given below:
93 -> XCIII
52 -> LII
97 -> XCVII
81 -> LXXXI
Now, write the number 80 in the Wonderland numeral system.",LXXX
ccf02dee,"In Alice's Wonderland, a secret bit manipulation rule transforms 8-bit binary numbers. The transformation involves operations like bit shifts, rotations, XOR, AND, OR, NOT, and possibly majority or choice functions.

Here are some examples of input -> output:
00111000 -> 01001110
11010110 -> 11100111
11000100 -> 01010011
01000101 -> 01011111
10110101 -> 00111010
00001001 -> 10100101
01000100 -> 01010101
10100001 -> 10110010

Now, determine the output for: 11110101",10111001
ccf4b43c,"In Alice's Wonderland, a secret set of transformation rules is applied to equations. Below are a few examples:
^^+\# = ^^\#
%@+$% = %@$%
^?+?\ = ^??\
""#-\% = -!!
$@*@$ = $!&@
Now, determine the result for: @""-!?",-%#
ccfd3fe3,"In Alice's Wonderland, a secret bit manipulation rule transforms 8-bit binary numbers. The transformation involves operations like bit shifts, rotations, XOR, AND, OR, NOT, and possibly majority or choice functions.

Here are some examples of input -> output:
00001101 -> 11010011
01110101 -> 01011101
11101001 -> 11111010
11111011 -> 11111110
01000000 -> 00010000
01011101 -> 11010111
01010011 -> 11110100

Now, determine the output for: 01001011",11110010
cd1280b0,"In Alice's Wonderland, a secret unit conversion is applied to measurements. For example:
42.56 m becomes 38.19
20.34 m becomes 18.25
23.88 m becomes 21.43
Now, convert the following measurement: 15.53 m",13.93
cd1c5cc3,"In Alice's Wonderland, a secret set of transformation rules is applied to equations. Below are a few examples:
#]*|# = #]|#
#!*]| = #!]|
>|*|! = >||!
Now, determine the result for: ``-]:",!`
cd2e20b9,"In Alice's Wonderland, a secret set of transformation rules is applied to equations. Below are a few examples:
>%*{` = /]/
%{+/` = `}
%/+>} = ""``
Now, determine the result for: >>+{`",||`
cd581510,"In Alice's Wonderland, numbers are secretly converted into a different numeral system. Some examples are given below:
24 -> XXIV
60 -> LX
5 -> V
76 -> LXXVI
Now, write the number 13 in the Wonderland numeral system.",XIII
cd5e23c7,"In Alice's Wonderland, a secret set of transformation rules is applied to equations. Below are a few examples:
%#}%' = !!
{<`]{ = &
!)`#] = '#
#&|^# = {{#&
Now, determine the result for: <%}{#",]{&
cd7b5aed,"In Alice's Wonderland, a secret unit conversion is applied to measurements. For example:
10.04 m becomes 17.46
28.22 m becomes 49.08
24.86 m becomes 43.23
44.91 m becomes 78.10
44.29 m becomes 77.02
Now, convert the following measurement: 14.74 m",25.63
cd84db78,"In Alice's Wonderland, a secret unit conversion is applied to measurements. For example:
16.81 m becomes 21.85
44.65 m becomes 58.04
26.41 m becomes 34.33
33.52 m becomes 43.58
14.1 m becomes 18.33
Now, convert the following measurement: 22.63 m",29.42
cd9c0930,"In Alice's Wonderland, the gravitational constant has been secretly changed. Here are some example observations:
For t = 3.22s, distance = 60.58 m
For t = 2.86s, distance = 47.79 m
For t = 3.06s, distance = 54.71 m
For t = 3.35s, distance = 65.57 m
For t = 1.73s, distance = 17.49 m
Now, determine the falling distance for t = 3.08s given d = 0.5*g*t^2.",55.43
cda3796e,"In Alice's Wonderland, a secret unit conversion is applied to measurements. For example:
37.73 m becomes 69.99
23.28 m becomes 43.18
37.47 m becomes 69.51
Now, convert the following measurement: 25.11 m",46.58
cda551e4,"In Alice's Wonderland, numbers are secretly converted into a different numeral system. Some examples are given below:
55 -> LV
43 -> XLIII
39 -> XXXIX
Now, write the number 27 in the Wonderland numeral system.",XXVII
cdc86263,"In Alice's Wonderland, numbers are secretly converted into a different numeral system. Some examples are given below:
63 -> LXIII
87 -> LXXXVII
24 -> XXIV
Now, write the number 38 in the Wonderland numeral system.",XXXVIII
cde140d3,"In Alice's Wonderland, a secret unit conversion is applied to measurements. For example:
38.99 m becomes 32.59
7.01 m becomes 5.86
11.97 m becomes 10.00
32.86 m becomes 27.46
43.78 m becomes 36.59
Now, convert the following measurement: 29.86 m",24.96
cde6cc3c,"In Alice's Wonderland, the gravitational constant has been secretly changed. Here are some example observations:
For t = 1.59s, distance = 23.88 m
For t = 1.01s, distance = 9.64 m
For t = 2.28s, distance = 49.11 m
For t = 1.0s, distance = 9.45 m
For t = 3.59s, distance = 121.76 m
Now, determine the falling distance for t = 1.94s given d = 0.5*g*t^2.",35.56
cdec898a,"In Alice's Wonderland, a secret set of transformation rules is applied to equations. Below are a few examples:
)>-}] = -<%
%`-/` = /
`>+%/ = )?
<}+)] = }?/
Now, determine the result for: >}+]?",<?/
ce00ffe4,"In Alice's Wonderland, a secret bit manipulation rule transforms 8-bit binary numbers. The transformation involves operations like bit shifts, rotations, XOR, AND, OR, NOT, and possibly majority or choice functions.

Here are some examples of input -> output:
00011000 -> 00100000
01111101 -> 11111110
10010011 -> 00000110
10011100 -> 00110001
01001011 -> 00001100
11000110 -> 00011000
00101010 -> 00000100

Now, determine the output for: 11111000",11110001
ce140627,"In Alice's Wonderland, numbers are secretly converted into a different numeral system. Some examples are given below:
28 -> XXVIII
75 -> LXXV
31 -> XXXI
Now, write the number 17 in the Wonderland numeral system.",XVII
ce1e1f23,"In Alice's Wonderland, the gravitational constant has been secretly changed. Here are some example observations:
For t = 4.15s, distance = 77.84 m
For t = 4.34s, distance = 85.13 m
For t = 4.68s, distance = 99.0 m
For t = 3.44s, distance = 53.49 m
Now, determine the falling distance for t = 4.17s given d = 0.5*g*t^2.",78.6
ce2e0e08,"In Alice's Wonderland, the gravitational constant has been secretly changed. Here are some example observations:
For t = 4.74s, distance = 194.61 m
For t = 4.72s, distance = 192.97 m
For t = 2.52s, distance = 55.0 m
For t = 3.01s, distance = 78.48 m
Now, determine the falling distance for t = 2.9s given d = 0.5*g*t^2.",72.84
ce7138bf,"In Alice's Wonderland, a secret set of transformation rules is applied to equations. Below are a few examples:
34|42 = 75
65[10 = 650
78[97 = 7566
95%35 = 25
65[18 = 1170
Now, determine the result for: 75%24",3
ce90a920,"In Alice's Wonderland, the gravitational constant has been secretly changed. Here are some example observations:
For t = 3.6s, distance = 64.53 m
For t = 2.64s, distance = 34.7 m
For t = 3.72s, distance = 68.9 m
For t = 3.86s, distance = 74.19 m
For t = 3.63s, distance = 65.61 m
Now, determine the falling distance for t = 1.54s given d = 0.5*g*t^2.",11.81
cead963f,"In Alice's Wonderland, numbers are secretly converted into a different numeral system. Some examples are given below:
85 -> LXXXV
34 -> XXXIV
88 -> LXXXVIII
27 -> XXVII
Now, write the number 34 in the Wonderland numeral system.",XXXIV
ceb69396,"In Alice's Wonderland, the gravitational constant has been secretly changed. Here are some example observations:
For t = 2.71s, distance = 62.93 m
For t = 2.78s, distance = 66.22 m
For t = 1.5s, distance = 19.28 m
For t = 2.82s, distance = 68.14 m
For t = 4.67s, distance = 186.88 m
Now, determine the falling distance for t = 4.77s given d = 0.5*g*t^2.",194.97
cef4c8a9,"In Alice's Wonderland, a secret set of transformation rules is applied to equations. Below are a few examples:
`]*{[ = [[{
`[*"""" = )\`]
]`+[{ = )>]
((*]# = (""{>
Now, determine the result for: [{-##",]`
cef50c24,"In Alice's Wonderland, a secret set of transformation rules is applied to equations. Below are a few examples:
/<}<! = /#&/
?/}`` = ?</
<{$#< = `)
/)}""< = )""{#
{`$?! = )?
Now, determine the result for: `<$`/",?
cf06a7ce,"In Alice's Wonderland, numbers are secretly converted into a different numeral system. Some examples are given below:
96 -> XCVI
94 -> XCIV
31 -> XXXI
19 -> XIX
Now, write the number 80 in the Wonderland numeral system.",LXXX
cf26d29e,"In Alice's Wonderland, numbers are secretly converted into a different numeral system. Some examples are given below:
83 -> LXXXIII
95 -> XCV
100 -> C
42 -> XLII
Now, write the number 75 in the Wonderland numeral system.",LXXV
cf2a4028,"In Alice's Wonderland, a secret set of transformation rules is applied to equations. Below are a few examples:
""}+&} = :"":
/}+[& = ::!
!!*}& = [>[(
Now, determine the result for: ([*&:","!""{{"
cf3629fc,"In Alice's Wonderland, a secret bit manipulation rule transforms 8-bit binary numbers. The transformation involves operations like bit shifts, rotations, XOR, AND, OR, NOT, and possibly majority or choice functions.

Here are some examples of input -> output:
01101000 -> 01100011
00001110 -> 01000000
00110110 -> 00111001
00111110 -> 00011001
00111000 -> 00000001
10101010 -> 01010101
11100110 -> 00110111

Now, determine the output for: 10010111",11101000
cf49ae7a,"In Alice's Wonderland, numbers are secretly converted into a different numeral system. Some examples are given below:
29 -> XXIX
75 -> LXXV
96 -> XCVI
14 -> XIV
Now, write the number 97 in the Wonderland numeral system.",XCVII
cf4c04c0,"In Alice's Wonderland, a secret set of transformation rules is applied to equations. Below are a few examples:
${*#{ = '@@{
'{*[[ = $:/[
{$-[# = |(
|:-[: = (
([*:[ = /(:
Now, determine the result for: @|-#|",-[
cf4de024,"In Alice's Wonderland, numbers are secretly converted into a different numeral system. Some examples are given below:
5 -> V
63 -> LXIII
73 -> LXXIII
81 -> LXXXI
Now, write the number 61 in the Wonderland numeral system.",LXI
cf5b4ab4,"In Alice's Wonderland, a secret bit manipulation rule transforms 8-bit binary numbers. The transformation involves operations like bit shifts, rotations, XOR, AND, OR, NOT, and possibly majority or choice functions.

Here are some examples of input -> output:
00101100 -> 00010110
01111111 -> 00111111
11000011 -> 11100001
00011101 -> 00001110
01000001 -> 10100000
00110100 -> 00011010
11011000 -> 01101100
00111010 -> 00011101

Now, determine the output for: 11011001",11101100
cf684dbe,"In Alice's Wonderland, the gravitational constant has been secretly changed. Here are some example observations:
For t = 4.99s, distance = 152.84 m
For t = 3.24s, distance = 64.43 m
For t = 1.62s, distance = 16.11 m
For t = 4.38s, distance = 117.75 m
Now, determine the falling distance for t = 3.35s given d = 0.5*g*t^2.",68.88
cf6dcfce,"In Alice's Wonderland, numbers are secretly converted into a different numeral system. Some examples are given below:
52 -> LII
83 -> LXXXIII
45 -> XLV
19 -> XIX
18 -> XVIII
Now, write the number 51 in the Wonderland numeral system.",LI
cf79c10e,"In Alice's Wonderland, a secret set of transformation rules is applied to equations. Below are a few examples:
)}-]> = &?
()-<) = &{
]}\)> = (<<&
??[}< = #)
Now, determine the result for: >]-#>",?(
cf7a503e,"In Alice's Wonderland, the gravitational constant has been secretly changed. Here are some example observations:
For t = 3.74s, distance = 67.81 m
For t = 1.08s, distance = 5.65 m
For t = 4.83s, distance = 113.1 m
Now, determine the falling distance for t = 2.41s given d = 0.5*g*t^2.",28.16
cf84c023,"In Alice's Wonderland, a secret set of transformation rules is applied to equations. Below are a few examples:
78]94 = 7331
23*98 = *75
93]42 = 3905
Now, determine the result for: 45*32",13
cf8f0b16,"In Alice's Wonderland, numbers are secretly converted into a different numeral system. Some examples are given below:
71 -> LXXI
35 -> XXXV
1 -> I
Now, write the number 12 in the Wonderland numeral system.",XII
cfc594f6,"In Alice's Wonderland, a secret unit conversion is applied to measurements. For example:
13.05 m becomes 20.08
18.69 m becomes 28.75
12.49 m becomes 19.21
12.21 m becomes 18.78
Now, convert the following measurement: 36.5 m",56.15
cfc7103b,"In Alice's Wonderland, a secret unit conversion is applied to measurements. For example:
38.87 m becomes 72.89
36.71 m becomes 68.84
11.94 m becomes 22.39
Now, convert the following measurement: 15.53 m",29.12
cfd312b1,"In Alice's Wonderland, a secret set of transformation rules is applied to equations. Below are a few examples:
&'-[$ = -:{
:?*/: = {\&[
'$*&' = &:[:
$(-?[ = -&{
Now, determine the result for: ?(*{?",{[\?
cfe3c50f,"In Alice's Wonderland, numbers are secretly converted into a different numeral system. Some examples are given below:
12 -> XII
19 -> XIX
86 -> LXXXVI
Now, write the number 68 in the Wonderland numeral system.",LXVIII
cfebd5f8,"In Alice's Wonderland, the gravitational constant has been secretly changed. Here are some example observations:
For t = 1.98s, distance = 23.58 m
For t = 1.56s, distance = 14.64 m
For t = 2.74s, distance = 45.16 m
Now, determine the falling distance for t = 4.72s given d = 0.5*g*t^2.",134.0
d03223ca,"In Alice's Wonderland, a secret bit manipulation rule transforms 8-bit binary numbers. The transformation involves operations like bit shifts, rotations, XOR, AND, OR, NOT, and possibly majority or choice functions.

Here are some examples of input -> output:
11100011 -> 00011110
11100111 -> 00011110
00001000 -> 00000000
01111001 -> 11001011
10000111 -> 00011100
10111001 -> 01010111
11010011 -> 10011110

Now, determine the output for: 10100111",00011100
d04a6603,"In Alice's Wonderland, numbers are secretly converted into a different numeral system. Some examples are given below:
28 -> XXVIII
25 -> XXV
18 -> XVIII
5 -> V
Now, write the number 34 in the Wonderland numeral system.",XXXIV
d065968c,"In Alice's Wonderland, a secret bit manipulation rule transforms 8-bit binary numbers. The transformation involves operations like bit shifts, rotations, XOR, AND, OR, NOT, and possibly majority or choice functions.

Here are some examples of input -> output:
00100000 -> 10101111
11100011 -> 11111000
11100010 -> 01111010
11111011 -> 11001010
01101110 -> 00001111
10010010 -> 10110110
01110100 -> 00110101
11010100 -> 00011101

Now, determine the output for: 11011111",10011001
d069bd12,"In Alice's Wonderland, the gravitational constant has been secretly changed. Here are some example observations:
For t = 3.43s, distance = 35.0 m
For t = 2.44s, distance = 17.71 m
For t = 4.9s, distance = 71.42 m
For t = 4.59s, distance = 62.67 m
Now, determine the falling distance for t = 1.57s given d = 0.5*g*t^2.",7.33
d082bc99,"In Alice's Wonderland, numbers are secretly converted into a different numeral system. Some examples are given below:
31 -> XXXI
1 -> I
78 -> LXXVIII
11 -> XI
65 -> LXV
Now, write the number 85 in the Wonderland numeral system.",LXXXV
d096a492,"In Alice's Wonderland, a secret set of transformation rules is applied to equations. Below are a few examples:
23*15 = 2361
85*01 = 085
71*68 = 2641
99+55 = 5599
Now, determine the result for: 98-33",-65
d09b7685,"In Alice's Wonderland, a secret unit conversion is applied to measurements. For example:
23.35 m becomes 43.76
39.38 m becomes 73.79
34.28 m becomes 64.24
Now, convert the following measurement: 19.75 m",37.01
d0a6832f,"In Alice's Wonderland, the gravitational constant has been secretly changed. Here are some example observations:
For t = 2.89s, distance = 34.53 m
For t = 1.2s, distance = 5.95 m
For t = 3.65s, distance = 55.07 m
For t = 2.67s, distance = 29.47 m
Now, determine the falling distance for t = 4.33s given d = 0.5*g*t^2.",77.5
d0b08b79,"In Alice's Wonderland, the gravitational constant has been secretly changed. Here are some example observations:
For t = 3.45s, distance = 108.88 m
For t = 4.45s, distance = 181.14 m
For t = 4.52s, distance = 186.89 m
For t = 3.91s, distance = 139.85 m
Now, determine the falling distance for t = 3.45s given d = 0.5*g*t^2.",108.88
d0b6dc53,"In Alice's Wonderland, a secret unit conversion is applied to measurements. For example:
29.73 m becomes 54.76
11.18 m becomes 20.59
37.5 m becomes 69.08
43.77 m becomes 80.63
Now, convert the following measurement: 6.26 m",11.53
d0c0712f,"In Alice's Wonderland, numbers are secretly converted into a different numeral system. Some examples are given below:
13 -> XIII
78 -> LXXVIII
75 -> LXXV
65 -> LXV
Now, write the number 96 in the Wonderland numeral system.",XCVI
d0dd2df7,"In Alice's Wonderland, the gravitational constant has been secretly changed. Here are some example observations:
For t = 3.45s, distance = 51.22 m
For t = 1.71s, distance = 12.58 m
For t = 1.15s, distance = 5.69 m
Now, determine the falling distance for t = 1.93s given d = 0.5*g*t^2.",16.03
d0def878,"In Alice's Wonderland, the gravitational constant has been secretly changed. Here are some example observations:
For t = 1.92s, distance = 22.86 m
For t = 1.02s, distance = 6.45 m
For t = 3.24s, distance = 65.1 m
Now, determine the falling distance for t = 4.54s given d = 0.5*g*t^2.",127.82
d0e1010b,"In Alice's Wonderland, a secret set of transformation rules is applied to equations. Below are a few examples:
''+^> = !^&
>^+>! = !%^
'#*>| = >}&$
^'*%| = !$^#
Now, determine the result for: |&*$|",!&&}
d1080c04,"In Alice's Wonderland, a secret unit conversion is applied to measurements. For example:
19.63 m becomes 21.88
10.87 m becomes 12.12
46.4 m becomes 51.72
39.63 m becomes 44.17
Now, convert the following measurement: 42.04 m",46.86
d10efb1f,"In Alice's Wonderland, numbers are secretly converted into a different numeral system. Some examples are given below:
11 -> XI
67 -> LXVII
24 -> XXIV
60 -> LX
Now, write the number 20 in the Wonderland numeral system.",XX
d1141de1,"In Alice's Wonderland, numbers are secretly converted into a different numeral system. Some examples are given below:
51 -> LI
98 -> XCVIII
69 -> LXIX
87 -> LXXXVII
85 -> LXXXV
Now, write the number 17 in the Wonderland numeral system.",XVII
d129b085,"In Alice's Wonderland, a secret set of transformation rules is applied to equations. Below are a few examples:
@\+!"" = `$$
#\+>! = \@
<@*>"" = @#`]
!]*@] = #>``
Now, determine the result for: !>+`""",##$
d13302ca,"In Alice's Wonderland, a secret bit manipulation rule transforms 8-bit binary numbers. The transformation involves operations like bit shifts, rotations, XOR, AND, OR, NOT, and possibly majority or choice functions.

Here are some examples of input -> output:
11010010 -> 01001010
00011000 -> 00000011
01100010 -> 01011100
11010001 -> 00111010
00011010 -> 00000011
00000110 -> 11000000
01100111 -> 11110100
10001101 -> 11010001
11001011 -> 01100001
00100010 -> 01010100

Now, determine the output for: 11101101",11110101
d13e92ec,"In Alice's Wonderland, a secret set of transformation rules is applied to equations. Below are a few examples:
$^*&^ = $^&^
@$+]$ = @$]$
?`-&! = -?[
&&+?! = &&?!
!$-$! = ?@
Now, determine the result for: @^-![",?&
d155a508,"In Alice's Wonderland, a secret bit manipulation rule transforms 8-bit binary numbers. The transformation involves operations like bit shifts, rotations, XOR, AND, OR, NOT, and possibly majority or choice functions.

Here are some examples of input -> output:
11010011 -> 00100111
00110001 -> 10111011
11000001 -> 01000111
01101111 -> 11001111
00000000 -> 11111111
11110111 -> 11101111
11000100 -> 11101111

Now, determine the output for: 11001001",01010110
d17632d2,"In Alice's Wonderland, a secret set of transformation rules is applied to equations. Below are a few examples:
41<21 = 2
53&51 = 525
23&09 = 0882
25<51 = 7
Now, determine the result for: 38\29",571
d17d3a7a,"In Alice's Wonderland, a secret set of transformation rules is applied to equations. Below are a few examples:
29-52 = 76
18>29 = 2918
55>11 = 1155
Now, determine the result for: 66-67",-01
d19be23b,"In Alice's Wonderland, numbers are secretly converted into a different numeral system. Some examples are given below:
93 -> XCIII
39 -> XXXIX
30 -> XXX
52 -> LII
Now, write the number 12 in the Wonderland numeral system.",XII
d1bd7478,"In Alice's Wonderland, a secret set of transformation rules is applied to equations. Below are a few examples:
89$90 = 8010
88:77 = 11
10|87 = 98
41|87 = 129
Now, determine the result for: 37:67",30
d1c3ed77,"In Alice's Wonderland, a secret bit manipulation rule transforms 8-bit binary numbers. The transformation involves operations like bit shifts, rotations, XOR, AND, OR, NOT, and possibly majority or choice functions.

Here are some examples of input -> output:
11100101 -> 11111100
01100010 -> 11111110
00001100 -> 11111111
11001010 -> 11111101
00000000 -> 11111111
10110110 -> 11111111
11110011 -> 11111110

Now, determine the output for: 01000010",11111110
d1c6beb0,"In Alice's Wonderland, a secret set of transformation rules is applied to equations. Below are a few examples:
))})% = })
|\?'> = '%[|
/>`/{ = [{'
Now, determine the result for: \\`%'",|/
d1f80c94,"In Alice's Wonderland, numbers are secretly converted into a different numeral system. Some examples are given below:
78 -> LXXVIII
92 -> XCII
73 -> LXXIII
2 -> II
Now, write the number 75 in the Wonderland numeral system.",LXXV
d211d3f8,"In Alice's Wonderland, the gravitational constant has been secretly changed. Here are some example observations:
For t = 4.4s, distance = 60.69 m
For t = 3.69s, distance = 42.68 m
For t = 3.89s, distance = 47.44 m
Now, determine the falling distance for t = 1.25s given d = 0.5*g*t^2.",4.9
d2198656,"In Alice's Wonderland, numbers are secretly converted into a different numeral system. Some examples are given below:
64 -> LXIV
70 -> LXX
48 -> XLVIII
3 -> III
Now, write the number 66 in the Wonderland numeral system.",LXVI
d22f2d08,"In Alice's Wonderland, a secret set of transformation rules is applied to equations. Below are a few examples:
97*75 = 22
73?77 = 151
89[83 = 7386
Now, determine the result for: 47*73",*26
d23b8633,"In Alice's Wonderland, the gravitational constant has been secretly changed. Here are some example observations:
For t = 3.59s, distance = 82.4 m
For t = 2.01s, distance = 25.83 m
For t = 3.0s, distance = 57.54 m
Now, determine the falling distance for t = 1.27s given d = 0.5*g*t^2.",10.31
d23f4166,"In Alice's Wonderland, a secret set of transformation rules is applied to equations. Below are a few examples:
{]-{{ = )
}@*>> = })]|
)>->] = {@
Now, determine the result for: '}*{@",{|)@
d2503f8b,"In Alice's Wonderland, a secret bit manipulation rule transforms 8-bit binary numbers. The transformation involves operations like bit shifts, rotations, XOR, AND, OR, NOT, and possibly majority or choice functions.

Here are some examples of input -> output:
00100111 -> 00100110
10110110 -> 11011110
00101000 -> 10111111
00101010 -> 10111011
00110001 -> 00000111
00001101 -> 01100011
00011110 -> 11001111
01100011 -> 10001100
01110100 -> 00100111
00000000 -> 11111111

Now, determine the output for: 11010010",00111010
d250fcc5,"In Alice's Wonderland, a secret set of transformation rules is applied to equations. Below are a few examples:
%{*!) = }''{
?)*)) = }'<)
%)*)% = {?!%
<{-)? = ?""
Now, determine the result for: '&-)<",<%
d25a49a0,"In Alice's Wonderland, a secret set of transformation rules is applied to equations. Below are a few examples:
}""+?"" = |{
""?-|? = &
{{*{/ = ^{${
|""*^^ = {/&
Now, determine the result for: &{-{|",}}
d26cb122,"In Alice's Wonderland, numbers are secretly converted into a different numeral system. Some examples are given below:
2 -> II
47 -> XLVII
95 -> XCV
66 -> LXVI
80 -> LXXX
Now, write the number 2 in the Wonderland numeral system.",II
d29e19a4,"In Alice's Wonderland, a secret set of transformation rules is applied to equations. Below are a few examples:
>&]?\ = ]&:
?}$|? = #}:
&}$>} = ?\
|\+?| = |^#|
Now, determine the result for: |'$>'",?|
d29f786b,"In Alice's Wonderland, numbers are secretly converted into a different numeral system. Some examples are given below:
98 -> XCVIII
98 -> XCVIII
61 -> LXI
38 -> XXXVIII
24 -> XXIV
Now, write the number 79 in the Wonderland numeral system.",LXXIX
d2b97186,"In Alice's Wonderland, numbers are secretly converted into a different numeral system. Some examples are given below:
75 -> LXXV
10 -> X
6 -> VI
Now, write the number 96 in the Wonderland numeral system.",XCVI
d2fe9d04,"In Alice's Wonderland, a secret set of transformation rules is applied to equations. Below are a few examples:
\):>\ = >/)|
%\`""> = `|""
\/+\) = \/\)
Now, determine the result for: >%:<""",)})
d2ff6b6f,"In Alice's Wonderland, numbers are secretly converted into a different numeral system. Some examples are given below:
83 -> LXXXIII
15 -> XV
21 -> XXI
Now, write the number 44 in the Wonderland numeral system.",XLIV
d3092ac1,"In Alice's Wonderland, a secret set of transformation rules is applied to equations. Below are a few examples:
43*39 = 1613
29*41 = 7821
36*02 = 9521
67-44 = 23
16*99 = 8306
Now, determine the result for: 92-63",-7
d34446f5,"In Alice's Wonderland, the gravitational constant has been secretly changed. Here are some example observations:
For t = 4.65s, distance = 117.72 m
For t = 3.75s, distance = 76.56 m
For t = 3.47s, distance = 65.55 m
Now, determine the falling distance for t = 4.55s given d = 0.5*g*t^2.",112.71
d3461858,"In Alice's Wonderland, numbers are secretly converted into a different numeral system. Some examples are given below:
40 -> XL
53 -> LIII
34 -> XXXIV
28 -> XXVIII
Now, write the number 23 in the Wonderland numeral system.",XXIII
d350828e,"In Alice's Wonderland, a secret set of transformation rules is applied to equations. Below are a few examples:
?>#""> = {|
/|#(| = ""|
<""[}! = ((>
}"":>/ = !//|
!>[""| = >>
Now, determine the result for: /{:""|",}!||
d352064b,"In Alice's Wonderland, a secret unit conversion is applied to measurements. For example:
21.89 m becomes 29.87
31.51 m becomes 43.00
39.89 m becomes 54.44
7.43 m becomes 10.14
Now, convert the following measurement: 33.96 m",46.34
d3552bf9,"In Alice's Wonderland, the gravitational constant has been secretly changed. Here are some example observations:
For t = 3.31s, distance = 74.87 m
For t = 1.01s, distance = 6.97 m
For t = 4.83s, distance = 159.42 m
For t = 3.01s, distance = 61.91 m
For t = 3.18s, distance = 69.1 m
Now, determine the falling distance for t = 1.27s given d = 0.5*g*t^2.",11.02
d3926533,"In Alice's Wonderland, numbers are secretly converted into a different numeral system. Some examples are given below:
57 -> LVII
45 -> XLV
78 -> LXXVIII
77 -> LXXVII
65 -> LXV
Now, write the number 43 in the Wonderland numeral system.",XLIII
d3a291ee,"In Alice's Wonderland, numbers are secretly converted into a different numeral system. Some examples are given below:
71 -> LXXI
60 -> LX
74 -> LXXIV
48 -> XLVIII
42 -> XLII
Now, write the number 6 in the Wonderland numeral system.",VI
d3c1d2fb,"In Alice's Wonderland, a secret set of transformation rules is applied to equations. Below are a few examples:
{]!%/ = %""!
"":!#: = /
^^>:/ = (((
Now, determine the result for: ^:!]#",)/
d3c2eac5,"In Alice's Wonderland, the gravitational constant has been secretly changed. Here are some example observations:
For t = 2.79s, distance = 72.8 m
For t = 2.56s, distance = 61.29 m
For t = 2.75s, distance = 70.73 m
For t = 1.14s, distance = 12.15 m
For t = 1.38s, distance = 17.81 m
Now, determine the falling distance for t = 3.88s given d = 0.5*g*t^2.",140.8
d3d30b86,"In Alice's Wonderland, a secret set of transformation rules is applied to equations. Below are a few examples:
%?*$"" = )$
?)*?) = }""
$)+<% = }%!}
Now, determine the result for: !?+!$",!!$
d3f8c793,"In Alice's Wonderland, the gravitational constant has been secretly changed. Here are some example observations:
For t = 2.76s, distance = 23.8 m
For t = 4.21s, distance = 55.38 m
For t = 2.88s, distance = 25.92 m
For t = 4.71s, distance = 69.32 m
For t = 1.32s, distance = 5.44 m
Now, determine the falling distance for t = 4.03s given d = 0.5*g*t^2.",50.75
d407570e,"In Alice's Wonderland, a secret set of transformation rules is applied to equations. Below are a few examples:
}|+#| = |%|
()+|( = |||
!|+|% = '%
#|+^' = ||'
Now, determine the result for: (^*#&",)}}&
d4377d71,"In Alice's Wonderland, the gravitational constant has been secretly changed. Here are some example observations:
For t = 3.8s, distance = 90.74 m
For t = 3.25s, distance = 66.38 m
For t = 1.49s, distance = 13.95 m
For t = 4.23s, distance = 112.44 m
For t = 3.08s, distance = 59.61 m
Now, determine the falling distance for t = 2.25s given d = 0.5*g*t^2.",31.81
d45dc67f,"In Alice's Wonderland, a secret set of transformation rules is applied to equations. Below are a few examples:
{?:'@ = ?
{!:%' = (%
%|""(| = (('(
`?""?% = ]!`@
!(:?% = '{
Now, determine the result for: %|}|'",(%(
d46f3a25,"In Alice's Wonderland, a secret bit manipulation rule transforms 8-bit binary numbers. The transformation involves operations like bit shifts, rotations, XOR, AND, OR, NOT, and possibly majority or choice functions.

Here are some examples of input -> output:
00110001 -> 01000110
10000011 -> 00000100
00111001 -> 01100110
01110100 -> 11001000
10100010 -> 00000100
00100001 -> 00000100
01110101 -> 11001110
01000011 -> 00001100
11101011 -> 10011101
01000001 -> 00000000

Now, determine the output for: 00010010",00000000
d480fabc,"In Alice's Wonderland, numbers are secretly converted into a different numeral system. Some examples are given below:
90 -> XC
34 -> XXXIV
65 -> LXV
Now, write the number 13 in the Wonderland numeral system.",XIII
d48fd9b2,"In Alice's Wonderland, numbers are secretly converted into a different numeral system. Some examples are given below:
84 -> LXXXIV
58 -> LVIII
40 -> XL
Now, write the number 33 in the Wonderland numeral system.",XXXIII
d49d2838,"In Alice's Wonderland, numbers are secretly converted into a different numeral system. Some examples are given below:
70 -> LXX
92 -> XCII
87 -> LXXXVII
67 -> LXVII
14 -> XIV
Now, write the number 73 in the Wonderland numeral system.",LXXIII
d4b08884,"In Alice's Wonderland, a secret set of transformation rules is applied to equations. Below are a few examples:
10$38 = 8
46@33 = 1518
95[44 = 138
37@53 = 1961
Now, determine the result for: 80$13",2
d4d4a2c2,"In Alice's Wonderland, the gravitational constant has been secretly changed. Here are some example observations:
For t = 2.63s, distance = 56.96 m
For t = 3.13s, distance = 80.68 m
For t = 2.02s, distance = 33.6 m
Now, determine the falling distance for t = 4.75s given d = 0.5*g*t^2.",185.8
d50a479c,"In Alice's Wonderland, the gravitational constant has been secretly changed. Here are some example observations:
For t = 3.35s, distance = 58.37 m
For t = 2.27s, distance = 26.8 m
For t = 2.08s, distance = 22.5 m
Now, determine the falling distance for t = 2.09s given d = 0.5*g*t^2.",22.72
d5142ee5,"In Alice's Wonderland, a secret unit conversion is applied to measurements. For example:
9.98 m becomes 19.83
5.94 m becomes 11.81
48.34 m becomes 96.07
32.16 m becomes 63.92
20.13 m becomes 40.01
Now, convert the following measurement: 47.29 m",93.99
d52d0c62,"In Alice's Wonderland, a secret unit conversion is applied to measurements. For example:
18.69 m becomes 22.05
24.31 m becomes 28.68
48.14 m becomes 56.79
48.74 m becomes 57.50
Now, convert the following measurement: 15.37 m",18.13
d546fd90,"In Alice's Wonderland, a secret set of transformation rules is applied to equations. Below are a few examples:
^^\?? = %%
?<+:` = }?}^
:?+?^ = }^?%
Now, determine the result for: ]?\:<",\]@
d54f5b26,"In Alice's Wonderland, the gravitational constant has been secretly changed. Here are some example observations:
For t = 4.44s, distance = 183.6 m
For t = 4.9s, distance = 223.62 m
For t = 1.94s, distance = 35.05 m
For t = 1.93s, distance = 34.69 m
For t = 4.33s, distance = 174.62 m
Now, determine the falling distance for t = 4.71s given d = 0.5*g*t^2.",206.61
d5602cc5,"In Alice's Wonderland, a secret set of transformation rules is applied to equations. Below are a few examples:
[[*#\ = %{!\
)[-## = {%
[)-%# = #{
Now, determine the result for: {<-#(",(%
d56a1b4c,"In Alice's Wonderland, a secret set of transformation rules is applied to equations. Below are a few examples:
&&]{> = "":]
>&*%| = &/{{
$!]$& = /$
Now, determine the result for: %&#$>","{/"""
d56a5588,"In Alice's Wonderland, a secret unit conversion is applied to measurements. For example:
5.03 m becomes 7.17
17.79 m becomes 25.34
41.59 m becomes 59.25
Now, convert the following measurement: 20.86 m",29.72
d570c63b,"In Alice's Wonderland, numbers are secretly converted into a different numeral system. Some examples are given below:
54 -> LIV
34 -> XXXIV
63 -> LXIII
Now, write the number 70 in the Wonderland numeral system.",LXX
d58269de,"In Alice's Wonderland, numbers are secretly converted into a different numeral system. Some examples are given below:
48 -> XLVIII
32 -> XXXII
33 -> XXXIII
Now, write the number 66 in the Wonderland numeral system.",LXVI
d582c492,"In Alice's Wonderland, a secret bit manipulation rule transforms 8-bit binary numbers. The transformation involves operations like bit shifts, rotations, XOR, AND, OR, NOT, and possibly majority or choice functions.

Here are some examples of input -> output:
11110010 -> 10111110
10100101 -> 01010110
11110011 -> 10111110
01111111 -> 11111111
11000000 -> 11111001
01110010 -> 10101110
11010001 -> 00111111
11011000 -> 01011011
11101110 -> 00111101
10111111 -> 11111111

Now, determine the output for: 10010101",00010111
d58f81ad,"In Alice's Wonderland, numbers are secretly converted into a different numeral system. Some examples are given below:
92 -> XCII
21 -> XXI
56 -> LVI
100 -> C
Now, write the number 55 in the Wonderland numeral system.",LV
d5a03a2e,"In Alice's Wonderland, a secret set of transformation rules is applied to equations. Below are a few examples:
?{+&% = @/^
!?)>^ = &
@{`&/ = ?!{
^{`?? = &>
Now, determine the result for: """")&&",>>
d5ad5106,"In Alice's Wonderland, numbers are secretly converted into a different numeral system. Some examples are given below:
78 -> LXXVIII
56 -> LVI
77 -> LXXVII
96 -> XCVI
26 -> XXVI
Now, write the number 38 in the Wonderland numeral system.",XXXVIII
d5bf6bb9,"In Alice's Wonderland, numbers are secretly converted into a different numeral system. Some examples are given below:
5 -> V
89 -> LXXXIX
89 -> LXXXIX
2 -> II
68 -> LXVIII
Now, write the number 99 in the Wonderland numeral system.",XCIX
d5e5d7e1,"In Alice's Wonderland, a secret unit conversion is applied to measurements. For example:
22.49 m becomes 20.55
7.76 m becomes 7.09
46.57 m becomes 42.56
38.16 m becomes 34.87
28.41 m becomes 25.96
Now, convert the following measurement: 7.39 m",6.75
d600988d,"In Alice's Wonderland, a secret set of transformation rules is applied to equations. Below are a few examples:
<^*'"" = \\:
!""+""< = ''`
<|-""` = -|!
|:*:< = |!:!
`!+"": = '\""
Now, determine the result for: }:-\}",-<|
d61d6d58,"In Alice's Wonderland, numbers are secretly converted into a different numeral system. Some examples are given below:
13 -> XIII
3 -> III
94 -> XCIV
Now, write the number 61 in the Wonderland numeral system.",LXI
d62cf15d,"In Alice's Wonderland, the gravitational constant has been secretly changed. Here are some example observations:
For t = 2.07s, distance = 34.49 m
For t = 2.52s, distance = 51.12 m
For t = 4.64s, distance = 173.31 m
For t = 1.66s, distance = 22.18 m
Now, determine the falling distance for t = 3.41s given d = 0.5*g*t^2.",93.6
d662e6ef,"In Alice's Wonderland, numbers are secretly converted into a different numeral system. Some examples are given below:
57 -> LVII
58 -> LVIII
68 -> LXVIII
96 -> XCVI
Now, write the number 12 in the Wonderland numeral system.",XII
d66ea753,"In Alice's Wonderland, the gravitational constant has been secretly changed. Here are some example observations:
For t = 2.42s, distance = 46.21 m
For t = 3.42s, distance = 92.29 m
For t = 2.61s, distance = 53.75 m
For t = 2.28s, distance = 41.02 m
Now, determine the falling distance for t = 2.09s given d = 0.5*g*t^2.",34.46
d67cbe5f,"In Alice's Wonderland, a secret set of transformation rules is applied to equations. Below are a few examples:
>^*(' = >(?@
(^+/? = ^}
@}*'} = ''>)
^'-}{ = -?(
)(*?? = (@>/
Now, determine the result for: ?)-)@",'@
d696e9f4,"In Alice's Wonderland, a secret unit conversion is applied to measurements. For example:
5.39 m becomes 4.38
22.98 m becomes 18.67
23.64 m becomes 19.20
43.23 m becomes 35.12
Now, convert the following measurement: 15.87 m",12.89
d6baf5e6,"In Alice's Wonderland, a secret set of transformation rules is applied to equations. Below are a few examples:
64-01 = 63
73+48 = 221
65-42 = 23
21-72 = -51
78-25 = 53
Now, determine the result for: 87*69",7847
d6be4244,"In Alice's Wonderland, numbers are secretly converted into a different numeral system. Some examples are given below:
33 -> XXXIII
69 -> LXIX
28 -> XXVIII
Now, write the number 30 in the Wonderland numeral system.",XXX
d6be4b0e,"In Alice's Wonderland, the gravitational constant has been secretly changed. Here are some example observations:
For t = 1.3s, distance = 16.13 m
For t = 2.48s, distance = 58.69 m
For t = 2.25s, distance = 48.31 m
Now, determine the falling distance for t = 2.8s given d = 0.5*g*t^2.",74.81
d6ce6010,"In Alice's Wonderland, numbers are secretly converted into a different numeral system. Some examples are given below:
54 -> LIV
46 -> XLVI
14 -> XIV
77 -> LXXVII
28 -> XXVIII
Now, write the number 82 in the Wonderland numeral system.",LXXXII
d6f18fc8,"In Alice's Wonderland, a secret set of transformation rules is applied to equations. Below are a few examples:
[!*[! = [>}[
[(*`! = `[`(
&!*}[ = ??`|
|}*|? = }!&[
Now, determine the result for: ![-&}",-}
d7149bfd,"In Alice's Wonderland, a secret unit conversion is applied to measurements. For example:
9.86 m becomes 15.53
19.54 m becomes 30.77
21.73 m becomes 34.22
15.26 m becomes 24.03
10.78 m becomes 16.98
Now, convert the following measurement: 49.84 m",78.49
d719f427,"In Alice's Wonderland, the gravitational constant has been secretly changed. Here are some example observations:
For t = 4.31s, distance = 169.58 m
For t = 2.13s, distance = 41.42 m
For t = 1.23s, distance = 13.81 m
For t = 2.07s, distance = 39.12 m
For t = 2.16s, distance = 42.59 m
Now, determine the falling distance for t = 4.49s given d = 0.5*g*t^2.",184.04
d72c3779,"In Alice's Wonderland, a secret unit conversion is applied to measurements. For example:
43.87 m becomes 79.02
39.04 m becomes 70.32
9.03 m becomes 16.27
42.33 m becomes 76.25
16.99 m becomes 30.60
Now, convert the following measurement: 11.61 m",20.91
d732ecf9,"In Alice's Wonderland, a secret unit conversion is applied to measurements. For example:
19.93 m becomes 21.10
24.83 m becomes 26.28
13.62 m becomes 14.42
Now, convert the following measurement: 14.36 m",15.20
d73ef5bf,"In Alice's Wonderland, a secret set of transformation rules is applied to equations. Below are a few examples:
](%?\ = \|$
)?%|/ = \$/
'':'/ = ]/(^
^|:'^ = /'|^
'^*\\ = ]/
Now, determine the result for: /$%]/",\(|
d77e6fa6,"In Alice's Wonderland, the gravitational constant has been secretly changed. Here are some example observations:
For t = 4.43s, distance = 158.13 m
For t = 4.85s, distance = 189.54 m
For t = 3.09s, distance = 76.94 m
For t = 4.11s, distance = 136.11 m
For t = 4.54s, distance = 166.08 m
Now, determine the falling distance for t = 3.12s given d = 0.5*g*t^2.",78.44
d79d0cfd,"In Alice's Wonderland, numbers are secretly converted into a different numeral system. Some examples are given below:
15 -> XV
13 -> XIII
17 -> XVII
94 -> XCIV
Now, write the number 38 in the Wonderland numeral system.",XXXVIII
d7aec90d,"In Alice's Wonderland, a secret set of transformation rules is applied to equations. Below are a few examples:
^^+&! = \^\
\!*!: = <^::
%\*<$ = %\#\
Now, determine the result for: :!+\%",^>\
d7b7fe29,"In Alice's Wonderland, the gravitational constant has been secretly changed. Here are some example observations:
For t = 4.19s, distance = 141.46 m
For t = 4.01s, distance = 129.57 m
For t = 4.06s, distance = 132.82 m
Now, determine the falling distance for t = 3.34s given d = 0.5*g*t^2.",89.89
d7ba9244,"In Alice's Wonderland, numbers are secretly converted into a different numeral system. Some examples are given below:
13 -> XIII
72 -> LXXII
51 -> LI
32 -> XXXII
Now, write the number 21 in the Wonderland numeral system.",XXI
d7bcb4a6,"In Alice's Wonderland, a secret set of transformation rules is applied to equations. Below are a few examples:
>:@"": = {""}%
/""+]} = |>
}>@/} = |#%}
|/(|] = |/|]
Now, determine the result for: "">+>|",}{
d7d21615,"In Alice's Wonderland, numbers are secretly converted into a different numeral system. Some examples are given below:
100 -> C
53 -> LIII
53 -> LIII
81 -> LXXXI
14 -> XIV
Now, write the number 13 in the Wonderland numeral system.",XIII
d7dea2ba,"In Alice's Wonderland, a secret bit manipulation rule transforms 8-bit binary numbers. The transformation involves operations like bit shifts, rotations, XOR, AND, OR, NOT, and possibly majority or choice functions.

Here are some examples of input -> output:
10011100 -> 00100100
00010001 -> 01000100
00111000 -> 00000000
10000101 -> 00000100
01011101 -> 01010110
00000011 -> 00000000
01011100 -> 00010010
11000000 -> 00000000
10110010 -> 10001100
11011010 -> 00100110

Now, determine the output for: 01100000",00000000
d7e5414c,"In Alice's Wonderland, a secret set of transformation rules is applied to equations. Below are a few examples:
#@}<\ = @#@|
<""}\| = #@""|
[@}\# = [|\$
[<{@# = $\
@#}@` = |`$`
Now, determine the result for: #[}@[",|%\\
d809394c,"In Alice's Wonderland, a secret set of transformation rules is applied to equations. Below are a few examples:
20<92 = <72
69<83 = <14
48<31 = 17
Now, determine the result for: 90/99",9099
d8126121,"In Alice's Wonderland, a secret set of transformation rules is applied to equations. Below are a few examples:
`{+>\ = ""$
%\]`$ = >{{
\@]@> = >`\
(`]\\ = >\""
(\+(( = >
Now, determine the result for: \$)$\",$$(:
d83f2d20,"In Alice's Wonderland, numbers are secretly converted into a different numeral system. Some examples are given below:
29 -> XXIX
11 -> XI
44 -> XLIV
Now, write the number 6 in the Wonderland numeral system.",VI
d84a557a,"In Alice's Wonderland, a secret unit conversion is applied to measurements. For example:
23.42 m becomes 40.80
38.42 m becomes 66.94
26.2 m becomes 45.65
Now, convert the following measurement: 25.94 m",45.20
d86032a7,"In Alice's Wonderland, a secret unit conversion is applied to measurements. For example:
18.17 m becomes 25.07
12.79 m becomes 17.64
21.42 m becomes 29.55
Now, convert the following measurement: 26.56 m",36.64
d8798f2e,"In Alice's Wonderland, numbers are secretly converted into a different numeral system. Some examples are given below:
9 -> IX
41 -> XLI
36 -> XXXVI
63 -> LXIII
Now, write the number 86 in the Wonderland numeral system.",LXXXVI
d8852afb,"In Alice's Wonderland, a secret unit conversion is applied to measurements. For example:
14.92 m becomes 18.84
27.05 m becomes 34.15
16.78 m becomes 21.18
29.63 m becomes 37.41
41.79 m becomes 52.76
Now, convert the following measurement: 6.4 m",8.08
d88d9800,"In Alice's Wonderland, a secret unit conversion is applied to measurements. For example:
26.66 m becomes 50.38
43.91 m becomes 82.97
45.61 m becomes 86.18
12.41 m becomes 23.45
Now, convert the following measurement: 12.48 m",23.58
d8d87a89,"In Alice's Wonderland, a secret set of transformation rules is applied to equations. Below are a few examples:
?'*// = :<
!:*?< = #<
'>"">{ = #!#
'&+>{ = ?>#&
:#"">: = #<?
Now, determine the result for: #<*'?",{
d8f650b4,"In Alice's Wonderland, numbers are secretly converted into a different numeral system. Some examples are given below:
34 -> XXXIV
20 -> XX
32 -> XXXII
23 -> XXIII
Now, write the number 24 in the Wonderland numeral system.",XXIV
d90cbba1,"In Alice's Wonderland, numbers are secretly converted into a different numeral system. Some examples are given below:
84 -> LXXXIV
10 -> X
57 -> LVII
3 -> III
89 -> LXXXIX
Now, write the number 82 in the Wonderland numeral system.",LXXXII
d911e8e1,"In Alice's Wonderland, a secret set of transformation rules is applied to equations. Below are a few examples:
""#)@& = :#:
}'('' = \'""}
:>$:} = $}
Now, determine the result for: @})<'",:\:
d9210b27,"In Alice's Wonderland, a secret unit conversion is applied to measurements. For example:
47.73 m becomes 92.06
9.71 m becomes 18.73
10.48 m becomes 20.21
Now, convert the following measurement: 11.26 m",21.72
d9549b88,"In Alice's Wonderland, a secret unit conversion is applied to measurements. For example:
24.64 m becomes 21.95
19.77 m becomes 17.61
5.13 m becomes 4.57
26.94 m becomes 24.00
Now, convert the following measurement: 30.18 m",26.89
d9575f79,"In Alice's Wonderland, a secret set of transformation rules is applied to equations. Below are a few examples:
>""-]( = ](""
|'{(} = |'(}
`'{(} = `'(}
/|&`> = &>'
/(-}| = (/'`
Now, determine the result for: |`{/}",|`/}
d96607f8,"In Alice's Wonderland, a secret set of transformation rules is applied to equations. Below are a few examples:
!<#""? = ?>
<?*{{ = <?{{
'!#^"" = ""?
}{#<< = ""<
^!#<! = ?:
Now, determine the result for: ""!*<}","""!<}"
d96f8ed9,"In Alice's Wonderland, numbers are secretly converted into a different numeral system. Some examples are given below:
91 -> XCI
65 -> LXV
53 -> LIII
Now, write the number 50 in the Wonderland numeral system.",L
d976a7e9,"In Alice's Wonderland, a secret unit conversion is applied to measurements. For example:
16.72 m becomes 22.28
38.32 m becomes 51.06
20.51 m becomes 27.33
38.49 m becomes 51.28
Now, convert the following measurement: 41.57 m",55.39
d98d85c0,"In Alice's Wonderland, a secret set of transformation rules is applied to equations. Below are a few examples:
(#-`> = ''
|'-'# = ||
@&+'> = '&&&
Now, determine the result for: (@+@?",?(&@
d9a186d1,"In Alice's Wonderland, numbers are secretly converted into a different numeral system. Some examples are given below:
17 -> XVII
76 -> LXXVI
23 -> XXIII
62 -> LXII
39 -> XXXIX
Now, write the number 74 in the Wonderland numeral system.",LXXIV
d9a46958,"In Alice's Wonderland, numbers are secretly converted into a different numeral system. Some examples are given below:
15 -> XV
24 -> XXIV
71 -> LXXI
57 -> LVII
Now, write the number 86 in the Wonderland numeral system.",LXXXVI
d9a4924d,"In Alice's Wonderland, a secret unit conversion is applied to measurements. For example:
8.81 m becomes 12.95
39.14 m becomes 57.53
40.2 m becomes 59.09
49.96 m becomes 73.43
17.77 m becomes 26.12
Now, convert the following measurement: 36.21 m",53.22
d9b40d08,"In Alice's Wonderland, the gravitational constant has been secretly changed. Here are some example observations:
For t = 4.44s, distance = 87.49 m
For t = 2.42s, distance = 25.99 m
For t = 2.27s, distance = 22.87 m
Now, determine the falling distance for t = 2.42s given d = 0.5*g*t^2.",25.99
d9bb4212,"In Alice's Wonderland, a secret unit conversion is applied to measurements. For example:
32.58 m becomes 57.35
43.64 m becomes 76.82
23.27 m becomes 40.96
21.35 m becomes 37.58
Now, convert the following measurement: 28.56 m",50.27
d9ce7d0d,"In Alice's Wonderland, a secret bit manipulation rule transforms 8-bit binary numbers. The transformation involves operations like bit shifts, rotations, XOR, AND, OR, NOT, and possibly majority or choice functions.

Here are some examples of input -> output:
11001010 -> 10100111
00000111 -> 10011111
10000111 -> 10001111
00111111 -> 10011000
11101000 -> 11100011
10111100 -> 01101001
10000110 -> 00101111

Now, determine the output for: 11000011",00000111
d9d764f9,"In Alice's Wonderland, the gravitational constant has been secretly changed. Here are some example observations:
For t = 3.91s, distance = 106.59 m
For t = 1.5s, distance = 15.69 m
For t = 2.3s, distance = 36.88 m
Now, determine the falling distance for t = 1.3s given d = 0.5*g*t^2.",11.78
d9da2a54,"In Alice's Wonderland, a secret bit manipulation rule transforms 8-bit binary numbers. The transformation involves operations like bit shifts, rotations, XOR, AND, OR, NOT, and possibly majority or choice functions.

Here are some examples of input -> output:
11011010 -> 00110101
11000101 -> 11001011
10111011 -> 01110111
01100001 -> 10000010
10110000 -> 01100001
11000000 -> 10000001
00001100 -> 00011000
11100011 -> 01000111
00101100 -> 01011000
01001010 -> 00010100

Now, determine the output for: 10001100",00011001
d9e76e9e,"In Alice's Wonderland, the gravitational constant has been secretly changed. Here are some example observations:
For t = 4.07s, distance = 77.96 m
For t = 4.06s, distance = 77.57 m
For t = 4.05s, distance = 77.19 m
Now, determine the falling distance for t = 3.59s given d = 0.5*g*t^2.",60.65
d9fa2215,"In Alice's Wonderland, numbers are secretly converted into a different numeral system. Some examples are given below:
70 -> LXX
95 -> XCV
52 -> LII
Now, write the number 21 in the Wonderland numeral system.",XXI
da062350,"In Alice's Wonderland, a secret set of transformation rules is applied to equations. Below are a few examples:
!<+!< = [?
:#]<! = ][!
?']{# = ]!
[""][? = ](
Now, determine the result for: ?'+!""",<[
da10a947,"In Alice's Wonderland, a secret set of transformation rules is applied to equations. Below are a few examples:
/[]>! = /^
{$'>/ = ![
{#]^> = ^[]
/[])^ = >/]
{>'>$ = !{
Now, determine the result for: /{-^{",^$!^
da2998b6,"In Alice's Wonderland, a secret set of transformation rules is applied to equations. Below are a few examples:
^#+[| = >?<
^^+$> = ([
#[-?> = -#^
Now, determine the result for: <(-<#",-?|
da353dee,"In Alice's Wonderland, a secret set of transformation rules is applied to equations. Below are a few examples:
//+`| = |'}
''+{/ = '@}
'@+{| = '}}
:&*@` = ""/`@
&'*/@ = {""}:
Now, determine the result for: |@*""&","@@@"""
da3f727d,"In Alice's Wonderland, a secret set of transformation rules is applied to equations. Below are a few examples:
72'53 = 124
12$15 = 179
48/25 = 23
32$28 = 895
26$57 = 1481
Now, determine the result for: 59/73",/14
da51295d,"In Alice's Wonderland, a secret set of transformation rules is applied to equations. Below are a few examples:
@&'>[ = //>
]^'/[ = /]>
[|-`^ = `>
|@'&` = `]>
Now, determine the result for: />{[<",@]`
da616170,"In Alice's Wonderland, a secret bit manipulation rule transforms 8-bit binary numbers. The transformation involves operations like bit shifts, rotations, XOR, AND, OR, NOT, and possibly majority or choice functions.

Here are some examples of input -> output:
01110000 -> 00100011
10110011 -> 11011111
11100010 -> 11001111
00011100 -> 10001000
00111110 -> 10001001
00110101 -> 01100111
10100100 -> 01000111

Now, determine the output for: 11110100",00010111
da61dedc,"In Alice's Wonderland, a secret set of transformation rules is applied to equations. Below are a few examples:
&@]}$ = ]@?
@@`|{ = |${
/?]}} = ]?/
%|`$? = /|/$
Now, determine the result for: }}`|#",/|{#
da64ce9e,"In Alice's Wonderland, numbers are secretly converted into a different numeral system. Some examples are given below:
68 -> LXVIII
45 -> XLV
33 -> XXXIII
83 -> LXXXIII
24 -> XXIV
Now, write the number 35 in the Wonderland numeral system.",XXXV
da7c1a80,"In Alice's Wonderland, a secret unit conversion is applied to measurements. For example:
49.76 m becomes 78.80
16.09 m becomes 25.48
46.79 m becomes 74.10
45.01 m becomes 71.28
Now, convert the following measurement: 43.02 m",68.13
da85bf04,"In Alice's Wonderland, a secret unit conversion is applied to measurements. For example:
37.19 m becomes 24.87
10.73 m becomes 7.18
30.71 m becomes 20.54
21.43 m becomes 14.33
28.4 m becomes 18.99
Now, convert the following measurement: 42.47 m",28.40
da900804,"In Alice's Wonderland, the gravitational constant has been secretly changed. Here are some example observations:
For t = 4.73s, distance = 137.93 m
For t = 1.91s, distance = 22.49 m
For t = 2.34s, distance = 33.76 m
Now, determine the falling distance for t = 3.27s given d = 0.5*g*t^2.",65.92
da931308,"In Alice's Wonderland, a secret set of transformation rules is applied to equations. Below are a few examples:
^)+}\ = <\
>}+^\ = |]
`>+<) = ]>
Now, determine the result for: ^}-}(",-(]
daa97b6b,"In Alice's Wonderland, numbers are secretly converted into a different numeral system. Some examples are given below:
84 -> LXXXIV
95 -> XCV
92 -> XCII
Now, write the number 10 in the Wonderland numeral system.",X
daae01eb,"In Alice's Wonderland, numbers are secretly converted into a different numeral system. Some examples are given below:
11 -> XI
47 -> XLVII
40 -> XL
Now, write the number 95 in the Wonderland numeral system.",XCV
dabffb8a,"In Alice's Wonderland, numbers are secretly converted into a different numeral system. Some examples are given below:
7 -> VII
29 -> XXIX
55 -> LV
46 -> XLVI
79 -> LXXIX
Now, write the number 30 in the Wonderland numeral system.",XXX
dad3bf21,"In Alice's Wonderland, a secret set of transformation rules is applied to equations. Below are a few examples:
?`*}] = `]][
?&+)< = ?&)<
&[*&> = ])])
$$*]} = `}&&
Now, determine the result for: `&-$[",-}}
dad73c21,"In Alice's Wonderland, numbers are secretly converted into a different numeral system. Some examples are given below:
38 -> XXXVIII
100 -> C
40 -> XL
Now, write the number 45 in the Wonderland numeral system.",XLV
dadc24d7,"In Alice's Wonderland, a secret set of transformation rules is applied to equations. Below are a few examples:
^:)}^ = %/%
/|)}/ = [{
!}'^< = }%
Now, determine the result for: [<){}",{{
dadcd2c7,"In Alice's Wonderland, numbers are secretly converted into a different numeral system. Some examples are given below:
31 -> XXXI
10 -> X
11 -> XI
91 -> XCI
47 -> XLVII
Now, write the number 5 in the Wonderland numeral system.",V
dade00e5,"In Alice's Wonderland, numbers are secretly converted into a different numeral system. Some examples are given below:
71 -> LXXI
47 -> XLVII
38 -> XXXVIII
41 -> XLI
86 -> LXXXVI
Now, write the number 55 in the Wonderland numeral system.",LV
dae6dea8,"In Alice's Wonderland, a secret unit conversion is applied to measurements. For example:
8.0 m becomes 15.94
33.04 m becomes 65.83
17.39 m becomes 34.65
17.49 m becomes 34.85
42.6 m becomes 84.87
Now, convert the following measurement: 31.7 m",63.16
daf021c5,"In Alice's Wonderland, the gravitational constant has been secretly changed. Here are some example observations:
For t = 2.09s, distance = 26.64 m
For t = 3.7s, distance = 83.49 m
For t = 4.35s, distance = 115.41 m
For t = 1.78s, distance = 19.32 m
For t = 2.74s, distance = 45.79 m
Now, determine the falling distance for t = 1.26s given d = 0.5*g*t^2.",9.68
daf04fee,"In Alice's Wonderland, a secret bit manipulation rule transforms 8-bit binary numbers. The transformation involves operations like bit shifts, rotations, XOR, AND, OR, NOT, and possibly majority or choice functions.

Here are some examples of input -> output:
11111001 -> 11110001
11001100 -> 11110011
11111000 -> 11110001
01110110 -> 11111000
00011111 -> 11111110
00001001 -> 11111111
11011000 -> 11110011

Now, determine the output for: 10100001",11110101
daf87b91,"In Alice's Wonderland, numbers are secretly converted into a different numeral system. Some examples are given below:
8 -> VIII
74 -> LXXIV
4 -> IV
92 -> XCII
61 -> LXI
Now, write the number 36 in the Wonderland numeral system.",XXXVI
dafd11de,"In Alice's Wonderland, a secret set of transformation rules is applied to equations. Below are a few examples:
""^+&: = ?|(
^^+""@ = ??""
(!+""| = ?:^
|@*""^ = |&"":
Now, determine the result for: ??+:'",('
db1e0603,"In Alice's Wonderland, a secret set of transformation rules is applied to equations. Below are a few examples:
!&\&& = }}//
]%\%% = &>/?
}}(>& = (%}
&&(?> = (%[
?%\[% = [/??
Now, determine the result for: }}\!}",![}
db360db0,"In Alice's Wonderland, a secret bit manipulation rule transforms 8-bit binary numbers. The transformation involves operations like bit shifts, rotations, XOR, AND, OR, NOT, and possibly majority or choice functions.

Here are some examples of input -> output:
11011100 -> 01000110
01011110 -> 01000011
00111111 -> 00000001
01001111 -> 11100011
11111100 -> 00000111
10101010 -> 10101111
11100010 -> 00111111
01001101 -> 11100111

Now, determine the output for: 10011110",11000110
db4f43ef,"In Alice's Wonderland, a secret set of transformation rules is applied to equations. Below are a few examples:
]]-|' = ""%
]""-%] = ""
$""*?$ = ""|@`
'|*#` = ##$
'?+]% = |||
Now, determine the result for: ?`*]%","%""|@"
db564ba9,"In Alice's Wonderland, a secret set of transformation rules is applied to equations. Below are a few examples:
`:-}} = -!]
|}-^# = -)|
^`+!| = ^`!|
!]+)# = !])#
Now, determine the result for: )]*)^",(`#
db5a5b71,"In Alice's Wonderland, a secret set of transformation rules is applied to equations. Below are a few examples:
21*31 = 651
54""25 = 7
74*52 = 5711
Now, determine the result for: 58""42",31
db66c42c,"In Alice's Wonderland, a secret set of transformation rules is applied to equations. Below are a few examples:
}!-&' = -^(
&@-@^ = [!
@}+([ = }?^
}}*[^ = ![&
Now, determine the result for: [!-:^",'}
dba045b0,"In Alice's Wonderland, a secret set of transformation rules is applied to equations. Below are a few examples:
)@+"") = @<
{!*}^ = {!}^
`@+){ = ""^""
!^+[^ = """")
)`*[{ = )`[{
Now, determine the result for: }<-}`",`
dbb29dac,"In Alice's Wonderland, numbers are secretly converted into a different numeral system. Some examples are given below:
84 -> LXXXIV
71 -> LXXI
8 -> VIII
Now, write the number 14 in the Wonderland numeral system.",XIV
dbb789cc,"In Alice's Wonderland, a secret bit manipulation rule transforms 8-bit binary numbers. The transformation involves operations like bit shifts, rotations, XOR, AND, OR, NOT, and possibly majority or choice functions.

Here are some examples of input -> output:
01001011 -> 11010010
01011100 -> 00010111
11111001 -> 01111111
10011111 -> 11100111
11010001 -> 01110110
01111010 -> 10011111
01110111 -> 11011111

Now, determine the output for: 10100110",10101101
dbbc0dab,"In Alice's Wonderland, the gravitational constant has been secretly changed. Here are some example observations:
For t = 5.0s, distance = 177.98 m
For t = 1.53s, distance = 16.67 m
For t = 1.83s, distance = 23.84 m
For t = 4.24s, distance = 127.99 m
For t = 2.72s, distance = 52.67 m
Now, determine the falling distance for t = 1.41s given d = 0.5*g*t^2.",14.15
dbdbbaa3,"In Alice's Wonderland, a secret set of transformation rules is applied to equations. Below are a few examples:
""$*'$ = '$""$
$'+""# = >('
$\+}@ = '""'
""""+\"" = ($
Now, determine the result for: >#+(>",>''
dbde4396,"In Alice's Wonderland, the gravitational constant has been secretly changed. Here are some example observations:
For t = 4.75s, distance = 134.65 m
For t = 1.99s, distance = 23.63 m
For t = 1.76s, distance = 18.49 m
Now, determine the falling distance for t = 4.0s given d = 0.5*g*t^2.",95.48
dbf6fb13,"In Alice's Wonderland, a secret unit conversion is applied to measurements. For example:
40.99 m becomes 37.20
46.09 m becomes 41.83
5.37 m becomes 4.87
34.81 m becomes 31.59
23.94 m becomes 21.73
Now, convert the following measurement: 13.65 m",12.39
dbfa4f53,"In Alice's Wonderland, numbers are secretly converted into a different numeral system. Some examples are given below:
54 -> LIV
28 -> XXVIII
47 -> XLVII
11 -> XI
88 -> LXXXVIII
Now, write the number 20 in the Wonderland numeral system.",XX
dc0f5e5e,"In Alice's Wonderland, a secret set of transformation rules is applied to equations. Below are a few examples:
<#+{\ = <#{\
<<*{> = {!\^
#>*## = }}%%
\{+!} = \{!}
Now, determine the result for: %%+}#",%%}#
dc240ebd,"In Alice's Wonderland, a secret set of transformation rules is applied to equations. Below are a few examples:
>@-`` = ::``
:}-:: = ""|<
)>-)> = >"":>
@>-)< = @@)\
)|-<"" = "":)<
Now, determine the result for: >|-}|",`}:}
dc4632cf,"In Alice's Wonderland, numbers are secretly converted into a different numeral system. Some examples are given below:
60 -> LX
16 -> XVI
11 -> XI
Now, write the number 42 in the Wonderland numeral system.",XLII
dc64cb23,"In Alice's Wonderland, a secret unit conversion is applied to measurements. For example:
5.94 m becomes 5.86
36.78 m becomes 36.31
33.42 m becomes 32.99
Now, convert the following measurement: 25.5 m",25.17
dc6c0d49,"In Alice's Wonderland, a secret set of transformation rules is applied to equations. Below are a few examples:
(([!( = |>}
}(*?? = ?|@#
\(*?! = |:?(
\}&}? = &((
Now, determine the result for: @#*!@",:>?#
dc83c9dc,"In Alice's Wonderland, numbers are secretly converted into a different numeral system. Some examples are given below:
34 -> XXXIV
8 -> VIII
81 -> LXXXI
61 -> LXI
75 -> LXXV
Now, write the number 94 in the Wonderland numeral system.",XCIV
dc93896e,"In Alice's Wonderland, a secret set of transformation rules is applied to equations. Below are a few examples:
%<-(! = [/
(?*?/ = (??/
<&-!/ = -[/
Now, determine the result for: ?<+//",[?<
dcaf44c4,"In Alice's Wonderland, a secret set of transformation rules is applied to equations. Below are a few examples:
28-22 = 06
06+41 = 4106
09+13 = 1309
Now, determine the result for: 24*95",8742
dcb76cdf,"In Alice's Wonderland, numbers are secretly converted into a different numeral system. Some examples are given below:
16 -> XVI
89 -> LXXXIX
92 -> XCII
Now, write the number 37 in the Wonderland numeral system.",XXXVII
dcb9e01d,"In Alice's Wonderland, a secret set of transformation rules is applied to equations. Below are a few examples:
<<^>? = }`@?
|?^)@ = )@}`
}|\(< = `|`
}>\$< = @>`
}`%|< = <}
Now, determine the result for: $<\@>",}@`
dceb9ba2,"In Alice's Wonderland, numbers are secretly converted into a different numeral system. Some examples are given below:
19 -> XIX
90 -> XC
42 -> XLII
88 -> LXXXVIII
42 -> XLII
Now, write the number 94 in the Wonderland numeral system.",XCIV
dd41e621,"In Alice's Wonderland, numbers are secretly converted into a different numeral system. Some examples are given below:
66 -> LXVI
98 -> XCVIII
39 -> XXXIX
Now, write the number 15 in the Wonderland numeral system.",XV
dd56d4f9,"In Alice's Wonderland, numbers are secretly converted into a different numeral system. Some examples are given below:
91 -> XCI
45 -> XLV
94 -> XCIV
Now, write the number 55 in the Wonderland numeral system.",LV
dd7893f2,"In Alice's Wonderland, a secret unit conversion is applied to measurements. For example:
8.04 m becomes 8.27
20.89 m becomes 21.50
6.33 m becomes 6.51
11.88 m becomes 12.23
43.05 m becomes 44.30
Now, convert the following measurement: 9.25 m",9.52
dd919625,"In Alice's Wonderland, a secret unit conversion is applied to measurements. For example:
26.93 m becomes 38.45
37.47 m becomes 53.50
30.82 m becomes 44.01
Now, convert the following measurement: 9.51 m",13.58
ddb4bc42,"In Alice's Wonderland, a secret unit conversion is applied to measurements. For example:
14.66 m becomes 13.17
36.51 m becomes 32.81
13.54 m becomes 12.17
Now, convert the following measurement: 35.63 m",32.01
ddb82859,"In Alice's Wonderland, the gravitational constant has been secretly changed. Here are some example observations:
For t = 3.88s, distance = 41.83 m
For t = 1.49s, distance = 6.17 m
For t = 1.16s, distance = 3.74 m
For t = 1.31s, distance = 4.77 m
For t = 3.38s, distance = 31.75 m
Now, determine the falling distance for t = 2.92s given d = 0.5*g*t^2.",23.69
ddc0b4e2,"In Alice's Wonderland, numbers are secretly converted into a different numeral system. Some examples are given below:
8 -> VIII
33 -> XXXIII
35 -> XXXV
17 -> XVII
Now, write the number 13 in the Wonderland numeral system.",XIII
ddc8ab31,"In Alice's Wonderland, numbers are secretly converted into a different numeral system. Some examples are given below:
34 -> XXXIV
79 -> LXXIX
4 -> IV
10 -> X
97 -> XCVII
Now, write the number 24 in the Wonderland numeral system.",XXIV
dde06528,"In Alice's Wonderland, a secret set of transformation rules is applied to equations. Below are a few examples:
54`14 = 755
54%61 = %7
61%37 = 24
93`99 = 9206
Now, determine the result for: 84?52",8452
ddf721dc,"In Alice's Wonderland, numbers are secretly converted into a different numeral system. Some examples are given below:
96 -> XCVI
73 -> LXXIII
35 -> XXXV
Now, write the number 43 in the Wonderland numeral system.",XLIII
de036bbf,"In Alice's Wonderland, a secret set of transformation rules is applied to equations. Below are a few examples:
@(+\\ = #!\
#!-#\ = #
'@-[[ = :
%%-@[ = #\
\[*#"" = @:%
Now, determine the result for: ''*#(",''#
de3ea27c,"In Alice's Wonderland, a secret set of transformation rules is applied to equations. Below are a few examples:
\|*{@ = /|@%
!@+]| = !!^
\|*!! = |!\
/%*]{ = /\^%
Now, determine the result for: /@*|<",!|%]
de4b882e,"In Alice's Wonderland, numbers are secretly converted into a different numeral system. Some examples are given below:
39 -> XXXIX
66 -> LXVI
58 -> LVIII
51 -> LI
Now, write the number 30 in the Wonderland numeral system.",XXX
de4fc6b3,"In Alice's Wonderland, the gravitational constant has been secretly changed. Here are some example observations:
For t = 1.6s, distance = 16.43 m
For t = 4.13s, distance = 109.44 m
For t = 1.89s, distance = 22.92 m
For t = 3.64s, distance = 85.01 m
For t = 3.45s, distance = 76.37 m
Now, determine the falling distance for t = 4.19s given d = 0.5*g*t^2.",112.64
de790d18,"In Alice's Wonderland, the gravitational constant has been secretly changed. Here are some example observations:
For t = 1.96s, distance = 12.42 m
For t = 2.07s, distance = 13.85 m
For t = 1.89s, distance = 11.55 m
For t = 4.94s, distance = 78.89 m
Now, determine the falling distance for t = 2.95s given d = 0.5*g*t^2.",28.13
de7b7271,"In Alice's Wonderland, numbers are secretly converted into a different numeral system. Some examples are given below:
97 -> XCVII
6 -> VI
44 -> XLIV
40 -> XL
85 -> LXXXV
Now, write the number 65 in the Wonderland numeral system.",LXV
de98159a,"In Alice's Wonderland, a secret unit conversion is applied to measurements. For example:
6.27 m becomes 10.32
32.39 m becomes 53.29
45.94 m becomes 75.59
13.89 m becomes 22.85
Now, convert the following measurement: 23.23 m",38.22
deb4943f,"In Alice's Wonderland, numbers are secretly converted into a different numeral system. Some examples are given below:
9 -> IX
45 -> XLV
46 -> XLVI
96 -> XCVI
60 -> LX
Now, write the number 67 in the Wonderland numeral system.",LXVII
df0b4071,"In Alice's Wonderland, numbers are secretly converted into a different numeral system. Some examples are given below:
21 -> XXI
15 -> XV
79 -> LXXIX
Now, write the number 61 in the Wonderland numeral system.",LXI
df0ee633,"In Alice's Wonderland, a secret unit conversion is applied to measurements. For example:
22.28 m becomes 43.97
10.86 m becomes 21.43
31.19 m becomes 61.55
Now, convert the following measurement: 14.62 m",28.85
df1e3788,"In Alice's Wonderland, a secret set of transformation rules is applied to equations. Below are a few examples:
?$+(? = >>?
&}-}^ = >#
#}*`# = #$}!
!!*($ = &!(>
Now, determine the result for: >&*>#",>^>
df3262bc,"In Alice's Wonderland, a secret set of transformation rules is applied to equations. Below are a few examples:
##-]? = #""
|@-%? = ?<
]""*@? = ]<#
@?+]@ = <""
Now, determine the result for: ]$-]?",]/
df92aa6a,"In Alice's Wonderland, a secret set of transformation rules is applied to equations. Below are a few examples:
02+12 = 24
23-25 = -02
82+17 = 001
94-63 = 31
Now, determine the result for: 82*76",7682
dfa175ce,"In Alice's Wonderland, numbers are secretly converted into a different numeral system. Some examples are given below:
89 -> LXXXIX
9 -> IX
76 -> LXXVI
42 -> XLII
Now, write the number 81 in the Wonderland numeral system.",LXXXI
dfbcf27a,"In Alice's Wonderland, a secret unit conversion is applied to measurements. For example:
16.31 m becomes 9.30
49.62 m becomes 28.29
7.94 m becomes 4.53
Now, convert the following measurement: 5.98 m",3.41
dfecf5f5,"In Alice's Wonderland, a secret set of transformation rules is applied to equations. Below are a few examples:
^]+'? = ||
&:+?& = {?
&/`&> = |:{
Now, determine the result for: {?+>{",'
e00abbbb,"In Alice's Wonderland, a secret bit manipulation rule transforms 8-bit binary numbers. The transformation involves operations like bit shifts, rotations, XOR, AND, OR, NOT, and possibly majority or choice functions.

Here are some examples of input -> output:
10101001 -> 00000101
11111101 -> 11110111
00011101 -> 00110000
00110011 -> 01000100
00001011 -> 00000100
01010000 -> 00000000
10010100 -> 00000000

Now, determine the output for: 01010101",00000010
e01c7e3a,"In Alice's Wonderland, the gravitational constant has been secretly changed. Here are some example observations:
For t = 3.53s, distance = 103.67 m
For t = 4.54s, distance = 171.48 m
For t = 4.9s, distance = 199.75 m
For t = 2.94s, distance = 71.91 m
For t = 1.55s, distance = 19.99 m
Now, determine the falling distance for t = 1.9s given d = 0.5*g*t^2.",30.03
e01f7a71,"In Alice's Wonderland, the gravitational constant has been secretly changed. Here are some example observations:
For t = 3.07s, distance = 59.01 m
For t = 4.82s, distance = 145.45 m
For t = 3.43s, distance = 73.66 m
Now, determine the falling distance for t = 4.99s given d = 0.5*g*t^2.",155.89
e04f0fb4,"In Alice's Wonderland, numbers are secretly converted into a different numeral system. Some examples are given below:
38 -> XXXVIII
22 -> XXII
47 -> XLVII
Now, write the number 68 in the Wonderland numeral system.",LXVIII
e05e32da,"In Alice's Wonderland, numbers are secretly converted into a different numeral system. Some examples are given below:
17 -> XVII
11 -> XI
82 -> LXXXII
Now, write the number 22 in the Wonderland numeral system.",XXII
e061a54f,"In Alice's Wonderland, numbers are secretly converted into a different numeral system. Some examples are given below:
69 -> LXIX
64 -> LXIV
77 -> LXXVII
71 -> LXXI
Now, write the number 83 in the Wonderland numeral system.",LXXXIII
e07fffa6,"In Alice's Wonderland, a secret set of transformation rules is applied to equations. Below are a few examples:
08*89 = 9387
42-88 = -46
92+62 = 65
Now, determine the result for: 36-32",04
e0be33cc,"In Alice's Wonderland, a secret unit conversion is applied to measurements. For example:
48.63 m becomes 57.24
32.53 m becomes 38.29
14.61 m becomes 17.20
24.81 m becomes 29.20
8.25 m becomes 9.71
Now, convert the following measurement: 40.72 m",47.93
e0c9f5bb,"In Alice's Wonderland, numbers are secretly converted into a different numeral system. Some examples are given below:
57 -> LVII
16 -> XVI
66 -> LXVI
74 -> LXXIV
62 -> LXII
Now, write the number 38 in the Wonderland numeral system.",XXXVIII
e102a09d,"In Alice's Wonderland, a secret set of transformation rules is applied to equations. Below are a few examples:
43*33 = 3343
78-45 = 33
76+78 = 7876
67+69 = 6967
25*43 = 4325
Now, determine the result for: 42-44",-02
e109d7d4,"In Alice's Wonderland, a secret unit conversion is applied to measurements. For example:
35.49 m becomes 41.35
23.37 m becomes 27.23
42.15 m becomes 49.11
28.92 m becomes 33.69
Now, convert the following measurement: 16.63 m",19.38
e126a1e3,"In Alice's Wonderland, a secret set of transformation rules is applied to equations. Below are a few examples:
{($<( = <<\:
?<%!\ = %\?
\\%?@ = ]
?@$\( = ::(
@@%!? = %:
Now, determine the result for: {{*@?","<"":"
e141dc83,"In Alice's Wonderland, a secret set of transformation rules is applied to equations. Below are a few examples:
>:*/` = #/`
(\-:/ = />
'/+#> = &>'
'\*:` = (>\`
Now, determine the result for: &#+>:",:>
e143283e,"In Alice's Wonderland, the gravitational constant has been secretly changed. Here are some example observations:
For t = 3.58s, distance = 87.72 m
For t = 3.79s, distance = 98.32 m
For t = 4.99s, distance = 170.43 m
For t = 3.64s, distance = 90.69 m
Now, determine the falling distance for t = 4.41s given d = 0.5*g*t^2.",133.11
e14ae2d7,"In Alice's Wonderland, a secret unit conversion is applied to measurements. For example:
9.71 m becomes 15.44
33.41 m becomes 53.13
28.82 m becomes 45.83
Now, convert the following measurement: 35.72 m",56.80
e164fac5,"In Alice's Wonderland, a secret unit conversion is applied to measurements. For example:
21.54 m becomes 21.49
34.86 m becomes 34.78
34.81 m becomes 34.73
Now, convert the following measurement: 31.69 m",31.61
e16aaf48,"In Alice's Wonderland, numbers are secretly converted into a different numeral system. Some examples are given below:
23 -> XXIII
40 -> XL
36 -> XXXVI
Now, write the number 87 in the Wonderland numeral system.",LXXXVII
e1728524,"In Alice's Wonderland, a secret set of transformation rules is applied to equations. Below are a few examples:
12&13 = 01
57:58 = 161
06&91 = 14&
64:92 = 67
87&89 = 02
Now, determine the result for: 99/99",1089
e172a24e,"In Alice's Wonderland, a secret unit conversion is applied to measurements. For example:
30.3 m becomes 32.64
10.66 m becomes 11.48
27.51 m becomes 29.64
Now, convert the following measurement: 48.77 m",52.54
e18a1f70,"In Alice's Wonderland, numbers are secretly converted into a different numeral system. Some examples are given below:
94 -> XCIV
51 -> LI
50 -> L
88 -> LXXXVIII
Now, write the number 91 in the Wonderland numeral system.",XCI
e1f3ffbb,"In Alice's Wonderland, a secret bit manipulation rule transforms 8-bit binary numbers. The transformation involves operations like bit shifts, rotations, XOR, AND, OR, NOT, and possibly majority or choice functions.

Here are some examples of input -> output:
11110011 -> 11111001
10000001 -> 11111110
00101111 -> 11111101
00101010 -> 11111111
01111101 -> 11111101
00110000 -> 11111111
11101000 -> 11111110

Now, determine the output for: 11000010",11111010
e1fa1e3c,"In Alice's Wonderland, the gravitational constant has been secretly changed. Here are some example observations:
For t = 4.47s, distance = 117.25 m
For t = 2.15s, distance = 27.12 m
For t = 3.94s, distance = 91.09 m
For t = 1.64s, distance = 15.78 m
Now, determine the falling distance for t = 1.87s given d = 0.5*g*t^2.",20.52
e20b6ce3,"In Alice's Wonderland, numbers are secretly converted into a different numeral system. Some examples are given below:
86 -> LXXXVI
92 -> XCII
15 -> XV
Now, write the number 100 in the Wonderland numeral system.",C
e23235bd,"In Alice's Wonderland, a secret unit conversion is applied to measurements. For example:
35.04 m becomes 55.88
8.8 m becomes 14.03
11.43 m becomes 18.23
26.86 m becomes 42.84
Now, convert the following measurement: 39.86 m",63.57
e2361a00,"In Alice's Wonderland, a secret set of transformation rules is applied to equations. Below are a few examples:
]]<&} = <(
]}#]"" = '&!
'^#$! = $&
Now, determine the result for: ')<')",'
e266959e,"In Alice's Wonderland, a secret bit manipulation rule transforms 8-bit binary numbers. The transformation involves operations like bit shifts, rotations, XOR, AND, OR, NOT, and possibly majority or choice functions.

Here are some examples of input -> output:
11001111 -> 10000110
01110001 -> 01010011
00000001 -> 01011111
10100111 -> 10001111
11000011 -> 00000111
11001011 -> 00000110
00010100 -> 01111101
00100101 -> 11011011

Now, determine the output for: 11001000",11100110
e2838065,"In Alice's Wonderland, the gravitational constant has been secretly changed. Here are some example observations:
For t = 4.58s, distance = 74.67 m
For t = 4.88s, distance = 84.77 m
For t = 1.35s, distance = 6.49 m
For t = 3.47s, distance = 42.86 m
For t = 2.29s, distance = 18.67 m
Now, determine the falling distance for t = 2.72s given d = 0.5*g*t^2.",26.34
e2a32727,"In Alice's Wonderland, numbers are secretly converted into a different numeral system. Some examples are given below:
79 -> LXXIX
69 -> LXIX
2 -> II
76 -> LXXVI
Now, write the number 5 in the Wonderland numeral system.",V
e2b4543a,"In Alice's Wonderland, a secret unit conversion is applied to measurements. For example:
43.05 m becomes 43.08
13.58 m becomes 13.59
32.18 m becomes 32.20
11.2 m becomes 11.21
43.47 m becomes 43.50
Now, convert the following measurement: 18.62 m",18.63
e2bb1d9f,"In Alice's Wonderland, a secret set of transformation rules is applied to equations. Below are a few examples:
27-76 = 5
19+88 = 081
49+76 = 261
Now, determine the result for: 03-94",-91
e2bd1d40,"In Alice's Wonderland, numbers are secretly converted into a different numeral system. Some examples are given below:
22 -> XXII
80 -> LXXX
46 -> XLVI
Now, write the number 29 in the Wonderland numeral system.",XXIX
e2c069ae,"In Alice's Wonderland, a secret set of transformation rules is applied to equations. Below are a few examples:
@^)<! = /::@
:{}@^ = %@
^%}/@ = @{}
?%)@{ = ??!
?%\{% = {?{
Now, determine the result for: :!}{:",/{
e2d7cd9d,"In Alice's Wonderland, a secret unit conversion is applied to measurements. For example:
48.52 m becomes 68.39
28.26 m becomes 39.83
7.3 m becomes 10.29
Now, convert the following measurement: 9.36 m",13.19
e2f2bea4,"In Alice's Wonderland, a secret set of transformation rules is applied to equations. Below are a few examples:
61+75 = 7561
19-54 = 64
21-37 = -16
Now, determine the result for: 29*26",3075
e307429d,"In Alice's Wonderland, a secret set of transformation rules is applied to equations. Below are a few examples:
42\92 = 5\
34/94 = 29
82\67 = 84\
71/14 = 85
Now, determine the result for: 47[44",6523
e31bbb85,"In Alice's Wonderland, numbers are secretly converted into a different numeral system. Some examples are given below:
90 -> XC
92 -> XCII
82 -> LXXXII
63 -> LXIII
51 -> LI
Now, write the number 17 in the Wonderland numeral system.",XVII
e33f1695,"In Alice's Wonderland, a secret set of transformation rules is applied to equations. Below are a few examples:
75'62 = 4650
51'59 = 3009
56'13 = 728
64+59 = +5
Now, determine the result for: 55^54",5554
e3590284,"In Alice's Wonderland, a secret bit manipulation rule transforms 8-bit binary numbers. The transformation involves operations like bit shifts, rotations, XOR, AND, OR, NOT, and possibly majority or choice functions.

Here are some examples of input -> output:
00101000 -> 11111111
11110100 -> 11111111
00100100 -> 11111111
01001000 -> 11111110
00001100 -> 11111111
10011000 -> 11111101
01110001 -> 11111111

Now, determine the output for: 01010011",11111111
e3890bf7,"In Alice's Wonderland, a secret set of transformation rules is applied to equations. Below are a few examples:
(^}#% = @$(
?^*#? = ^@#^
{(}&? = &{(
Now, determine the result for: (^*{@",{@%]
e394bdac,"In Alice's Wonderland, numbers are secretly converted into a different numeral system. Some examples are given below:
42 -> XLII
55 -> LV
12 -> XII
70 -> LXX
82 -> LXXXII
Now, write the number 21 in the Wonderland numeral system.",XXI
e3960bec,"In Alice's Wonderland, numbers are secretly converted into a different numeral system. Some examples are given below:
52 -> LII
14 -> XIV
97 -> XCVII
23 -> XXIII
Now, write the number 43 in the Wonderland numeral system.",XLIII
e3a17aee,"In Alice's Wonderland, numbers are secretly converted into a different numeral system. Some examples are given below:
98 -> XCVIII
38 -> XXXVIII
70 -> LXX
Now, write the number 41 in the Wonderland numeral system.",XLI
e3b06854,"In Alice's Wonderland, a secret set of transformation rules is applied to equations. Below are a few examples:
/\*>' = /\>'
:)*:? = :):?
:'->& = >/
?`+\! = //`
?`-?: = /
Now, determine the result for: `:+`!",/&:
e3b5373a,"In Alice's Wonderland, numbers are secretly converted into a different numeral system. Some examples are given below:
38 -> XXXVIII
94 -> XCIV
54 -> LIV
26 -> XXVI
62 -> LXII
Now, write the number 50 in the Wonderland numeral system.",L
e3b8096e,"In Alice's Wonderland, the gravitational constant has been secretly changed. Here are some example observations:
For t = 4.67s, distance = 87.62 m
For t = 4.24s, distance = 72.23 m
For t = 3.68s, distance = 54.41 m
For t = 1.38s, distance = 7.65 m
Now, determine the falling distance for t = 2.7s given d = 0.5*g*t^2.",29.29
e3bf0c2c,"In Alice's Wonderland, a secret set of transformation rules is applied to equations. Below are a few examples:
@"")`[ = ^^`[
/`)@& = \'""""
'')'& = '`&
`/)""( = @&\&
\/}@` = `[
Now, determine the result for: @`}''","""`"
e3cd5a35,"In Alice's Wonderland, the gravitational constant has been secretly changed. Here are some example observations:
For t = 3.71s, distance = 86.38 m
For t = 2.67s, distance = 44.74 m
For t = 1.53s, distance = 14.69 m
For t = 4.35s, distance = 118.75 m
For t = 3.34s, distance = 70.01 m
Now, determine the falling distance for t = 3.73s given d = 0.5*g*t^2.",87.31
e3dfefaf,"In Alice's Wonderland, numbers are secretly converted into a different numeral system. Some examples are given below:
35 -> XXXV
97 -> XCVII
45 -> XLV
Now, write the number 98 in the Wonderland numeral system.",XCVIII
e3fbc768,"In Alice's Wonderland, a secret set of transformation rules is applied to equations. Below are a few examples:
??/:^ = ){)?
:'`^) = [
{!`)( = %
Now, determine the result for: {%/??",'(^)
e401ee4f,"In Alice's Wonderland, a secret set of transformation rules is applied to equations. Below are a few examples:
^?*/"" = }}<?
>^-}@ = /}
}@+}& = [/
Now, determine the result for: [<*"">",^^@}
e4105227,"In Alice's Wonderland, numbers are secretly converted into a different numeral system. Some examples are given below:
18 -> XVIII
44 -> XLIV
47 -> XLVII
50 -> L
88 -> LXXXVIII
Now, write the number 69 in the Wonderland numeral system.",LXIX
e44415b8,"In Alice's Wonderland, a secret unit conversion is applied to measurements. For example:
49.86 m becomes 46.98
21.32 m becomes 20.09
45.5 m becomes 42.88
16.7 m becomes 15.74
45.38 m becomes 42.76
Now, convert the following measurement: 49.62 m",46.76
e477385c,"In Alice's Wonderland, numbers are secretly converted into a different numeral system. Some examples are given below:
17 -> XVII
94 -> XCIV
89 -> LXXXIX
5 -> V
13 -> XIII
Now, write the number 7 in the Wonderland numeral system.",VII
e483e127,"In Alice's Wonderland, a secret set of transformation rules is applied to equations. Below are a few examples:
)]}>) = ]>::
)'{)< = :'
`#{|' = '])
Now, determine the result for: :]}#:",#''>
e4aeed67,"In Alice's Wonderland, a secret set of transformation rules is applied to equations. Below are a few examples:
'(#?` = '(`{
`':}"" = (}
@{:{` = {')
({^)& = {""
Now, determine the result for: '"":'{",@`
e4ca4f9e,"In Alice's Wonderland, a secret set of transformation rules is applied to equations. Below are a few examples:
^!-?? = #@@
?#-&[ = #]^
@#(#: = @##:
[](#@ = []#@
{&(!] = {&!]
Now, determine the result for: #:'{@",'#{
e4cc7639,"In Alice's Wonderland, a secret set of transformation rules is applied to equations. Below are a few examples:
62[83 = 5146
99[39 = 3861
14[53 = 742
33[43 = 1419
80!25 = 5
Now, determine the result for: 48*64",113
e4e7833b,"In Alice's Wonderland, the gravitational constant has been secretly changed. Here are some example observations:
For t = 2.11s, distance = 36.99 m
For t = 4.45s, distance = 164.54 m
For t = 3.46s, distance = 99.47 m
Now, determine the falling distance for t = 4.66s given d = 0.5*g*t^2.",180.44
e4ebb7e9,"In Alice's Wonderland, the gravitational constant has been secretly changed. Here are some example observations:
For t = 4.11s, distance = 161.91 m
For t = 3.64s, distance = 127.0 m
For t = 3.32s, distance = 105.65 m
For t = 3.01s, distance = 86.84 m
For t = 1.05s, distance = 10.57 m
Now, determine the falling distance for t = 3.62s given d = 0.5*g*t^2.",125.6
e4ebe7ed,"In Alice's Wonderland, the gravitational constant has been secretly changed. Here are some example observations:
For t = 4.32s, distance = 60.49 m
For t = 4.36s, distance = 61.61 m
For t = 2.05s, distance = 13.62 m
Now, determine the falling distance for t = 2.17s given d = 0.5*g*t^2.",15.26
e4f3a31c,"In Alice's Wonderland, the gravitational constant has been secretly changed. Here are some example observations:
For t = 1.12s, distance = 5.58 m
For t = 1.14s, distance = 5.78 m
For t = 4.43s, distance = 87.33 m
Now, determine the falling distance for t = 3.59s given d = 0.5*g*t^2.",57.35
e4ff7676,"In Alice's Wonderland, the gravitational constant has been secretly changed. Here are some example observations:
For t = 3.59s, distance = 57.05 m
For t = 4.67s, distance = 96.54 m
For t = 4.88s, distance = 105.42 m
For t = 4.22s, distance = 78.83 m
Now, determine the falling distance for t = 4.42s given d = 0.5*g*t^2.",86.48
e50b2f36,"In Alice's Wonderland, the gravitational constant has been secretly changed. Here are some example observations:
For t = 2.15s, distance = 39.43 m
For t = 3.62s, distance = 111.77 m
For t = 4.31s, distance = 158.44 m
Now, determine the falling distance for t = 1.83s given d = 0.5*g*t^2.",28.56
e555400c,"In Alice's Wonderland, the gravitational constant has been secretly changed. Here are some example observations:
For t = 1.22s, distance = 4.18 m
For t = 2.85s, distance = 22.84 m
For t = 4.92s, distance = 68.06 m
For t = 1.22s, distance = 4.18 m
Now, determine the falling distance for t = 2.01s given d = 0.5*g*t^2.",11.36
e55f610f,"In Alice's Wonderland, the gravitational constant has been secretly changed. Here are some example observations:
For t = 1.42s, distance = 14.17 m
For t = 1.52s, distance = 16.23 m
For t = 2.91s, distance = 59.5 m
Now, determine the falling distance for t = 2.8s given d = 0.5*g*t^2.",55.09
e563e1b3,"In Alice's Wonderland, numbers are secretly converted into a different numeral system. Some examples are given below:
40 -> XL
46 -> XLVI
69 -> LXIX
83 -> LXXXIII
67 -> LXVII
Now, write the number 33 in the Wonderland numeral system.",XXXIII
e56e24d1,"In Alice's Wonderland, numbers are secretly converted into a different numeral system. Some examples are given below:
52 -> LII
47 -> XLVII
38 -> XXXVIII
Now, write the number 37 in the Wonderland numeral system.",XXXVII
e582df31,"In Alice's Wonderland, a secret set of transformation rules is applied to equations. Below are a few examples:
}#[""' = :@}'
]]!^"" = #""
]/?}] = ?@#
Now, determine the result for: ""'?]@",}@
e598c0ba,"In Alice's Wonderland, numbers are secretly converted into a different numeral system. Some examples are given below:
24 -> XXIV
85 -> LXXXV
70 -> LXX
88 -> LXXXVIII
38 -> XXXVIII
Now, write the number 85 in the Wonderland numeral system.",LXXXV
e5a5fdef,"In Alice's Wonderland, a secret bit manipulation rule transforms 8-bit binary numbers. The transformation involves operations like bit shifts, rotations, XOR, AND, OR, NOT, and possibly majority or choice functions.

Here are some examples of input -> output:
00000001 -> 00000100
01111111 -> 11000011
10011100 -> 00111110
10010011 -> 00000101
11100011 -> 11111101
11100101 -> 11100110
00001001 -> 00100000
01100110 -> 10101011

Now, determine the output for: 10100110",11001011
e5b65a4c,"In Alice's Wonderland, a secret set of transformation rules is applied to equations. Below are a few examples:
`)<#` = ?%)
%^@?` = |%
)!@%? = `?#
Now, determine the result for: |%@#)",``#
e5bebe50,"In Alice's Wonderland, the gravitational constant has been secretly changed. Here are some example observations:
For t = 2.09s, distance = 25.01 m
For t = 2.11s, distance = 25.49 m
For t = 2.52s, distance = 36.36 m
For t = 1.05s, distance = 6.31 m
Now, determine the falling distance for t = 1.85s given d = 0.5*g*t^2.",19.59
e5d6e090,"In Alice's Wonderland, a secret set of transformation rules is applied to equations. Below are a few examples:
[/-&{ = >@
|{-@< = #{
[|*#> = |<&
Now, determine the result for: @@+><",#<@
e5dd205d,"In Alice's Wonderland, the gravitational constant has been secretly changed. Here are some example observations:
For t = 1.9s, distance = 30.77 m
For t = 1.94s, distance = 32.08 m
For t = 1.16s, distance = 11.47 m
For t = 2.87s, distance = 70.21 m
For t = 4.51s, distance = 173.36 m
Now, determine the falling distance for t = 4.3s given d = 0.5*g*t^2.",157.6
e5e29014,"In Alice's Wonderland, a secret set of transformation rules is applied to equations. Below are a few examples:
^)*{! = :)>%
)|->) = ^{
>>*#{ = ##^^
Now, determine the result for: >)-|)",'%
e5e3c22b,"In Alice's Wonderland, a secret bit manipulation rule transforms 8-bit binary numbers. The transformation involves operations like bit shifts, rotations, XOR, AND, OR, NOT, and possibly majority or choice functions.

Here are some examples of input -> output:
01110011 -> 01100000
11000010 -> 00000001
10101010 -> 01000001
11110010 -> 01000001
01110100 -> 10000000
10101000 -> 00000001
11111110 -> 11000001
00100110 -> 01000000

Now, determine the output for: 00010101",00100000
e60752d5,"In Alice's Wonderland, a secret unit conversion is applied to measurements. For example:
40.62 m becomes 46.27
43.17 m becomes 49.17
31.66 m becomes 36.06
17.22 m becomes 19.61
Now, convert the following measurement: 23.23 m",26.46
e61c8872,"In Alice's Wonderland, a secret unit conversion is applied to measurements. For example:
32.75 m becomes 21.00
31.69 m becomes 20.32
45.1 m becomes 28.92
12.31 m becomes 7.89
Now, convert the following measurement: 25.17 m",16.14
e620b293,"In Alice's Wonderland, the gravitational constant has been secretly changed. Here are some example observations:
For t = 3.0s, distance = 23.24 m
For t = 3.23s, distance = 26.94 m
For t = 1.56s, distance = 6.29 m
Now, determine the falling distance for t = 1.89s given d = 0.5*g*t^2.",9.23
e625f5a7,"In Alice's Wonderland, a secret bit manipulation rule transforms 8-bit binary numbers. The transformation involves operations like bit shifts, rotations, XOR, AND, OR, NOT, and possibly majority or choice functions.

Here are some examples of input -> output:
11001111 -> 11110111
01000111 -> 00100010
00110101 -> 01011010
11010101 -> 01101010
01111101 -> 11111010
11010011 -> 00100001
10101100 -> 01010000
01111111 -> 11111110

Now, determine the output for: 10011010",00100101
e62b6ae9,"In Alice's Wonderland, a secret set of transformation rules is applied to equations. Below are a few examples:
""<*#"" = !<#""
[[-!% = -#""
%""*!"" = ![#""
Now, determine the result for: `!*^<",[[`<
e6491c2b,"In Alice's Wonderland, numbers are secretly converted into a different numeral system. Some examples are given below:
24 -> XXIV
39 -> XXXIX
10 -> X
97 -> XCVII
35 -> XXXV
Now, write the number 29 in the Wonderland numeral system.",XXIX
e661b7dc,"In Alice's Wonderland, the gravitational constant has been secretly changed. Here are some example observations:
For t = 4.86s, distance = 155.26 m
For t = 4.35s, distance = 124.39 m
For t = 4.15s, distance = 113.21 m
For t = 1.99s, distance = 26.03 m
Now, determine the falling distance for t = 1.71s given d = 0.5*g*t^2.",19.22
e6af1658,"In Alice's Wonderland, a secret set of transformation rules is applied to equations. Below are a few examples:
){-}! = /""
[""+/] = /#{
""}-/) = {/
""]+() = [!
}]-]{ = /""
Now, determine the result for: )]*][",)})/
e6af1a6e,"In Alice's Wonderland, numbers are secretly converted into a different numeral system. Some examples are given below:
50 -> L
83 -> LXXXIII
31 -> XXXI
93 -> XCIII
61 -> LXI
Now, write the number 17 in the Wonderland numeral system.",XVII
e6c5de97,"In Alice's Wonderland, a secret unit conversion is applied to measurements. For example:
9.86 m becomes 11.06
44.17 m becomes 49.55
13.49 m becomes 15.13
18.85 m becomes 21.15
26.86 m becomes 30.13
Now, convert the following measurement: 34.44 m",38.64
e6d2a064,"In Alice's Wonderland, a secret bit manipulation rule transforms 8-bit binary numbers. The transformation involves operations like bit shifts, rotations, XOR, AND, OR, NOT, and possibly majority or choice functions.

Here are some examples of input -> output:
11010110 -> 01111101
01011011 -> 11111000
00001111 -> 00100010
10001101 -> 01111011
11011011 -> 11101001
11101011 -> 00101111
11010100 -> 00110101

Now, determine the output for: 01100100",11100011
e6d3a97b,"In Alice's Wonderland, a secret bit manipulation rule transforms 8-bit binary numbers. The transformation involves operations like bit shifts, rotations, XOR, AND, OR, NOT, and possibly majority or choice functions.

Here are some examples of input -> output:
00111110 -> 01110010
00011000 -> 00001111
01111010 -> 11011000
11010110 -> 11100101
11101010 -> 01111101
00100000 -> 10111110
00111000 -> 01001110
11111111 -> 11111111
00001000 -> 10101111

Now, determine the output for: 01111011",11010010
e6f59041,"In Alice's Wonderland, numbers are secretly converted into a different numeral system. Some examples are given below:
87 -> LXXXVII
96 -> XCVI
18 -> XVIII
48 -> XLVIII
7 -> VII
Now, write the number 63 in the Wonderland numeral system.",LXIII
e76b11df,"In Alice's Wonderland, numbers are secretly converted into a different numeral system. Some examples are given below:
45 -> XLV
40 -> XL
87 -> LXXXVII
90 -> XC
26 -> XXVI
Now, write the number 28 in the Wonderland numeral system.",XXVIII
e776562e,"In Alice's Wonderland, a secret set of transformation rules is applied to equations. Below are a few examples:
$]+]# = @{{
@{|{$ = :$$
#$|\$ = @#\$
Now, determine the result for: %#+:\",@\%
e7c4366c,"In Alice's Wonderland, numbers are secretly converted into a different numeral system. Some examples are given below:
66 -> LXVI
8 -> VIII
40 -> XL
74 -> LXXIV
84 -> LXXXIV
Now, write the number 98 in the Wonderland numeral system.",XCVIII
e7c4abdb,"In Alice's Wonderland, a secret unit conversion is applied to measurements. For example:
47.12 m becomes 55.48
29.04 m becomes 34.19
28.67 m becomes 33.76
Now, convert the following measurement: 5.56 m",6.55
e7c7486e,"In Alice's Wonderland, a secret bit manipulation rule transforms 8-bit binary numbers. The transformation involves operations like bit shifts, rotations, XOR, AND, OR, NOT, and possibly majority or choice functions.

Here are some examples of input -> output:
11110000 -> 00111000
00001101 -> 00000010
00111100 -> 00001110
10101101 -> 01100010
01111110 -> 10011111
01010111 -> 11100001
01011111 -> 11100111
01110100 -> 00011000
01001100 -> 00000010

Now, determine the output for: 01011110",10000111
e7ddff5c,"In Alice's Wonderland, a secret unit conversion is applied to measurements. For example:
15.4 m becomes 9.04
41.92 m becomes 24.62
41.47 m becomes 24.35
Now, convert the following measurement: 22.61 m",13.28
e7dfe7d3,"In Alice's Wonderland, a secret set of transformation rules is applied to equations. Below are a few examples:
25)26 = 650
58)11 = 638
19%96 = 116
Now, determine the result for: 21+84",0
e800a0d1,"In Alice's Wonderland, the gravitational constant has been secretly changed. Here are some example observations:
For t = 3.27s, distance = 32.0 m
For t = 3.24s, distance = 31.42 m
For t = 1.23s, distance = 4.53 m
Now, determine the falling distance for t = 2.65s given d = 0.5*g*t^2.",21.02
e8011eb6,"In Alice's Wonderland, a secret set of transformation rules is applied to equations. Below are a few examples:
!%*/! = !""||
|%*|$ = $>>""
&%+%"" = &%%""
Now, determine the result for: !]*/>",]$|%
e8218e9d,"In Alice's Wonderland, a secret bit manipulation rule transforms 8-bit binary numbers. The transformation involves operations like bit shifts, rotations, XOR, AND, OR, NOT, and possibly majority or choice functions.

Here are some examples of input -> output:
00000101 -> 00101000
10110001 -> 10011101
00101001 -> 01011001
01100010 -> 00110011
10110110 -> 11010101
10010001 -> 10001100
00110010 -> 10010001
10010100 -> 11100100

Now, determine the output for: 00111000",01000001
e821a3ca,"In Alice's Wonderland, a secret bit manipulation rule transforms 8-bit binary numbers. The transformation involves operations like bit shifts, rotations, XOR, AND, OR, NOT, and possibly majority or choice functions.

Here are some examples of input -> output:
10000110 -> 10101101
00010100 -> 01010101
10111111 -> 11110111
11001110 -> 11011011
10010100 -> 00110101
10110001 -> 10100111
01101101 -> 00111011

Now, determine the output for: 10000001",00110111
e821b39e,"In Alice's Wonderland, numbers are secretly converted into a different numeral system. Some examples are given below:
29 -> XXIX
28 -> XXVIII
44 -> XLIV
Now, write the number 48 in the Wonderland numeral system.",XLVIII
e82ed6be,"In Alice's Wonderland, a secret set of transformation rules is applied to equations. Below are a few examples:
{{+!? = $/
)/+$$ = >/?
?$+<$ = ?/?
!'@!{ = <!
$/*?' = $>')
Now, determine the result for: $""+$/",/'?
e830b594,"In Alice's Wonderland, a secret unit conversion is applied to measurements. For example:
47.45 m becomes 91.30
24.88 m becomes 47.87
7.44 m becomes 14.32
41.62 m becomes 80.08
27.0 m becomes 51.95
Now, convert the following measurement: 14.32 m",27.55
e864916f,"In Alice's Wonderland, numbers are secretly converted into a different numeral system. Some examples are given below:
1 -> I
7 -> VII
78 -> LXXVIII
Now, write the number 77 in the Wonderland numeral system.",LXXVII
e8970401,"In Alice's Wonderland, a secret bit manipulation rule transforms 8-bit binary numbers. The transformation involves operations like bit shifts, rotations, XOR, AND, OR, NOT, and possibly majority or choice functions.

Here are some examples of input -> output:
00101010 -> 11011101
11001011 -> 11100111
00110011 -> 00011101
11010101 -> 10101010
00101001 -> 00111101
10000111 -> 00000111
01101001 -> 00111101

Now, determine the output for: 00100110",00011111
e89c56a6,"In Alice's Wonderland, numbers are secretly converted into a different numeral system. Some examples are given below:
17 -> XVII
69 -> LXIX
12 -> XII
46 -> XLVI
Now, write the number 11 in the Wonderland numeral system.",XI
e8abdc14,"In Alice's Wonderland, the gravitational constant has been secretly changed. Here are some example observations:
For t = 3.95s, distance = 68.95 m
For t = 3.45s, distance = 52.6 m
For t = 1.35s, distance = 8.05 m
For t = 4.39s, distance = 85.16 m
Now, determine the falling distance for t = 4.55s given d = 0.5*g*t^2.",91.48
e8cc1380,"In Alice's Wonderland, numbers are secretly converted into a different numeral system. Some examples are given below:
98 -> XCVIII
92 -> XCII
82 -> LXXXII
45 -> XLV
26 -> XXVI
Now, write the number 35 in the Wonderland numeral system.",XXXV
e8de8b47,"In Alice's Wonderland, a secret set of transformation rules is applied to equations. Below are a few examples:
99\73 = 171
28}55 = 1540
96\90 = 185
48$12 = 0
Now, determine the result for: 57$56",1
e8deeee0,"In Alice's Wonderland, numbers are secretly converted into a different numeral system. Some examples are given below:
3 -> III
7 -> VII
55 -> LV
39 -> XXXIX
16 -> XVI
Now, write the number 87 in the Wonderland numeral system.",LXXXVII
e8f13284,"In Alice's Wonderland, numbers are secretly converted into a different numeral system. Some examples are given below:
63 -> LXIII
42 -> XLII
16 -> XVI
Now, write the number 81 in the Wonderland numeral system.",LXXXI
e90d9fcc,"In Alice's Wonderland, numbers are secretly converted into a different numeral system. Some examples are given below:
81 -> LXXXI
40 -> XL
16 -> XVI
Now, write the number 49 in the Wonderland numeral system.",XLIX
e93a7809,"In Alice's Wonderland, numbers are secretly converted into a different numeral system. Some examples are given below:
94 -> XCIV
62 -> LXII
1 -> I
50 -> L
35 -> XXXV
Now, write the number 88 in the Wonderland numeral system.",LXXXVIII
e93aca45,"In Alice's Wonderland, a secret unit conversion is applied to measurements. For example:
48.66 m becomes 72.81
45.39 m becomes 67.92
13.31 m becomes 19.92
Now, convert the following measurement: 14.13 m",21.14
e960bc46,"In Alice's Wonderland, numbers are secretly converted into a different numeral system. Some examples are given below:
32 -> XXXII
42 -> XLII
93 -> XCIII
13 -> XIII
Now, write the number 64 in the Wonderland numeral system.",LXIV
e9631059,"In Alice's Wonderland, the gravitational constant has been secretly changed. Here are some example observations:
For t = 3.09s, distance = 76.49 m
For t = 4.83s, distance = 186.89 m
For t = 3.28s, distance = 86.18 m
For t = 4.15s, distance = 137.97 m
For t = 4.89s, distance = 191.56 m
Now, determine the falling distance for t = 4.82s given d = 0.5*g*t^2.",186.11
e9634ab2,"In Alice's Wonderland, the gravitational constant has been secretly changed. Here are some example observations:
For t = 1.03s, distance = 2.6 m
For t = 1.86s, distance = 8.49 m
For t = 3.94s, distance = 38.12 m
For t = 3.69s, distance = 33.43 m
For t = 3.14s, distance = 24.21 m
Now, determine the falling distance for t = 4.6s given d = 0.5*g*t^2.",51.96
e9675928,"In Alice's Wonderland, numbers are secretly converted into a different numeral system. Some examples are given below:
58 -> LVIII
45 -> XLV
78 -> LXXVIII
Now, write the number 64 in the Wonderland numeral system.",LXIV
e9a4a228,"In Alice's Wonderland, a secret unit conversion is applied to measurements. For example:
9.07 m becomes 15.55
32.4 m becomes 55.54
10.03 m becomes 17.19
Now, convert the following measurement: 40.79 m",69.92
e9a9f047,"In Alice's Wonderland, a secret set of transformation rules is applied to equations. Below are a few examples:
<\*{) = ))@
\[+\\ = {<\
{@+(| = {[<
`@-{[ = @
`""*<{ = {[<(
Now, determine the result for: <<+)\",|(
e9aece37,"In Alice's Wonderland, a secret set of transformation rules is applied to equations. Below are a few examples:
""(*""` = \#`}
#}+'( = ??
}""-%` = '}
Now, determine the result for: """"*((","[`""`"
e9afa4a0,"In Alice's Wonderland, a secret set of transformation rules is applied to equations. Below are a few examples:
56-18 = 73
49{82 = 4019
26}35 = }9
Now, determine the result for: 13}64",}51
e9dff6f8,"In Alice's Wonderland, the gravitational constant has been secretly changed. Here are some example observations:
For t = 3.1s, distance = 57.54 m
For t = 4.38s, distance = 114.87 m
For t = 3.11s, distance = 57.91 m
For t = 4.03s, distance = 97.24 m
Now, determine the falling distance for t = 1.58s given d = 0.5*g*t^2.",14.95
e9eab1d5,"In Alice's Wonderland, the gravitational constant has been secretly changed. Here are some example observations:
For t = 3.62s, distance = 54.98 m
For t = 2.95s, distance = 36.51 m
For t = 3.79s, distance = 60.27 m
For t = 4.96s, distance = 103.23 m
For t = 1.86s, distance = 14.52 m
Now, determine the falling distance for t = 1.18s given d = 0.5*g*t^2.",5.84
e9f8559a,"In Alice's Wonderland, a secret set of transformation rules is applied to equations. Below are a few examples:
{'*:> = :""??
{'+|: = >>
:{+|! = )}
''+'> = >){
Now, determine the result for: !'*!""",!|:'
ea04ed35,"In Alice's Wonderland, a secret set of transformation rules is applied to equations. Below are a few examples:
)}-|| = ""|
%&*""& = ""$)|
:""+:: = [[%
Now, determine the result for: ||+$&","|"""
ea10e59c,"In Alice's Wonderland, a secret bit manipulation rule transforms 8-bit binary numbers. The transformation involves operations like bit shifts, rotations, XOR, AND, OR, NOT, and possibly majority or choice functions.

Here are some examples of input -> output:
10010001 -> 00100000
01001111 -> 10100110
01111111 -> 11111110
10110010 -> 01000001
01010100 -> 10101000
01111100 -> 10111000
10000110 -> 01000001
00100001 -> 00000000

Now, determine the output for: 00011101",00101010
ea23402d,"In Alice's Wonderland, numbers are secretly converted into a different numeral system. Some examples are given below:
47 -> XLVII
41 -> XLI
40 -> XL
10 -> X
Now, write the number 68 in the Wonderland numeral system.",LXVIII
ea3036b3,"In Alice's Wonderland, numbers are secretly converted into a different numeral system. Some examples are given below:
47 -> XLVII
9 -> IX
95 -> XCV
6 -> VI
Now, write the number 9 in the Wonderland numeral system.",IX
ea34e037,"In Alice's Wonderland, numbers are secretly converted into a different numeral system. Some examples are given below:
59 -> LIX
27 -> XXVII
49 -> XLIX
28 -> XXVIII
Now, write the number 23 in the Wonderland numeral system.",XXIII
ea44eb4d,"In Alice's Wonderland, a secret unit conversion is applied to measurements. For example:
46.66 m becomes 54.75
16.02 m becomes 18.80
45.92 m becomes 53.88
Now, convert the following measurement: 30.62 m",35.93
ea6d926a,"In Alice's Wonderland, a secret set of transformation rules is applied to equations. Below are a few examples:
15-77 = 62
78*32 = 2002
41-05 = 8
95*11 = 056
Now, determine the result for: 25+62",87
ea79a0b1,"In Alice's Wonderland, the gravitational constant has been secretly changed. Here are some example observations:
For t = 4.85s, distance = 96.95 m
For t = 3.18s, distance = 41.68 m
For t = 3.53s, distance = 51.36 m
Now, determine the falling distance for t = 4.13s given d = 0.5*g*t^2.",70.3
ea829b32,"In Alice's Wonderland, a secret set of transformation rules is applied to equations. Below are a few examples:
85]82 = ]3
33]83 = ]50
98]60 = ]38
87]79 = ]8
Now, determine the result for: 54|97",151
ea838aea,"In Alice's Wonderland, a secret unit conversion is applied to measurements. For example:
11.75 m becomes 21.08
41.48 m becomes 74.42
32.52 m becomes 58.34
Now, convert the following measurement: 35.0 m",62.79
ea99f092,"In Alice's Wonderland, the gravitational constant has been secretly changed. Here are some example observations:
For t = 1.86s, distance = 21.87 m
For t = 2.79s, distance = 49.2 m
For t = 4.85s, distance = 148.68 m
For t = 4.62s, distance = 134.91 m
For t = 1.43s, distance = 12.93 m
Now, determine the falling distance for t = 3.88s given d = 0.5*g*t^2.",95.15
ea9f3811,"In Alice's Wonderland, a secret set of transformation rules is applied to equations. Below are a few examples:
82+71 = 8271
37{45 = 1666
22+80 = 2280
21+73 = 2173
Now, determine the result for: 46}59",}13
eabc719f,"In Alice's Wonderland, a secret set of transformation rules is applied to equations. Below are a few examples:
\/-`> = $%%/
`$:%] = >/`
/>:/$ = >|\
Now, determine the result for: `""-%""","/$"""""
ead0b0ae,"In Alice's Wonderland, a secret unit conversion is applied to measurements. For example:
13.58 m becomes 26.41
43.78 m becomes 85.15
32.71 m becomes 63.62
Now, convert the following measurement: 27.01 m",52.53
ead0e1dd,"In Alice's Wonderland, a secret set of transformation rules is applied to equations. Below are a few examples:
87`52 = 35
65`02 = 63
62`09 = `46
Now, determine the result for: 63/38",911
ead8e193,"In Alice's Wonderland, a secret unit conversion is applied to measurements. For example:
17.22 m becomes 24.06
26.45 m becomes 36.95
20.75 m becomes 28.99
43.66 m becomes 61.00
41.29 m becomes 57.69
Now, convert the following measurement: 25.1 m",35.07
eae192e0,"In Alice's Wonderland, a secret unit conversion is applied to measurements. For example:
27.76 m becomes 49.53
43.47 m becomes 77.56
15.42 m becomes 27.51
28.87 m becomes 51.51
Now, convert the following measurement: 31.53 m",56.26
eaee053d,"In Alice's Wonderland, numbers are secretly converted into a different numeral system. Some examples are given below:
79 -> LXXIX
23 -> XXIII
10 -> X
94 -> XCIV
72 -> LXXII
Now, write the number 73 in the Wonderland numeral system.",LXXIII
eaf49e67,"In Alice's Wonderland, numbers are secretly converted into a different numeral system. Some examples are given below:
86 -> LXXXVI
33 -> XXXIII
31 -> XXXI
Now, write the number 65 in the Wonderland numeral system.",LXV
eaff1801,"In Alice's Wonderland, the gravitational constant has been secretly changed. Here are some example observations:
For t = 1.56s, distance = 21.76 m
For t = 2.77s, distance = 68.62 m
For t = 3.35s, distance = 100.37 m
For t = 4.51s, distance = 181.91 m
For t = 4.37s, distance = 170.79 m
Now, determine the falling distance for t = 1.71s given d = 0.5*g*t^2.",26.15
eb0ad1d2,"In Alice's Wonderland, a secret unit conversion is applied to measurements. For example:
20.28 m becomes 18.03
13.75 m becomes 12.22
37.57 m becomes 33.39
15.04 m becomes 13.37
29.22 m becomes 25.97
Now, convert the following measurement: 34.08 m",30.29
eb0b6c1f,"In Alice's Wonderland, numbers are secretly converted into a different numeral system. Some examples are given below:
82 -> LXXXII
93 -> XCIII
12 -> XII
59 -> LIX
Now, write the number 24 in the Wonderland numeral system.",XXIV
eb0dcb97,"In Alice's Wonderland, a secret set of transformation rules is applied to equations. Below are a few examples:
#@+{$ = )""[
#$+<"" = {#[
#)-<} = -@[
#)*<"" = <""[{
Now, determine the result for: #}-""#",${
eb1a62f7,"In Alice's Wonderland, a secret set of transformation rules is applied to equations. Below are a few examples:
)^-{! = -(@
>)+}@ = }}{
%%+?^ = )@{
Now, determine the result for: )}*>)",>!>}
eb20ea88,"In Alice's Wonderland, a secret bit manipulation rule transforms 8-bit binary numbers. The transformation involves operations like bit shifts, rotations, XOR, AND, OR, NOT, and possibly majority or choice functions.

Here are some examples of input -> output:
01110000 -> 00011111
00000000 -> 00000000
11001111 -> 11111111
01000111 -> 01110101
00001110 -> 11100011
01011010 -> 10110111
11111100 -> 11111111
10111000 -> 10101111
00101000 -> 10001010
00110010 -> 00101111

Now, determine the output for: 00000011",00110000
eb26f607,"In Alice's Wonderland, a secret unit conversion is applied to measurements. For example:
34.93 m becomes 24.37
32.75 m becomes 22.85
18.97 m becomes 13.23
15.75 m becomes 10.99
11.3 m becomes 7.88
Now, convert the following measurement: 46.75 m",32.61
eb27e9e9,"In Alice's Wonderland, a secret unit conversion is applied to measurements. For example:
27.67 m becomes 48.51
37.6 m becomes 65.92
36.23 m becomes 63.52
47.37 m becomes 83.05
39.77 m becomes 69.73
Now, convert the following measurement: 44.9 m",78.72
eb2d32ba,"In Alice's Wonderland, numbers are secretly converted into a different numeral system. Some examples are given below:
77 -> LXXVII
86 -> LXXXVI
40 -> XL
Now, write the number 44 in the Wonderland numeral system.",XLIV
eb354353,"In Alice's Wonderland, a secret set of transformation rules is applied to equations. Below are a few examples:
//}|< = @|/<
[@!""/ = \%
""&!\/ = !@""
%/}@@ = &%/%
Now, determine the result for: %%}||",\%<%
eb59e331,"In Alice's Wonderland, the gravitational constant has been secretly changed. Here are some example observations:
For t = 4.7s, distance = 117.02 m
For t = 4.01s, distance = 85.18 m
For t = 2.51s, distance = 33.37 m
For t = 2.87s, distance = 43.63 m
Now, determine the falling distance for t = 4.98s given d = 0.5*g*t^2.",131.38
eb5ffb87,"In Alice's Wonderland, the gravitational constant has been secretly changed. Here are some example observations:
For t = 2.46s, distance = 52.52 m
For t = 3.65s, distance = 115.63 m
For t = 3.11s, distance = 83.95 m
Now, determine the falling distance for t = 4.92s given d = 0.5*g*t^2.",210.1
eb8161ef,"In Alice's Wonderland, a secret unit conversion is applied to measurements. For example:
49.72 m becomes 43.96
30.39 m becomes 26.87
7.91 m becomes 6.99
10.03 m becomes 8.87
Now, convert the following measurement: 27.09 m",23.95
eb9963a8,"In Alice's Wonderland, numbers are secretly converted into a different numeral system. Some examples are given below:
91 -> XCI
17 -> XVII
69 -> LXIX
Now, write the number 1 in the Wonderland numeral system.",I
eba1891f,"In Alice's Wonderland, the gravitational constant has been secretly changed. Here are some example observations:
For t = 1.16s, distance = 12.44 m
For t = 2.55s, distance = 60.13 m
For t = 3.25s, distance = 97.67 m
For t = 1.89s, distance = 33.03 m
For t = 3.54s, distance = 115.87 m
Now, determine the falling distance for t = 2.69s given d = 0.5*g*t^2.",66.91
ebc56423,"In Alice's Wonderland, a secret set of transformation rules is applied to equations. Below are a few examples:
`&-}[ = -[`
`[-%) = -((
(&-(% = ->:
Now, determine the result for: [[-)}",-(`
ebd70c52,"In Alice's Wonderland, numbers are secretly converted into a different numeral system. Some examples are given below:
59 -> LIX
22 -> XXII
75 -> LXXV
Now, write the number 57 in the Wonderland numeral system.",LVII
ebe82de2,"In Alice's Wonderland, the gravitational constant has been secretly changed. Here are some example observations:
For t = 2.33s, distance = 20.73 m
For t = 3.26s, distance = 40.59 m
For t = 2.76s, distance = 29.09 m
For t = 4.35s, distance = 72.27 m
Now, determine the falling distance for t = 2.63s given d = 0.5*g*t^2.",26.42
ec1a957f,"In Alice's Wonderland, numbers are secretly converted into a different numeral system. Some examples are given below:
4 -> IV
84 -> LXXXIV
92 -> XCII
24 -> XXIV
62 -> LXII
Now, write the number 57 in the Wonderland numeral system.",LVII
ec1ee4b2,"In Alice's Wonderland, the gravitational constant has been secretly changed. Here are some example observations:
For t = 2.17s, distance = 31.32 m
For t = 1.83s, distance = 22.27 m
For t = 2.34s, distance = 36.42 m
For t = 3.37s, distance = 75.53 m
Now, determine the falling distance for t = 3.78s given d = 0.5*g*t^2.",95.02
ec2099f5,"In Alice's Wonderland, a secret set of transformation rules is applied to equations. Below are a few examples:
\@-|@ = \
\@*:! = }:}:
|:-\[ = -\\
]}*}\ = :}:
}\-\@ = -'[
Now, determine the result for: }[*][",:]'\
ec37a5e7,"In Alice's Wonderland, a secret set of transformation rules is applied to equations. Below are a few examples:
15*06 = 0603
81*54 = 018
35*55 = 5192
46*95 = 6773
82*78 = 6342
Now, determine the result for: 42-59",-17
ec46d596,"In Alice's Wonderland, a secret bit manipulation rule transforms 8-bit binary numbers. The transformation involves operations like bit shifts, rotations, XOR, AND, OR, NOT, and possibly majority or choice functions.

Here are some examples of input -> output:
10100000 -> 11111011
10100011 -> 00011011
01110000 -> 11111001
01001101 -> 00110110
11101001 -> 11110110
10001001 -> 11001110
11001111 -> 10100111
01101011 -> 01110111

Now, determine the output for: 00011110",10111111
ec695c4d,"In Alice's Wonderland, a secret unit conversion is applied to measurements. For example:
42.35 m becomes 70.76
18.9 m becomes 31.58
19.03 m becomes 31.79
Now, convert the following measurement: 13.77 m",23.01
ec8b4875,"In Alice's Wonderland, a secret set of transformation rules is applied to equations. Below are a few examples:
%?*:? = ?""::
""<*<% = <]]?
@:-:: = -""
Now, determine the result for: |@*<!","|""]"
ec8e6754,"In Alice's Wonderland, the gravitational constant has been secretly changed. Here are some example observations:
For t = 4.58s, distance = 165.9 m
For t = 4.82s, distance = 183.74 m
For t = 4.13s, distance = 134.9 m
Now, determine the falling distance for t = 3.48s given d = 0.5*g*t^2.",95.78
ec92f091,"In Alice's Wonderland, a secret set of transformation rules is applied to equations. Below are a few examples:
>`+>> = `/
$>-`$ = <
&]+>` = !>>
`$+$] = !\[
]$+!& = !\`
Now, determine the result for: ![+/[",</
ec9ccba4,"In Alice's Wonderland, numbers are secretly converted into a different numeral system. Some examples are given below:
30 -> XXX
98 -> XCVIII
5 -> V
Now, write the number 99 in the Wonderland numeral system.",XCIX
ecc1cf14,"In Alice's Wonderland, a secret unit conversion is applied to measurements. For example:
37.04 m becomes 45.43
27.46 m becomes 33.68
32.87 m becomes 40.32
20.78 m becomes 25.49
21.61 m becomes 26.51
Now, convert the following measurement: 48.79 m",59.84
ecc958de,"In Alice's Wonderland, numbers are secretly converted into a different numeral system. Some examples are given below:
24 -> XXIV
47 -> XLVII
91 -> XCI
Now, write the number 9 in the Wonderland numeral system.",IX
ece1ab97,"In Alice's Wonderland, a secret unit conversion is applied to measurements. For example:
31.05 m becomes 42.88
22.41 m becomes 30.95
37.38 m becomes 51.63
31.33 m becomes 43.27
Now, convert the following measurement: 34.53 m",47.69
ecfe68cb,"In Alice's Wonderland, numbers are secretly converted into a different numeral system. Some examples are given below:
98 -> XCVIII
24 -> XXIV
45 -> XLV
9 -> IX
Now, write the number 100 in the Wonderland numeral system.",C
ed09402c,"In Alice's Wonderland, a secret unit conversion is applied to measurements. For example:
35.43 m becomes 54.05
49.45 m becomes 75.44
24.94 m becomes 38.05
19.25 m becomes 29.37
46.69 m becomes 71.23
Now, convert the following measurement: 32.68 m",49.86
ed09d71b,"In Alice's Wonderland, a secret unit conversion is applied to measurements. For example:
5.49 m becomes 8.98
48.7 m becomes 79.69
40.19 m becomes 65.77
Now, convert the following measurement: 41.14 m",67.32
ed0f2d1e,"In Alice's Wonderland, numbers are secretly converted into a different numeral system. Some examples are given below:
68 -> LXVIII
45 -> XLV
10 -> X
93 -> XCIII
Now, write the number 97 in the Wonderland numeral system.",XCVII
ed333177,"In Alice's Wonderland, a secret unit conversion is applied to measurements. For example:
14.2 m becomes 20.89
30.52 m becomes 44.91
20.55 m becomes 30.24
17.51 m becomes 25.77
21.66 m becomes 31.87
Now, convert the following measurement: 40.57 m",59.70
ed55a613,"In Alice's Wonderland, a secret unit conversion is applied to measurements. For example:
10.75 m becomes 8.06
13.32 m becomes 9.98
9.11 m becomes 6.83
44.1 m becomes 33.05
Now, convert the following measurement: 38.35 m",28.74
ed5c81ae,"In Alice's Wonderland, a secret bit manipulation rule transforms 8-bit binary numbers. The transformation involves operations like bit shifts, rotations, XOR, AND, OR, NOT, and possibly majority or choice functions.

Here are some examples of input -> output:
10100100 -> 00000100
00011100 -> 10000011
10010110 -> 10000010
00001100 -> 10000001
10000111 -> 11100000
10011001 -> 00010011
10111010 -> 00010111
01011011 -> 00000011

Now, determine the output for: 00100101",00100000
ed80cf3e,"In Alice's Wonderland, a secret set of transformation rules is applied to equations. Below are a few examples:
56-78 = -22
34-95 = -61
67+11 = 1167
Now, determine the result for: 31*14",1431
ed9827dc,"In Alice's Wonderland, a secret unit conversion is applied to measurements. For example:
14.5 m becomes 21.34
44.72 m becomes 65.81
49.43 m becomes 72.74
46.46 m becomes 68.37
47.3 m becomes 69.61
Now, convert the following measurement: 31.33 m",46.11
eda92556,"In Alice's Wonderland, a secret unit conversion is applied to measurements. For example:
14.45 m becomes 16.34
27.01 m becomes 30.54
7.55 m becomes 8.54
Now, convert the following measurement: 25.5 m",28.83
edb43422,"In Alice's Wonderland, a secret set of transformation rules is applied to equations. Below are a few examples:
@!*:' = /`@
:@*/` = :`{`
#$*:' = {$#
#@+$# = /:$
Now, determine the result for: '@+/`",@^$
edcb339f,"In Alice's Wonderland, numbers are secretly converted into a different numeral system. Some examples are given below:
81 -> LXXXI
77 -> LXXVII
57 -> LVII
Now, write the number 81 in the Wonderland numeral system.",LXXXI
edf364da,"In Alice's Wonderland, a secret set of transformation rules is applied to equations. Below are a few examples:
[!+$! = {:$
??*!{ = {:[?
{|+?] = ][
Now, determine the result for: ::*{[",$(%
ee07fd5c,"In Alice's Wonderland, numbers are secretly converted into a different numeral system. Some examples are given below:
86 -> LXXXVI
35 -> XXXV
75 -> LXXV
68 -> LXVIII
2 -> II
Now, write the number 15 in the Wonderland numeral system.",XV
ee348712,"In Alice's Wonderland, the gravitational constant has been secretly changed. Here are some example observations:
For t = 2.88s, distance = 26.91 m
For t = 3.55s, distance = 40.89 m
For t = 2.28s, distance = 16.87 m
Now, determine the falling distance for t = 2.27s given d = 0.5*g*t^2.",16.72
ee453cb4,"In Alice's Wonderland, a secret unit conversion is applied to measurements. For example:
26.35 m becomes 46.98
34.98 m becomes 62.37
34.88 m becomes 62.19
Now, convert the following measurement: 48.52 m",86.51
ee49f4b7,"In Alice's Wonderland, a secret set of transformation rules is applied to equations. Below are a few examples:
(&-)^ = -#@
)[*)] = )][
<^\@@ = )[&
&#-'# = -)[
Now, determine the result for: '(*<)",)(^(
ee96930b,"In Alice's Wonderland, numbers are secretly converted into a different numeral system. Some examples are given below:
69 -> LXIX
67 -> LXVII
54 -> LIV
Now, write the number 34 in the Wonderland numeral system.",XXXIV
eeac10f6,"In Alice's Wonderland, a secret bit manipulation rule transforms 8-bit binary numbers. The transformation involves operations like bit shifts, rotations, XOR, AND, OR, NOT, and possibly majority or choice functions.

Here are some examples of input -> output:
00110111 -> 00110011
01011001 -> 10101101
10101000 -> 10111110
10110101 -> 01110110
00110011 -> 00011001
01001011 -> 00110101
00011101 -> 00100111

Now, determine the output for: 10000101",11011110
eeae398e,"In Alice's Wonderland, a secret set of transformation rules is applied to equations. Below are a few examples:
63]67 = 4
18]81 = 9
72-22 = 95
64]48 = 16
65]15 = 5
Now, determine the result for: 65/58",3770
eebbc531,"In Alice's Wonderland, a secret unit conversion is applied to measurements. For example:
42.96 m becomes 46.23
35.03 m becomes 37.70
23.56 m becomes 25.35
49.02 m becomes 52.75
Now, convert the following measurement: 40.3 m",43.37
eedd22d7,"In Alice's Wonderland, a secret unit conversion is applied to measurements. For example:
48.39 m becomes 52.33
30.24 m becomes 32.70
48.17 m becomes 52.10
39.76 m becomes 43.00
Now, convert the following measurement: 21.18 m",22.91
eee99d16,"In Alice's Wonderland, the gravitational constant has been secretly changed. Here are some example observations:
For t = 3.44s, distance = 63.78 m
For t = 4.17s, distance = 93.73 m
For t = 4.09s, distance = 90.17 m
For t = 4.07s, distance = 89.29 m
For t = 3.61s, distance = 70.24 m
Now, determine the falling distance for t = 3.93s given d = 0.5*g*t^2.",83.25
ef032cce,"In Alice's Wonderland, numbers are secretly converted into a different numeral system. Some examples are given below:
84 -> LXXXIV
54 -> LIV
19 -> XIX
10 -> X
Now, write the number 6 in the Wonderland numeral system.",VI
ef1351ad,"In Alice's Wonderland, a secret bit manipulation rule transforms 8-bit binary numbers. The transformation involves operations like bit shifts, rotations, XOR, AND, OR, NOT, and possibly majority or choice functions.

Here are some examples of input -> output:
00010100 -> 01011010
11010011 -> 11111011
01011010 -> 10111101
10100101 -> 11111110
01000111 -> 00110111
01101011 -> 01101101
11111010 -> 11101101
10111110 -> 11111111
00000101 -> 10010110

Now, determine the output for: 01000101",10100110
ef18d132,"In Alice's Wonderland, numbers are secretly converted into a different numeral system. Some examples are given below:
37 -> XXXVII
56 -> LVI
63 -> LXIII
Now, write the number 76 in the Wonderland numeral system.",LXXVI
ef260f7c,"In Alice's Wonderland, the gravitational constant has been secretly changed. Here are some example observations:
For t = 4.52s, distance = 100.21 m
For t = 2.12s, distance = 22.04 m
For t = 4.4s, distance = 94.96 m
For t = 3.17s, distance = 49.29 m
For t = 3.85s, distance = 72.7 m
Now, determine the falling distance for t = 1.11s given d = 0.5*g*t^2.",6.04
ef3c7703,"In Alice's Wonderland, the gravitational constant has been secretly changed. Here are some example observations:
For t = 2.55s, distance = 48.12 m
For t = 1.32s, distance = 12.89 m
For t = 3.91s, distance = 113.13 m
For t = 2.94s, distance = 63.96 m
Now, determine the falling distance for t = 1.99s given d = 0.5*g*t^2.",29.3
ef7fde0e,"In Alice's Wonderland, numbers are secretly converted into a different numeral system. Some examples are given below:
99 -> XCIX
9 -> IX
39 -> XXXIX
Now, write the number 34 in the Wonderland numeral system.",XXXIV
ef919762,"In Alice's Wonderland, a secret unit conversion is applied to measurements. For example:
21.73 m becomes 23.03
19.02 m becomes 20.16
11.14 m becomes 11.80
36.89 m becomes 39.09
Now, convert the following measurement: 15.34 m",16.26
efa7edc3,"In Alice's Wonderland, a secret set of transformation rules is applied to equations. Below are a few examples:
[)|(> = ([]/
(:{}] = :!}
^(|!> = ^[>)
])|}) = ]^>!
>}|:( = ]})}
Now, determine the result for: []|/)",//:}
efb39cd2,"In Alice's Wonderland, a secret bit manipulation rule transforms 8-bit binary numbers. The transformation involves operations like bit shifts, rotations, XOR, AND, OR, NOT, and possibly majority or choice functions.

Here are some examples of input -> output:
10000111 -> 01110000
11000111 -> 01111000
11100010 -> 01011100
01101011 -> 01101101
10101110 -> 11010101
01001010 -> 01001001
01100011 -> 01101100

Now, determine the output for: 11000100",10011000
efb78214,"In Alice's Wonderland, numbers are secretly converted into a different numeral system. Some examples are given below:
15 -> XV
9 -> IX
25 -> XXV
53 -> LIII
89 -> LXXXIX
Now, write the number 5 in the Wonderland numeral system.",V
efc95486,"In Alice's Wonderland, a secret set of transformation rules is applied to equations. Below are a few examples:
'/-]| = !
|!*/] = |!!@
'@-]} = }(
@<*!( = /|((
Now, determine the result for: '<-^!",'/
efc9691d,"In Alice's Wonderland, a secret set of transformation rules is applied to equations. Below are a few examples:
""[!#? = [)""
/\!["" = (""""
$(!?\ = (<""
(""!\< = <#
[<-<[ = /[<?
Now, determine the result for: <?+#/",+$(
f01f112b,"In Alice's Wonderland, a secret set of transformation rules is applied to equations. Below are a few examples:
$\+^{ = |$>
)""-$"" = $
||+>$ = {/>
%/+>\ = $>>
/$*>"" = /|{>
Now, determine the result for: {""+\|",$^>
f04202d4,"In Alice's Wonderland, numbers are secretly converted into a different numeral system. Some examples are given below:
31 -> XXXI
41 -> XLI
78 -> LXXVIII
81 -> LXXXI
10 -> X
Now, write the number 39 in the Wonderland numeral system.",XXXIX
f047727f,"In Alice's Wonderland, a secret unit conversion is applied to measurements. For example:
29.83 m becomes 32.62
24.68 m becomes 26.99
16.32 m becomes 17.85
7.31 m becomes 7.99
43.33 m becomes 47.39
Now, convert the following measurement: 8.32 m",9.10
f06547b1,"In Alice's Wonderland, a secret set of transformation rules is applied to equations. Below are a few examples:
%](]< = (\
%@{][ = )%@@
]<!%) = [[\
%%()% = ><
@'{)] = )\@>
Now, determine the result for: "">!'%","[%"""
f06d66f7,"In Alice's Wonderland, the gravitational constant has been secretly changed. Here are some example observations:
For t = 1.98s, distance = 32.55 m
For t = 1.66s, distance = 22.88 m
For t = 4.02s, distance = 134.17 m
For t = 2.6s, distance = 56.13 m
Now, determine the falling distance for t = 4.72s given d = 0.5*g*t^2.",184.97
f0816613,"In Alice's Wonderland, the gravitational constant has been secretly changed. Here are some example observations:
For t = 4.29s, distance = 174.22 m
For t = 3.1s, distance = 90.97 m
For t = 1.58s, distance = 23.63 m
Now, determine the falling distance for t = 3.95s given d = 0.5*g*t^2.",147.7
f083ceb1,"In Alice's Wonderland, numbers are secretly converted into a different numeral system. Some examples are given below:
23 -> XXIII
87 -> LXXXVII
73 -> LXXIII
Now, write the number 34 in the Wonderland numeral system.",XXXIV
f09672d3,"In Alice's Wonderland, a secret set of transformation rules is applied to equations. Below are a few examples:
}>-[! = '
/@+'! = /@'!
]]+>\ = ]]>\
Now, determine the result for: /[-}/",@]
f0b8dc9b,"In Alice's Wonderland, a secret unit conversion is applied to measurements. For example:
22.29 m becomes 20.36
32.32 m becomes 29.52
19.42 m becomes 17.74
7.3 m becomes 6.67
Now, convert the following measurement: 16.46 m",15.04
f0bc64ea,"In Alice's Wonderland, a secret unit conversion is applied to measurements. For example:
45.95 m becomes 80.36
44.32 m becomes 77.51
29.14 m becomes 50.96
47.75 m becomes 83.51
42.49 m becomes 74.31
Now, convert the following measurement: 43.36 m",75.83
f0c8102d,"In Alice's Wonderland, numbers are secretly converted into a different numeral system. Some examples are given below:
2 -> II
90 -> XC
44 -> XLIV
Now, write the number 43 in the Wonderland numeral system.",XLIII
f0c96085,"In Alice's Wonderland, numbers are secretly converted into a different numeral system. Some examples are given below:
37 -> XXXVII
59 -> LIX
4 -> IV
Now, write the number 65 in the Wonderland numeral system.",LXV
f0d774c0,"In Alice's Wonderland, the gravitational constant has been secretly changed. Here are some example observations:
For t = 3.12s, distance = 29.92 m
For t = 2.74s, distance = 23.07 m
For t = 4.49s, distance = 61.96 m
Now, determine the falling distance for t = 1.96s given d = 0.5*g*t^2.",11.81
f140dd5b,"In Alice's Wonderland, a secret unit conversion is applied to measurements. For example:
20.67 m becomes 18.45
46.85 m becomes 41.81
46.17 m becomes 41.21
Now, convert the following measurement: 24.52 m",21.88
f15f1307,"In Alice's Wonderland, numbers are secretly converted into a different numeral system. Some examples are given below:
65 -> LXV
8 -> VIII
27 -> XXVII
Now, write the number 16 in the Wonderland numeral system.",XVI
f1680db9,"In Alice's Wonderland, a secret set of transformation rules is applied to equations. Below are a few examples:
>}-@$ = :$
%>-@% = [@
:}+%$ = :}$
#$+'| = ::[
Now, determine the result for: #$*>$",:|#>
f18abb65,"In Alice's Wonderland, a secret bit manipulation rule transforms 8-bit binary numbers. The transformation involves operations like bit shifts, rotations, XOR, AND, OR, NOT, and possibly majority or choice functions.

Here are some examples of input -> output:
11010101 -> 00110101
11110100 -> 00111101
00101110 -> 11011011
00111100 -> 10111111
10101000 -> 01101010
10001111 -> 11111111
01011010 -> 00010110
10110110 -> 01101101
01110010 -> 10011101

Now, determine the output for: 00010110",01011101
f194560a,"In Alice's Wonderland, numbers are secretly converted into a different numeral system. Some examples are given below:
16 -> XVI
47 -> XLVII
41 -> XLI
68 -> LXVIII
54 -> LIV
Now, write the number 10 in the Wonderland numeral system.",X
f1a05733,"In Alice's Wonderland, a secret bit manipulation rule transforms 8-bit binary numbers. The transformation involves operations like bit shifts, rotations, XOR, AND, OR, NOT, and possibly majority or choice functions.

Here are some examples of input -> output:
01111100 -> 11111110
11000000 -> 11111100
01110101 -> 10111010
11011001 -> 01111100
11001111 -> 11111111
11011110 -> 01111111
00011010 -> 01001111
11101000 -> 01111100

Now, determine the output for: 10100010",01110101
f1d6e384,"In Alice's Wonderland, the gravitational constant has been secretly changed. Here are some example observations:
For t = 4.37s, distance = 165.63 m
For t = 3.36s, distance = 97.91 m
For t = 4.33s, distance = 162.61 m
For t = 3.59s, distance = 111.78 m
Now, determine the falling distance for t = 4.93s given d = 0.5*g*t^2.",210.79
f1e4cf96,"In Alice's Wonderland, numbers are secretly converted into a different numeral system. Some examples are given below:
31 -> XXXI
66 -> LXVI
68 -> LXVIII
45 -> XLV
Now, write the number 36 in the Wonderland numeral system.",XXXVI
f1faac46,"In Alice's Wonderland, a secret unit conversion is applied to measurements. For example:
8.85 m becomes 8.53
49.65 m becomes 47.87
42.31 m becomes 40.79
32.53 m becomes 31.36
9.72 m becomes 9.37
Now, convert the following measurement: 40.92 m",39.45
f201b48d,"In Alice's Wonderland, the gravitational constant has been secretly changed. Here are some example observations:
For t = 4.34s, distance = 103.13 m
For t = 2.67s, distance = 39.03 m
For t = 4.22s, distance = 97.5 m
For t = 4.97s, distance = 135.24 m
For t = 2.65s, distance = 38.45 m
Now, determine the falling distance for t = 2.0s given d = 0.5*g*t^2.",21.9
f20bf656,"In Alice's Wonderland, a secret bit manipulation rule transforms 8-bit binary numbers. The transformation involves operations like bit shifts, rotations, XOR, AND, OR, NOT, and possibly majority or choice functions.

Here are some examples of input -> output:
11000000 -> 00000001
00110000 -> 00000000
00000000 -> 00000000
01110111 -> 11100000
11101111 -> 11100001
10001110 -> 11000001
00101010 -> 01000000
01100100 -> 10000000

Now, determine the output for: 01010101",10100000
f2164aa5,"In Alice's Wonderland, the gravitational constant has been secretly changed. Here are some example observations:
For t = 2.77s, distance = 63.88 m
For t = 3.87s, distance = 124.69 m
For t = 4.93s, distance = 202.35 m
For t = 4.05s, distance = 136.56 m
For t = 2.16s, distance = 38.84 m
Now, determine the falling distance for t = 1.33s given d = 0.5*g*t^2.",14.73
f2209ca5,"In Alice's Wonderland, a secret set of transformation rules is applied to equations. Below are a few examples:
>:^@% = $]%@
@@}]# = :/
&]}]% = ]#
@$[$# = [%<
Now, determine the result for: $>}@/",>#<
f2399f16,"In Alice's Wonderland, a secret set of transformation rules is applied to equations. Below are a few examples:
#[!}} = >#
]]-?< = >""]
]](>> = <<
>#-<} = <#>}
Now, determine the result for: >}-<""",">}"""
f2664367,"In Alice's Wonderland, the gravitational constant has been secretly changed. Here are some example observations:
For t = 1.86s, distance = 19.43 m
For t = 4.5s, distance = 113.75 m
For t = 4.27s, distance = 102.42 m
For t = 2.33s, distance = 30.5 m
For t = 2.08s, distance = 24.3 m
Now, determine the falling distance for t = 3.94s given d = 0.5*g*t^2.",87.2
f278c735,"In Alice's Wonderland, a secret unit conversion is applied to measurements. For example:
28.54 m becomes 46.17
25.01 m becomes 40.46
18.93 m becomes 30.62
10.14 m becomes 16.40
28.66 m becomes 46.36
Now, convert the following measurement: 35.02 m",56.65
f29193ea,"In Alice's Wonderland, a secret set of transformation rules is applied to equations. Below are a few examples:
""#|@` = |%""
\:|%\ = |^\
^@!#^ = \\/>
^/[>% = ^/>%
Now, determine the result for: \>!""^",@%^
f297547e,"In Alice's Wonderland, a secret set of transformation rules is applied to equations. Below are a few examples:
{^*)^ = @'<<
}'-') = ^^
^^+)^ = \#
}\*'{ = \<@{
}{-<{ = <
Now, determine the result for: ))-)^",@}
f2a25cf9,"In Alice's Wonderland, a secret set of transformation rules is applied to equations. Below are a few examples:
?^>?: = )?#
):\#` = \!:
^(>#: = ){:
))\#? = \&:
`?>)) = :(
Now, determine the result for: #?>{&",:!
f2afa350,"In Alice's Wonderland, the gravitational constant has been secretly changed. Here are some example observations:
For t = 2.83s, distance = 53.2 m
For t = 2.8s, distance = 52.08 m
For t = 2.9s, distance = 55.87 m
For t = 2.44s, distance = 39.55 m
For t = 1.4s, distance = 13.02 m
Now, determine the falling distance for t = 3.08s given d = 0.5*g*t^2.",63.02
f2b1b6a7,"In Alice's Wonderland, numbers are secretly converted into a different numeral system. Some examples are given below:
83 -> LXXXIII
24 -> XXIV
47 -> XLVII
66 -> LXVI
7 -> VII
Now, write the number 2 in the Wonderland numeral system.",II
f2c26521,"In Alice's Wonderland, numbers are secretly converted into a different numeral system. Some examples are given below:
16 -> XVI
2 -> II
59 -> LIX
Now, write the number 89 in the Wonderland numeral system.",LXXXIX
f2ff37b2,"In Alice's Wonderland, a secret set of transformation rules is applied to equations. Below are a few examples:
66^67 = 1
87^60 = 27
80+96 = 8096
Now, determine the result for: 91(29",2639
f30a640c,"In Alice's Wonderland, numbers are secretly converted into a different numeral system. Some examples are given below:
53 -> LIII
82 -> LXXXII
18 -> XVIII
67 -> LXVII
30 -> XXX
Now, write the number 12 in the Wonderland numeral system.",XII
f360b419,"In Alice's Wonderland, the gravitational constant has been secretly changed. Here are some example observations:
For t = 1.74s, distance = 14.78 m
For t = 3.56s, distance = 61.88 m
For t = 2.73s, distance = 36.39 m
For t = 1.12s, distance = 6.12 m
For t = 3.46s, distance = 58.45 m
Now, determine the falling distance for t = 4.19s given d = 0.5*g*t^2.",85.72
f36fe07e,"In Alice's Wonderland, a secret set of transformation rules is applied to equations. Below are a few examples:
%!+&] = !:
!:*\! = :]&}
}\-:% = %!
?&*:! = ?!>}
Now, determine the result for: >?+%%","?""}"
f3792ef2,"In Alice's Wonderland, a secret unit conversion is applied to measurements. For example:
30.46 m becomes 45.15
26.63 m becomes 39.48
33.51 m becomes 49.68
19.17 m becomes 28.42
Now, convert the following measurement: 44.75 m",66.34
f3959455,"In Alice's Wonderland, a secret set of transformation rules is applied to equations. Below are a few examples:
|>-{{ = -|}
||-}{ = }/
>/-!$ = -|%
/$-/$ = ]
|{-}} = }/
Now, determine the result for: %%+%/",:$
f3acfe77,"In Alice's Wonderland, numbers are secretly converted into a different numeral system. Some examples are given below:
91 -> XCI
53 -> LIII
48 -> XLVIII
44 -> XLIV
61 -> LXI
Now, write the number 37 in the Wonderland numeral system.",XXXVII
f3b6828b,"In Alice's Wonderland, the gravitational constant has been secretly changed. Here are some example observations:
For t = 4.34s, distance = 89.23 m
For t = 1.34s, distance = 8.51 m
For t = 4.72s, distance = 105.53 m
For t = 1.35s, distance = 8.63 m
For t = 4.67s, distance = 103.31 m
Now, determine the falling distance for t = 2.37s given d = 0.5*g*t^2.",26.61
f3c73290,"In Alice's Wonderland, a secret set of transformation rules is applied to equations. Below are a few examples:
&$-?? = -/[
$/*[& = ?&&&
>/-`! = />
?$-`[ = ![
$&->! = -?
Now, determine the result for: !&*[>",`[$
f3cc989a,"In Alice's Wonderland, a secret bit manipulation rule transforms 8-bit binary numbers. The transformation involves operations like bit shifts, rotations, XOR, AND, OR, NOT, and possibly majority or choice functions.

Here are some examples of input -> output:
01101001 -> 00010000
00111011 -> 10011100
00110011 -> 00011000
01111100 -> 00011110
01011000 -> 00000100
00011001 -> 00000100
00010100 -> 00000000
01000010 -> 00100000

Now, determine the output for: 00010101",01000000
f3ce6fa4,"In Alice's Wonderland, a secret set of transformation rules is applied to equations. Below are a few examples:
<@-<% = -:""
{'+<| = :@?
:%+'| = '@?
Now, determine the result for: '<-""""","""{"
f3d9cd4b,"In Alice's Wonderland, a secret unit conversion is applied to measurements. For example:
16.55 m becomes 16.87
47.01 m becomes 47.92
13.7 m becomes 13.96
30.69 m becomes 31.28
Now, convert the following measurement: 23.74 m",24.20
f3e9b192,"In Alice's Wonderland, a secret unit conversion is applied to measurements. For example:
12.66 m becomes 13.65
48.99 m becomes 52.82
31.27 m becomes 33.72
Now, convert the following measurement: 13.36 m",14.41
f405e41d,"In Alice's Wonderland, numbers are secretly converted into a different numeral system. Some examples are given below:
18 -> XVIII
44 -> XLIV
32 -> XXXII
95 -> XCV
45 -> XLV
Now, write the number 13 in the Wonderland numeral system.",XIII
f417b927,"In Alice's Wonderland, a secret bit manipulation rule transforms 8-bit binary numbers. The transformation involves operations like bit shifts, rotations, XOR, AND, OR, NOT, and possibly majority or choice functions.

Here are some examples of input -> output:
01000110 -> 01101011
11001011 -> 01000010
00000010 -> 11110011
01100001 -> 10111011
01001101 -> 01010011
01101001 -> 10001011
10000110 -> 11101110

Now, determine the output for: 00011010",10100011
f42d89af,"In Alice's Wonderland, numbers are secretly converted into a different numeral system. Some examples are given below:
44 -> XLIV
10 -> X
79 -> LXXIX
72 -> LXXII
Now, write the number 81 in the Wonderland numeral system.",LXXXI
f45dd620,"In Alice's Wonderland, a secret set of transformation rules is applied to equations. Below are a few examples:
""{+:$ = $$\
!^+{: = \?\
""$+^{ = \$\
$$+'\ = \""
""$*\"" = ""^|^
Now, determine the result for: !'-${",-??
f47276a4,"In Alice's Wonderland, numbers are secretly converted into a different numeral system. Some examples are given below:
93 -> XCIII
56 -> LVI
53 -> LIII
Now, write the number 41 in the Wonderland numeral system.",XLI
f49ec314,"In Alice's Wonderland, a secret bit manipulation rule transforms 8-bit binary numbers. The transformation involves operations like bit shifts, rotations, XOR, AND, OR, NOT, and possibly majority or choice functions.

Here are some examples of input -> output:
11100100 -> 01110011
10001100 -> 01001110
00001110 -> 01001111
11100111 -> 01001011
01100011 -> 10111011
11110100 -> 11111011
01001101 -> 00011110
11010110 -> 11111111
00110101 -> 11111011

Now, determine the output for: 11111001",01110100
f4a1b386,"In Alice's Wonderland, a secret unit conversion is applied to measurements. For example:
5.45 m becomes 8.66
43.29 m becomes 68.79
31.24 m becomes 49.64
15.39 m becomes 24.46
34.77 m becomes 55.25
Now, convert the following measurement: 33.26 m",52.85
f4c0f677,"In Alice's Wonderland, numbers are secretly converted into a different numeral system. Some examples are given below:
23 -> XXIII
20 -> XX
49 -> XLIX
52 -> LII
Now, write the number 59 in the Wonderland numeral system.",LIX
f4cc7e98,"In Alice's Wonderland, a secret unit conversion is applied to measurements. For example:
27.29 m becomes 17.26
17.82 m becomes 11.27
23.24 m becomes 14.70
34.63 m becomes 21.90
42.32 m becomes 26.76
Now, convert the following measurement: 12.86 m",8.13
f4d3e67f,"In Alice's Wonderland, a secret set of transformation rules is applied to equations. Below are a few examples:
)\`{$ = :((
\\`{{ = $](
\]`$: = ^%(
$&[:{ = %\
Now, determine the result for: ^{[%)",%(
f4e1031d,"In Alice's Wonderland, the gravitational constant has been secretly changed. Here are some example observations:
For t = 2.9s, distance = 41.61 m
For t = 2.83s, distance = 39.62 m
For t = 1.27s, distance = 7.98 m
For t = 2.29s, distance = 25.95 m
For t = 3.74s, distance = 69.2 m
Now, determine the falling distance for t = 3.21s given d = 0.5*g*t^2.",50.98
f4eab30a,"In Alice's Wonderland, the gravitational constant has been secretly changed. Here are some example observations:
For t = 4.3s, distance = 162.44 m
For t = 3.39s, distance = 100.96 m
For t = 3.79s, distance = 126.19 m
For t = 2.53s, distance = 56.23 m
For t = 3.76s, distance = 124.2 m
Now, determine the falling distance for t = 2.65s given d = 0.5*g*t^2.",61.69
f4ebce25,"In Alice's Wonderland, a secret unit conversion is applied to measurements. For example:
12.67 m becomes 8.87
48.64 m becomes 34.05
20.21 m becomes 14.15
35.56 m becomes 24.89
Now, convert the following measurement: 24.02 m",16.81
f4f586f4,"In Alice's Wonderland, the gravitational constant has been secretly changed. Here are some example observations:
For t = 2.1s, distance = 12.06 m
For t = 4.77s, distance = 62.22 m
For t = 2.96s, distance = 23.96 m
For t = 2.7s, distance = 19.94 m
Now, determine the falling distance for t = 1.4s given d = 0.5*g*t^2.",5.36
f4f92956,"In Alice's Wonderland, a secret set of transformation rules is applied to equations. Below are a few examples:
}`|{] = ]@)
[)|@] = @{
)'#)] = #[@
Now, determine the result for: ()""%}",(`))
f5031c32,"In Alice's Wonderland, numbers are secretly converted into a different numeral system. Some examples are given below:
88 -> LXXXVIII
2 -> II
33 -> XXXIII
6 -> VI
48 -> XLVIII
Now, write the number 40 in the Wonderland numeral system.",XL
f507b7f1,"In Alice's Wonderland, a secret bit manipulation rule transforms 8-bit binary numbers. The transformation involves operations like bit shifts, rotations, XOR, AND, OR, NOT, and possibly majority or choice functions.

Here are some examples of input -> output:
11000100 -> 11011100
11101010 -> 00011101
00111011 -> 11001111
01000010 -> 11101110
10101000 -> 00011101
01101100 -> 00101111
10111100 -> 11111111

Now, determine the output for: 11000110",11001100
f508886a,"In Alice's Wonderland, numbers are secretly converted into a different numeral system. Some examples are given below:
86 -> LXXXVI
60 -> LX
74 -> LXXIV
Now, write the number 2 in the Wonderland numeral system.",II
f5126d48,"In Alice's Wonderland, a secret set of transformation rules is applied to equations. Below are a few examples:
$:-/& = {)
$/-)) = '
@:-&& = (/
Now, determine the result for: /@*$:",${&@
f519ace9,"In Alice's Wonderland, a secret set of transformation rules is applied to equations. Below are a few examples:
#^*#) = #^#)
)?+#? = %')
?#+^% = %'""
(]+?^ = #(
Now, determine the result for: ""'-""(",-(
f52edbc1,"In Alice's Wonderland, a secret set of transformation rules is applied to equations. Below are a few examples:
?&-]/ = -/{
{{-^? = {$
'}-^] = -/
&}+}` = `/&
Now, determine the result for: '?+}?",?{
f5927098,"In Alice's Wonderland, numbers are secretly converted into a different numeral system. Some examples are given below:
90 -> XC
90 -> XC
66 -> LXVI
12 -> XII
Now, write the number 62 in the Wonderland numeral system.",LXII
f59e5a40,"In Alice's Wonderland, numbers are secretly converted into a different numeral system. Some examples are given below:
90 -> XC
3 -> III
76 -> LXXVI
Now, write the number 77 in the Wonderland numeral system.",LXXVII
f5c57d9e,"In Alice's Wonderland, a secret unit conversion is applied to measurements. For example:
23.59 m becomes 19.81
18.03 m becomes 15.14
49.78 m becomes 41.80
Now, convert the following measurement: 14.65 m",12.30
f5e4615b,"In Alice's Wonderland, numbers are secretly converted into a different numeral system. Some examples are given below:
65 -> LXV
88 -> LXXXVIII
40 -> XL
Now, write the number 83 in the Wonderland numeral system.",LXXXIII
f607a27e,"In Alice's Wonderland, the gravitational constant has been secretly changed. Here are some example observations:
For t = 2.93s, distance = 59.27 m
For t = 3.87s, distance = 103.4 m
For t = 3.61s, distance = 89.98 m
For t = 1.1s, distance = 8.35 m
For t = 2.02s, distance = 28.17 m
Now, determine the falling distance for t = 1.45s given d = 0.5*g*t^2.",14.52
f611045a,"In Alice's Wonderland, the gravitational constant has been secretly changed. Here are some example observations:
For t = 1.65s, distance = 13.18 m
For t = 4.94s, distance = 118.13 m
For t = 1.58s, distance = 12.08 m
For t = 1.42s, distance = 9.76 m
For t = 2.54s, distance = 31.23 m
Now, determine the falling distance for t = 2.15s given d = 0.5*g*t^2.",22.38
f624f57c,"In Alice's Wonderland, a secret set of transformation rules is applied to equations. Below are a few examples:
[[>[| = @@|
$(>'/ = ']'/
/(:(@ = ]$
?]>$@ = `|'@
Now, determine the result for: $@:$(",[
f62bea45,"In Alice's Wonderland, numbers are secretly converted into a different numeral system. Some examples are given below:
3 -> III
60 -> LX
77 -> LXXVII
14 -> XIV
Now, write the number 3 in the Wonderland numeral system.",III
f642e7b5,"In Alice's Wonderland, a secret set of transformation rules is applied to equations. Below are a few examples:
88*48 = 1937
94+14 = 09
79+29 = 981
36*08 = 9305
Now, determine the result for: 73-48",-74
f6478b9f,"In Alice's Wonderland, the gravitational constant has been secretly changed. Here are some example observations:
For t = 2.48s, distance = 31.34 m
For t = 4.29s, distance = 93.79 m
For t = 3.95s, distance = 79.52 m
Now, determine the falling distance for t = 2.48s given d = 0.5*g*t^2.",31.34
f661a4d3,"In Alice's Wonderland, a secret unit conversion is applied to measurements. For example:
23.25 m becomes 14.70
16.81 m becomes 10.63
14.69 m becomes 9.29
Now, convert the following measurement: 8.02 m",5.07
f67b8172,"In Alice's Wonderland, the gravitational constant has been secretly changed. Here are some example observations:
For t = 2.07s, distance = 31.6 m
For t = 4.25s, distance = 133.21 m
For t = 4.45s, distance = 146.04 m
For t = 4.72s, distance = 164.3 m
Now, determine the falling distance for t = 1.81s given d = 0.5*g*t^2.",24.16
f68a0b15,"In Alice's Wonderland, the gravitational constant has been secretly changed. Here are some example observations:
For t = 1.69s, distance = 20.15 m
For t = 4.1s, distance = 118.61 m
For t = 3.11s, distance = 68.24 m
For t = 1.82s, distance = 23.37 m
For t = 1.96s, distance = 27.1 m
Now, determine the falling distance for t = 1.49s given d = 0.5*g*t^2.",15.66
f68f8c60,"In Alice's Wonderland, the gravitational constant has been secretly changed. Here are some example observations:
For t = 3.07s, distance = 92.16 m
For t = 3.02s, distance = 89.18 m
For t = 3.19s, distance = 99.51 m
For t = 2.86s, distance = 79.98 m
For t = 1.5s, distance = 22.0 m
Now, determine the falling distance for t = 3.73s given d = 0.5*g*t^2.",136.05
f6948af3,"In Alice's Wonderland, numbers are secretly converted into a different numeral system. Some examples are given below:
71 -> LXXI
28 -> XXVIII
76 -> LXXVI
46 -> XLVI
36 -> XXXVI
Now, write the number 18 in the Wonderland numeral system.",XVIII
f6a7fc15,"In Alice's Wonderland, numbers are secretly converted into a different numeral system. Some examples are given below:
53 -> LIII
80 -> LXXX
98 -> XCVIII
1 -> I
27 -> XXVII
Now, write the number 59 in the Wonderland numeral system.",LIX
f6ca90f6,"In Alice's Wonderland, a secret set of transformation rules is applied to equations. Below are a few examples:
95&98 = 192
12&95 = 106
69{88 = {19
42&95 = 136
43{53 = {10
Now, determine the result for: 54{23",31
f6eef71c,"In Alice's Wonderland, the gravitational constant has been secretly changed. Here are some example observations:
For t = 2.17s, distance = 20.37 m
For t = 4.34s, distance = 81.46 m
For t = 4.92s, distance = 104.69 m
For t = 4.01s, distance = 69.54 m
Now, determine the falling distance for t = 2.71s given d = 0.5*g*t^2.",31.76
f728db66,"In Alice's Wonderland, the gravitational constant has been secretly changed. Here are some example observations:
For t = 1.99s, distance = 32.71 m
For t = 2.21s, distance = 40.35 m
For t = 4.09s, distance = 138.19 m
Now, determine the falling distance for t = 1.15s given d = 0.5*g*t^2.",10.93
f729dd51,"In Alice's Wonderland, a secret unit conversion is applied to measurements. For example:
14.76 m becomes 29.37
32.74 m becomes 65.15
15.35 m becomes 30.55
31.55 m becomes 62.78
Now, convert the following measurement: 33.17 m",66.01
f72b004a,"In Alice's Wonderland, numbers are secretly converted into a different numeral system. Some examples are given below:
63 -> LXIII
79 -> LXXIX
88 -> LXXXVIII
Now, write the number 6 in the Wonderland numeral system.",VI
f737eeea,"In Alice's Wonderland, a secret unit conversion is applied to measurements. For example:
29.46 m becomes 48.37
40.63 m becomes 66.71
41.71 m becomes 68.48
39.62 m becomes 65.05
Now, convert the following measurement: 24.64 m",40.45
f757b0f0,"In Alice's Wonderland, a secret unit conversion is applied to measurements. For example:
43.87 m becomes 81.38
47.97 m becomes 88.99
15.05 m becomes 27.92
19.77 m becomes 36.68
29.1 m becomes 53.98
Now, convert the following measurement: 6.85 m",12.71
f75f4753,"In Alice's Wonderland, a secret unit conversion is applied to measurements. For example:
13.7 m becomes 7.17
7.38 m becomes 3.86
15.17 m becomes 7.94
28.16 m becomes 14.74
Now, convert the following measurement: 49.05 m",25.67
f78227f1,"In Alice's Wonderland, the gravitational constant has been secretly changed. Here are some example observations:
For t = 1.85s, distance = 12.15 m
For t = 1.53s, distance = 8.31 m
For t = 1.1s, distance = 4.3 m
For t = 3.36s, distance = 40.09 m
Now, determine the falling distance for t = 1.25s given d = 0.5*g*t^2.",5.55
f7828fc1,"In Alice's Wonderland, a secret set of transformation rules is applied to equations. Below are a few examples:
&/*`> = ]^&>
{$-/& = @@
]{+]{ = ]{]{
""@-""$ = `
Now, determine the result for: $""*{/","@${"""
f79f80f8,"In Alice's Wonderland, numbers are secretly converted into a different numeral system. Some examples are given below:
52 -> LII
86 -> LXXXVI
84 -> LXXXIV
48 -> XLVIII
Now, write the number 92 in the Wonderland numeral system.",XCII
f7d26b8d,"In Alice's Wonderland, a secret set of transformation rules is applied to equations. Below are a few examples:
%[-]% = }\
\}-%` = -\}
/[+}[ = [`@
``*$] = /$\]
$}*}\ = $[/@
Now, determine the result for: [}-}\",/@
f7d53288,"In Alice's Wonderland, numbers are secretly converted into a different numeral system. Some examples are given below:
1 -> I
2 -> II
45 -> XLV
80 -> LXXX
Now, write the number 82 in the Wonderland numeral system.",LXXXII
f7e8ca63,"In Alice's Wonderland, a secret set of transformation rules is applied to equations. Below are a few examples:
[}+[! = !^
{{<%{ = <!^
{>+&% = [[&
`[+{} = ??
>{<[} = <!%
Now, determine the result for: ?{*{}",>}{`
f80d2e10,"In Alice's Wonderland, a secret set of transformation rules is applied to equations. Below are a few examples:
@^?@"" = ])'{
@&?]@ = )""{
""&`^' = ]{&
&"":]' = #""
Now, determine the result for: &)?^{",{)^]
f82a6f1c,"In Alice's Wonderland, numbers are secretly converted into a different numeral system. Some examples are given below:
58 -> LVIII
95 -> XCV
85 -> LXXXV
55 -> LV
Now, write the number 85 in the Wonderland numeral system.",LXXXV
f82aaac4,"In Alice's Wonderland, numbers are secretly converted into a different numeral system. Some examples are given below:
55 -> LV
16 -> XVI
53 -> LIII
Now, write the number 27 in the Wonderland numeral system.",XXVII
f83ff670,"In Alice's Wonderland, the gravitational constant has been secretly changed. Here are some example observations:
For t = 2.62s, distance = 51.1 m
For t = 3.96s, distance = 116.73 m
For t = 1.55s, distance = 17.88 m
Now, determine the falling distance for t = 4.18s given d = 0.5*g*t^2.",130.06
f860e46e,"In Alice's Wonderland, numbers are secretly converted into a different numeral system. Some examples are given below:
16 -> XVI
88 -> LXXXVIII
68 -> LXVIII
55 -> LV
Now, write the number 14 in the Wonderland numeral system.",XIV
f8731f21,"In Alice's Wonderland, a secret set of transformation rules is applied to equations. Below are a few examples:
[[+]$ = +<@
^)>@{ = ]^^?
{^+^{ = ?
)$'{? = ??
@$>/) = ^@]<
Now, determine the result for: {^>[$",<)$<
f886b9af,"In Alice's Wonderland, numbers are secretly converted into a different numeral system. Some examples are given below:
47 -> XLVII
19 -> XIX
20 -> XX
Now, write the number 73 in the Wonderland numeral system.",LXXIII
f8bd40c0,"In Alice's Wonderland, a secret unit conversion is applied to measurements. For example:
5.03 m becomes 7.90
18.53 m becomes 29.10
34.74 m becomes 54.55
49.08 m becomes 77.07
Now, convert the following measurement: 34.86 m",54.74
f8f4c3b4,"In Alice's Wonderland, a secret bit manipulation rule transforms 8-bit binary numbers. The transformation involves operations like bit shifts, rotations, XOR, AND, OR, NOT, and possibly majority or choice functions.

Here are some examples of input -> output:
00100111 -> 11000100
00000111 -> 11000000
10110001 -> 01010110
00001101 -> 01000001
10001011 -> 11010001
01111001 -> 01001111
10110101 -> 01010110

Now, determine the output for: 01101010",10001101
f901d1cc,"In Alice's Wonderland, a secret set of transformation rules is applied to equations. Below are a few examples:
<[+}& = `[<
""[*%' = &%&'
#[-<& = )#
Now, determine the result for: &#-""`",-<)
f9103e02,"In Alice's Wonderland, a secret unit conversion is applied to measurements. For example:
24.95 m becomes 40.30
33.93 m becomes 54.80
16.67 m becomes 26.92
34.09 m becomes 55.06
Now, convert the following measurement: 32.52 m",52.52
f9205e80,"In Alice's Wonderland, numbers are secretly converted into a different numeral system. Some examples are given below:
73 -> LXXIII
83 -> LXXXIII
63 -> LXIII
27 -> XXVII
89 -> LXXXIX
Now, write the number 33 in the Wonderland numeral system.",XXXIII
f94d250a,"In Alice's Wonderland, the gravitational constant has been secretly changed. Here are some example observations:
For t = 4.23s, distance = 73.7 m
For t = 4.52s, distance = 84.15 m
For t = 1.66s, distance = 11.35 m
Now, determine the falling distance for t = 1.81s given d = 0.5*g*t^2.",13.49
f964eb0e,"In Alice's Wonderland, numbers are secretly converted into a different numeral system. Some examples are given below:
12 -> XII
43 -> XLIII
30 -> XXX
95 -> XCV
29 -> XXIX
Now, write the number 23 in the Wonderland numeral system.",XXIII
f971f8dd,"In Alice's Wonderland, a secret set of transformation rules is applied to equations. Below are a few examples:
71]54 = 567
32""79 = 5
62""77 = 52
Now, determine the result for: 88:34",131
f9799a68,"In Alice's Wonderland, a secret set of transformation rules is applied to equations. Below are a few examples:
/&+`& = `&/&
|`+`| = `||`
?&+[` = [`?&
`[-|$ = &?
Now, determine the result for: :^*?\",&:/?
f97bfcd3,"In Alice's Wonderland, numbers are secretly converted into a different numeral system. Some examples are given below:
15 -> XV
10 -> X
10 -> X
21 -> XXI
Now, write the number 85 in the Wonderland numeral system.",LXXXV
f98554f8,"In Alice's Wonderland, a secret unit conversion is applied to measurements. For example:
40.26 m becomes 41.32
9.58 m becomes 9.83
26.33 m becomes 27.02
7.35 m becomes 7.54
Now, convert the following measurement: 42.46 m",43.58
f987326d,"In Alice's Wonderland, the gravitational constant has been secretly changed. Here are some example observations:
For t = 1.14s, distance = 3.85 m
For t = 1.73s, distance = 8.87 m
For t = 4.24s, distance = 53.3 m
For t = 4.46s, distance = 58.97 m
For t = 4.94s, distance = 72.35 m
Now, determine the falling distance for t = 3.72s given d = 0.5*g*t^2.",41.03
f9a33aa1,"In Alice's Wonderland, a secret set of transformation rules is applied to equations. Below are a few examples:
(}\@@ = %(`}
}}'%% = '((
&}\$` = }#$#
%/'&( = '}/
Now, determine the result for: @(\$/",/((`
f9a40426,"In Alice's Wonderland, numbers are secretly converted into a different numeral system. Some examples are given below:
73 -> LXXIII
89 -> LXXXIX
78 -> LXXVIII
80 -> LXXX
Now, write the number 42 in the Wonderland numeral system.",XLII
f9bd3119,"In Alice's Wonderland, a secret set of transformation rules is applied to equations. Below are a few examples:
91*42 = 34
93|17 = 9672
11|02 = 022
86*59 = 361
01*96 = 97
Now, determine the result for: 53)73",)2
f9c104fa,"In Alice's Wonderland, a secret unit conversion is applied to measurements. For example:
14.89 m becomes 21.91
9.37 m becomes 13.79
5.73 m becomes 8.43
26.82 m becomes 39.46
Now, convert the following measurement: 23.28 m",34.25
f9e27693,"In Alice's Wonderland, numbers are secretly converted into a different numeral system. Some examples are given below:
8 -> VIII
33 -> XXXIII
24 -> XXIV
28 -> XXVIII
36 -> XXXVI
Now, write the number 15 in the Wonderland numeral system.",XV
f9e5dc75,"In Alice's Wonderland, a secret unit conversion is applied to measurements. For example:
15.05 m becomes 9.67
21.43 m becomes 13.77
9.37 m becomes 6.02
10.05 m becomes 6.46
43.7 m becomes 28.07
Now, convert the following measurement: 40.91 m",26.28
fa106ea3,"In Alice's Wonderland, the gravitational constant has been secretly changed. Here are some example observations:
For t = 3.27s, distance = 54.11 m
For t = 1.14s, distance = 6.58 m
For t = 1.03s, distance = 5.37 m
Now, determine the falling distance for t = 4.87s given d = 0.5*g*t^2.",120.02
fa35a971,"In Alice's Wonderland, a secret unit conversion is applied to measurements. For example:
46.94 m becomes 79.94
40.81 m becomes 69.50
38.98 m becomes 66.39
38.3 m becomes 65.23
25.91 m becomes 44.13
Now, convert the following measurement: 32.73 m",55.74
fa3cd146,"In Alice's Wonderland, a secret bit manipulation rule transforms 8-bit binary numbers. The transformation involves operations like bit shifts, rotations, XOR, AND, OR, NOT, and possibly majority or choice functions.

Here are some examples of input -> output:
10100011 -> 10010111
01111011 -> 10111001
00110100 -> 11010110
11000011 -> 01011101
10000011 -> 11010001
10011001 -> 01000111
11010100 -> 00010010
10100110 -> 11011101

Now, determine the output for: 00111000",00001111
fa4d703a,"In Alice's Wonderland, a secret set of transformation rules is applied to equations. Below are a few examples:
{)/"") = &?&
@"":@[ = :<>
>{/[@ = ""<&
Now, determine the result for: ^)-))","^^"""""
fa5dfa46,"In Alice's Wonderland, a secret set of transformation rules is applied to equations. Below are a few examples:
$<*&@ = &$@\
\}->@ = -!$
}>+@< = !}}
\@*@@ = &<>$
Now, determine the result for: }^-`}",-^}
fa6705d0,"In Alice's Wonderland, numbers are secretly converted into a different numeral system. Some examples are given below:
17 -> XVII
97 -> XCVII
8 -> VIII
96 -> XCVI
Now, write the number 67 in the Wonderland numeral system.",LXVII
fa6f754d,"In Alice's Wonderland, a secret bit manipulation rule transforms 8-bit binary numbers. The transformation involves operations like bit shifts, rotations, XOR, AND, OR, NOT, and possibly majority or choice functions.

Here are some examples of input -> output:
11101101 -> 11110110
10000101 -> 01010000
11000011 -> 00100100
11010111 -> 01101101
11110010 -> 00111111
01010010 -> 00100101
00100001 -> 00010010
10100100 -> 01001010
10111001 -> 01011011

Now, determine the output for: 10001111",11000000
fa714b83,"In Alice's Wonderland, a secret set of transformation rules is applied to equations. Below are a few examples:
<^@%{ = $'
${@^{ = <<
>#)/# = >'/<
%'?($ = ^
#/?<< = '>
Now, determine the result for: ^{?#{",/
fa75d325,"In Alice's Wonderland, numbers are secretly converted into a different numeral system. Some examples are given below:
13 -> XIII
27 -> XXVII
31 -> XXXI
81 -> LXXXI
Now, write the number 84 in the Wonderland numeral system.",LXXXIV
fa995fce,"In Alice's Wonderland, numbers are secretly converted into a different numeral system. Some examples are given below:
80 -> LXXX
61 -> LXI
19 -> XIX
75 -> LXXV
Now, write the number 4 in the Wonderland numeral system.",IV
fab9831d,"In Alice's Wonderland, the gravitational constant has been secretly changed. Here are some example observations:
For t = 1.77s, distance = 25.03 m
For t = 3.69s, distance = 108.79 m
For t = 4.71s, distance = 177.25 m
For t = 1.23s, distance = 12.09 m
For t = 4.11s, distance = 134.97 m
Now, determine the falling distance for t = 4.77s given d = 0.5*g*t^2.",181.79
fac94c9f,"In Alice's Wonderland, numbers are secretly converted into a different numeral system. Some examples are given below:
56 -> LVI
23 -> XXIII
14 -> XIV
Now, write the number 21 in the Wonderland numeral system.",XXI
fae0c63b,"In Alice's Wonderland, numbers are secretly converted into a different numeral system. Some examples are given below:
38 -> XXXVIII
87 -> LXXXVII
21 -> XXI
Now, write the number 87 in the Wonderland numeral system.",LXXXVII
fae3ee40,"In Alice's Wonderland, a secret set of transformation rules is applied to equations. Below are a few examples:
'?*</ = |&?
<&*<| = |?#
'|:$' = #/#'
Now, determine the result for: <#*&|",{$
faf1121c,"In Alice's Wonderland, a secret set of transformation rules is applied to equations. Below are a few examples:
)(*@% = )""}[
""`-)` = -)\
(}*%[ = ""()""
(@+() = %@
Now, determine the result for: "")+@[",))[
faf60df9,"In Alice's Wonderland, a secret unit conversion is applied to measurements. For example:
45.85 m becomes 60.45
12.81 m becomes 16.89
42.47 m becomes 55.99
20.06 m becomes 26.45
Now, convert the following measurement: 17.65 m",23.27
fafe9174,"In Alice's Wonderland, numbers are secretly converted into a different numeral system. Some examples are given below:
92 -> XCII
9 -> IX
82 -> LXXXII
46 -> XLVI
Now, write the number 15 in the Wonderland numeral system.",XV
fb0b10be,"In Alice's Wonderland, the gravitational constant has been secretly changed. Here are some example observations:
For t = 3.57s, distance = 89.98 m
For t = 2.15s, distance = 32.63 m
For t = 1.91s, distance = 25.75 m
For t = 3.87s, distance = 105.73 m
Now, determine the falling distance for t = 3.82s given d = 0.5*g*t^2.",103.02
fb23edcb,"In Alice's Wonderland, numbers are secretly converted into a different numeral system. Some examples are given below:
7 -> VII
37 -> XXXVII
15 -> XV
66 -> LXVI
62 -> LXII
Now, write the number 69 in the Wonderland numeral system.",LXIX
fb37f51d,"In Alice's Wonderland, the gravitational constant has been secretly changed. Here are some example observations:
For t = 3.29s, distance = 63.5 m
For t = 3.28s, distance = 63.11 m
For t = 2.86s, distance = 47.99 m
For t = 2.67s, distance = 41.82 m
For t = 3.88s, distance = 88.32 m
Now, determine the falling distance for t = 3.04s given d = 0.5*g*t^2.",54.22
fb3f7b77,"In Alice's Wonderland, a secret set of transformation rules is applied to equations. Below are a few examples:
83+84 = 78
34-39 = -05
96+63 = 601
Now, determine the result for: 46-83",62
fb440865,"In Alice's Wonderland, a secret set of transformation rules is applied to equations. Below are a few examples:
>\!^@ = """"
^\(@\ = `
&<(\) = )^
""""!>@ = &<
^@!\^ = {\
Now, determine the result for: {`(<{",@@
fb4bc935,"In Alice's Wonderland, a secret set of transformation rules is applied to equations. Below are a few examples:
69*47 = 4017
28+26 = 341
14+39 = 331
45+56 = 811
Now, determine the result for: 64-25",-6
fb623471,"In Alice's Wonderland, a secret set of transformation rules is applied to equations. Below are a few examples:
84*57 = 1063
67-37 = 3
77*65 = 3134
Now, determine the result for: 08-29",-21
fb81a733,"In Alice's Wonderland, the gravitational constant has been secretly changed. Here are some example observations:
For t = 3.11s, distance = 32.4 m
For t = 2.33s, distance = 18.18 m
For t = 3.93s, distance = 51.73 m
For t = 2.23s, distance = 16.66 m
Now, determine the falling distance for t = 2.82s given d = 0.5*g*t^2.",26.64
fb8d5804,"In Alice's Wonderland, numbers are secretly converted into a different numeral system. Some examples are given below:
11 -> XI
28 -> XXVIII
88 -> LXXXVIII
70 -> LXX
42 -> XLII
Now, write the number 82 in the Wonderland numeral system.",LXXXII
fba40625,"In Alice's Wonderland, a secret set of transformation rules is applied to equations. Below are a few examples:
?>/)] = ?>)]
#?'{% = {?
>{'#^ = '&&
>>`#] = {#?>
Now, determine the result for: {>'?#",'>&
fba8ec2d,"In Alice's Wonderland, a secret unit conversion is applied to measurements. For example:
45.17 m becomes 89.43
41.05 m becomes 81.28
24.68 m becomes 48.86
28.41 m becomes 56.25
16.28 m becomes 32.23
Now, convert the following measurement: 22.83 m",45.20
fbc5dfbf,"In Alice's Wonderland, numbers are secretly converted into a different numeral system. Some examples are given below:
74 -> LXXIV
63 -> LXIII
92 -> XCII
Now, write the number 9 in the Wonderland numeral system.",IX
fbd5fe63,"In Alice's Wonderland, a secret set of transformation rules is applied to equations. Below are a few examples:
{>+{> = ^<
!^-{[ = -$!
`\+{` = $>""
$^-<> = -^\
Now, determine the result for: {""+^\",$[>
fbdc95f2,"In Alice's Wonderland, numbers are secretly converted into a different numeral system. Some examples are given below:
26 -> XXVI
27 -> XXVII
32 -> XXXII
81 -> LXXXI
65 -> LXV
Now, write the number 38 in the Wonderland numeral system.",XXXVIII
fc027060,"In Alice's Wonderland, a secret unit conversion is applied to measurements. For example:
47.74 m becomes 91.57
10.99 m becomes 21.08
34.71 m becomes 66.58
Now, convert the following measurement: 7.53 m",14.44
fc115718,"In Alice's Wonderland, the gravitational constant has been secretly changed. Here are some example observations:
For t = 1.68s, distance = 13.35 m
For t = 3.08s, distance = 44.88 m
For t = 4.24s, distance = 85.05 m
Now, determine the falling distance for t = 2.56s given d = 0.5*g*t^2.",31.0
fc137acd,"In Alice's Wonderland, a secret set of transformation rules is applied to equations. Below are a few examples:
^[+[{ = ^[[{
)<*^< = $|))
^|-`` = #^
Now, determine the result for: )#*[`",^^{>
fc2b2fc9,"In Alice's Wonderland, a secret set of transformation rules is applied to equations. Below are a few examples:
&&"":? = ?%
:#)/$ = &&%#
<$""@& = ?`
Now, determine the result for: %<""<$",@:@
fc3982df,"In Alice's Wonderland, a secret set of transformation rules is applied to equations. Below are a few examples:
^:+#[ = ""#
#:-(\ = -[:
""/+)> = """"
:\-^\ = ->
\""+:: = ""[>
Now, determine the result for: [""*#\","#\["""
fc759a1a,"In Alice's Wonderland, a secret set of transformation rules is applied to equations. Below are a few examples:
20'20 = 0
57'12 = 45
49^50 = 99
37)48 = 3748
86'51 = 35
Now, determine the result for: 48^79",127
fc7e4f9b,"In Alice's Wonderland, a secret set of transformation rules is applied to equations. Below are a few examples:
^&-)$ = <<
&{+#| = <<<
<#+?& = $@
&<*^| = &<^|
<|*#< = <|#<
Now, determine the result for: $#-)^",?<
fc7e53c7,"In Alice's Wonderland, a secret set of transformation rules is applied to equations. Below are a few examples:
03+99 = 9903
12-64 = -52
28-88 = -6
Now, determine the result for: 77-35",42
fc9318d6,"In Alice's Wonderland, the gravitational constant has been secretly changed. Here are some example observations:
For t = 2.81s, distance = 23.22 m
For t = 2.09s, distance = 12.84 m
For t = 2.78s, distance = 22.72 m
Now, determine the falling distance for t = 2.84s given d = 0.5*g*t^2.",23.71
fca76459,"In Alice's Wonderland, the gravitational constant has been secretly changed. Here are some example observations:
For t = 4.22s, distance = 126.83 m
For t = 4.07s, distance = 117.97 m
For t = 2.7s, distance = 51.92 m
Now, determine the falling distance for t = 1.58s given d = 0.5*g*t^2.",17.78
fcad9241,"In Alice's Wonderland, a secret set of transformation rules is applied to equations. Below are a few examples:
/&(/| = //'
/]""&} = }?
$^(?' = $/?&
'^*>> = }/
Now, determine the result for: /'""/'",}?
fcbb35e3,"In Alice's Wonderland, a secret bit manipulation rule transforms 8-bit binary numbers. The transformation involves operations like bit shifts, rotations, XOR, AND, OR, NOT, and possibly majority or choice functions.

Here are some examples of input -> output:
10001010 -> 10100111
10000100 -> 11101101
01001100 -> 10111111
01010111 -> 00001111
10111010 -> 11101111
00110100 -> 10001111
11111010 -> 11111110
11101010 -> 00111110
00001111 -> 10111011
00110011 -> 10100111

Now, determine the output for: 10110100",10101101
fcbc2935,"In Alice's Wonderland, a secret unit conversion is applied to measurements. For example:
27.67 m becomes 27.66
26.33 m becomes 26.32
35.18 m becomes 35.17
26.63 m becomes 26.62
45.57 m becomes 45.56
Now, convert the following measurement: 18.92 m",18.91
fce40924,"In Alice's Wonderland, numbers are secretly converted into a different numeral system. Some examples are given below:
4 -> IV
54 -> LIV
14 -> XIV
18 -> XVIII
48 -> XLVIII
Now, write the number 66 in the Wonderland numeral system.",LXVI
fd0d1430,"In Alice's Wonderland, the gravitational constant has been secretly changed. Here are some example observations:
For t = 2.88s, distance = 60.93 m
For t = 1.82s, distance = 24.33 m
For t = 3.12s, distance = 71.51 m
For t = 2.29s, distance = 38.52 m
For t = 2.1s, distance = 32.39 m
Now, determine the falling distance for t = 4.21s given d = 0.5*g*t^2.",130.2
fd1b59f7,"In Alice's Wonderland, a secret unit conversion is applied to measurements. For example:
12.29 m becomes 23.97
49.66 m becomes 96.86
43.36 m becomes 84.57
Now, convert the following measurement: 48.31 m",94.23
fd1c8f66,"In Alice's Wonderland, a secret set of transformation rules is applied to equations. Below are a few examples:
""}*]' = /{'@
/}-]"" = -}]
]{-{"" = }/
{}-{] = -/
Now, determine the result for: '>-@@",-}@
fd37b70f,"In Alice's Wonderland, numbers are secretly converted into a different numeral system. Some examples are given below:
67 -> LXVII
45 -> XLV
71 -> LXXI
85 -> LXXXV
35 -> XXXV
Now, write the number 97 in the Wonderland numeral system.",XCVII
fd40e54e,"In Alice's Wonderland, a secret unit conversion is applied to measurements. For example:
32.43 m becomes 39.93
26.26 m becomes 32.33
16.5 m becomes 20.32
38.18 m becomes 47.01
5.43 m becomes 6.69
Now, convert the following measurement: 28.22 m",34.75
fd4a7808,"In Alice's Wonderland, numbers are secretly converted into a different numeral system. Some examples are given below:
49 -> XLIX
76 -> LXXVI
69 -> LXIX
77 -> LXXVII
Now, write the number 40 in the Wonderland numeral system.",XL
fd560247,"In Alice's Wonderland, the gravitational constant has been secretly changed. Here are some example observations:
For t = 3.46s, distance = 95.62 m
For t = 3.48s, distance = 96.72 m
For t = 1.76s, distance = 24.74 m
For t = 3.93s, distance = 123.36 m
Now, determine the falling distance for t = 1.28s given d = 0.5*g*t^2.",13.09
fd6eab47,"In Alice's Wonderland, the gravitational constant has been secretly changed. Here are some example observations:
For t = 2.03s, distance = 38.61 m
For t = 2.68s, distance = 67.29 m
For t = 4.2s, distance = 165.26 m
For t = 2.94s, distance = 80.98 m
Now, determine the falling distance for t = 4.49s given d = 0.5*g*t^2.",188.87
fd724227,"In Alice's Wonderland, the gravitational constant has been secretly changed. Here are some example observations:
For t = 3.69s, distance = 77.44 m
For t = 3.54s, distance = 71.27 m
For t = 1.58s, distance = 14.2 m
Now, determine the falling distance for t = 4.91s given d = 0.5*g*t^2.",137.11
fd98d650,"In Alice's Wonderland, numbers are secretly converted into a different numeral system. Some examples are given below:
78 -> LXXVIII
68 -> LXVIII
96 -> XCVI
Now, write the number 42 in the Wonderland numeral system.",XLII
fdada8cd,"In Alice's Wonderland, numbers are secretly converted into a different numeral system. Some examples are given below:
2 -> II
7 -> VII
3 -> III
Now, write the number 23 in the Wonderland numeral system.",XXIII
fdbdf50c,"In Alice's Wonderland, a secret set of transformation rules is applied to equations. Below are a few examples:
%?-)\ = ^]
??-?? = %
<^}""| = ?<
]^(?] = ""'<
)'-?"" = ^|
Now, determine the result for: |\-?|","-\"""
fdd9ff2b,"In Alice's Wonderland, a secret set of transformation rules is applied to equations. Below are a few examples:
24-99 = 51
97-87 = 1
02-73 = 71
Now, determine the result for: 21*44",825
fe35c8c6,"In Alice's Wonderland, numbers are secretly converted into a different numeral system. Some examples are given below:
4 -> IV
25 -> XXV
13 -> XIII
Now, write the number 66 in the Wonderland numeral system.",LXVI
fe6da79d,"In Alice's Wonderland, a secret set of transformation rules is applied to equations. Below are a few examples:
\&+:$ = \&:$
$:-}\ = -&}
##*:$ = &{'
\!-}! = -:!
}&-]& = -'!
Now, determine the result for: {}*'!",:&]!
fe74312a,"In Alice's Wonderland, numbers are secretly converted into a different numeral system. Some examples are given below:
73 -> LXXIII
100 -> C
67 -> LXVII
Now, write the number 90 in the Wonderland numeral system.",XC
fe864eb7,"In Alice's Wonderland, numbers are secretly converted into a different numeral system. Some examples are given below:
37 -> XXXVII
71 -> LXXI
5 -> V
61 -> LXI
Now, write the number 26 in the Wonderland numeral system.",XXVI
fe9ca47a,"In Alice's Wonderland, numbers are secretly converted into a different numeral system. Some examples are given below:
2 -> II
32 -> XXXII
32 -> XXXII
87 -> LXXXVII
Now, write the number 98 in the Wonderland numeral system.",XCVIII
fed1b3e5,"In Alice's Wonderland, the gravitational constant has been secretly changed. Here are some example observations:
For t = 4.78s, distance = 193.99 m
For t = 1.34s, distance = 15.25 m
For t = 1.75s, distance = 26.0 m
Now, determine the falling distance for t = 3.17s given d = 0.5*g*t^2.",85.32
fee15cc5,"In Alice's Wonderland, numbers are secretly converted into a different numeral system. Some examples are given below:
91 -> XCI
77 -> LXXVII
64 -> LXIV
36 -> XXXVI
51 -> LI
Now, write the number 3 in the Wonderland numeral system.",III
fee5976e,"In Alice's Wonderland, a secret bit manipulation rule transforms 8-bit binary numbers. The transformation involves operations like bit shifts, rotations, XOR, AND, OR, NOT, and possibly majority or choice functions.

Here are some examples of input -> output:
01101101 -> 01011011
01011100 -> 00010111
11000110 -> 10110001
01100111 -> 11011001
01011111 -> 11010111
00000111 -> 11000001
00011111 -> 11000111

Now, determine the output for: 10000011",11100001
fee8805e,"In Alice's Wonderland, numbers are secretly converted into a different numeral system. Some examples are given below:
3 -> III
59 -> LIX
40 -> XL
Now, write the number 17 in the Wonderland numeral system.",XVII
fef8ce80,"In Alice's Wonderland, the gravitational constant has been secretly changed. Here are some example observations:
For t = 2.38s, distance = 41.67 m
For t = 4.92s, distance = 178.09 m
For t = 1.49s, distance = 16.33 m
For t = 3.0s, distance = 66.21 m
For t = 4.14s, distance = 126.1 m
Now, determine the falling distance for t = 2.81s given d = 0.5*g*t^2.",58.09
ff121f08,"In Alice's Wonderland, a secret set of transformation rules is applied to equations. Below are a few examples:
%`+^< = +<%
#!(!< = %#@
`^(%^ = %[`>
#^\!! = /#
`>\`` = #^`
Now, determine the result for: !%+<<",#<
ff148329,"In Alice's Wonderland, a secret unit conversion is applied to measurements. For example:
49.47 m becomes 26.21
21.04 m becomes 11.15
45.1 m becomes 23.90
48.51 m becomes 25.71
26.32 m becomes 13.95
Now, convert the following measurement: 46.15 m",24.46
ff232b96,"In Alice's Wonderland, the gravitational constant has been secretly changed. Here are some example observations:
For t = 4.06s, distance = 80.54 m
For t = 1.41s, distance = 9.71 m
For t = 3.48s, distance = 59.18 m
Now, determine the falling distance for t = 4.85s given d = 0.5*g*t^2.",114.94
ff5cb472,"In Alice's Wonderland, numbers are secretly converted into a different numeral system. Some examples are given below:
64 -> LXIV
86 -> LXXXVI
41 -> XLI
94 -> XCIV
52 -> LII
Now, write the number 5 in the Wonderland numeral system.",V
ff5f4ff2,"In Alice's Wonderland, numbers are secretly converted into a different numeral system. Some examples are given below:
17 -> XVII
22 -> XXII
30 -> XXX
35 -> XXXV
70 -> LXX
Now, write the number 51 in the Wonderland numeral system.",LI
ff650fc3,"In Alice's Wonderland, numbers are secretly converted into a different numeral system. Some examples are given below:
59 -> LIX
44 -> XLIV
95 -> XCV
62 -> LXII
Now, write the number 36 in the Wonderland numeral system.",XXXVI
ff85238e,"In Alice's Wonderland, the gravitational constant has been secretly changed. Here are some example observations:
For t = 3.76s, distance = 99.57 m
For t = 4.52s, distance = 143.9 m
For t = 3.88s, distance = 106.03 m
For t = 4.86s, distance = 166.36 m
Now, determine the falling distance for t = 2.86s given d = 0.5*g*t^2.",57.61
ff86cd34,"In Alice's Wonderland, a secret set of transformation rules is applied to equations. Below are a few examples:
}'+[& = ))(
'(*]) = ][((
]|+}} = }&
^^*]' = ]}'&
>>-(} = }(
Now, determine the result for: &(*^)",)|((
ff90228b,"In Alice's Wonderland, the gravitational constant has been secretly changed. Here are some example observations:
For t = 4.69s, distance = 77.1 m
For t = 4.27s, distance = 63.91 m
For t = 3.28s, distance = 37.71 m
For t = 3.03s, distance = 32.18 m
Now, determine the falling distance for t = 3.04s given d = 0.5*g*t^2.",32.39
ffa81415,"In Alice's Wonderland, a secret unit conversion is applied to measurements. For example:
9.94 m becomes 7.55
12.17 m becomes 9.25
18.53 m becomes 14.08
Now, convert the following measurement: 24.39 m",18.53
ffaf05c5,"In Alice's Wonderland, numbers are secretly converted into a different numeral system. Some examples are given below:
52 -> LII
14 -> XIV
65 -> LXV
Now, write the number 48 in the Wonderland numeral system.",XLVIII
ffb06ece,"In Alice's Wonderland, a secret unit conversion is applied to measurements. For example:
5.56 m becomes 10.89
23.45 m becomes 45.92
21.78 m becomes 42.65
10.72 m becomes 20.99
20.84 m becomes 40.81
Now, convert the following measurement: 9.43 m",18.47
